effect,group,term,estimate,std.error,statistic,df,p.value
fixed,NA,(Intercept),813.456,15.327,53.072,102.34,0
fixed,NA,X_i,37.515,24.572,1.527,51.039,0.133
ran_pars,subj_id,sd__(Intercept),94.239,NA,NA,NA,NA
ran_pars,subj_id,cor__(Intercept).X_i,0.051,NA,NA,NA,NA
ran_pars,subj_id,sd__X_i,43.963,NA,NA,NA,NA
ran_pars,item_id,sd__(Intercept),83.127,NA,NA,NA,NA
ran_pars,Residual,sd__Observation,198.962,NA,NA,NA,NA
fixed,NA,(Intercept),778.822,15.49,50.279,118.39,0
fixed,NA,X_i,15.802,22.93,0.689,50.674,0.494
ran_pars,subj_id,sd__(Intercept),105.969,NA,NA,NA,NA
ran_pars,subj_id,cor__(Intercept).X_i,0.019,NA,NA,NA,NA
ran_pars,subj_id,sd__X_i,38.953,NA,NA,NA,NA
ran_pars,item_id,sd__(Intercept),77.26,NA,NA,NA,NA
ran_pars,Residual,sd__Observation,203.333,NA,NA,NA,NA
fixed,NA,(Intercept),800.531,13.864,57.74,127.98,0
fixed,NA,X_i,10.568,18.836,0.561,48.229,0.577
ran_pars,subj_id,sd__(Intercept),101.943,NA,NA,NA,NA
ran_pars,subj_id,cor__(Intercept).X_i,0.916,NA,NA,NA,NA
ran_pars,subj_id,sd__X_i,12.629,NA,NA,NA,NA
ran_pars,item_id,sd__(Intercept),63.409,NA,NA,NA,NA
ran_pars,Residual,sd__Observation,198.574,NA,NA,NA,NA
fixed,NA,(Intercept),747.82,14.682,50.935,106.364,0
fixed,NA,X_i,65.849,22.953,2.869,49.921,0.006
ran_pars,subj_id,sd__(Intercept),93.076,NA,NA,NA,NA
ran_pars,subj_id,cor__(Intercept).X_i,0.127,NA,NA,NA,NA
ran_pars,subj_id,sd__X_i,33.35,NA,NA,NA,NA
ran_pars,item_id,sd__(Intercept),77.743,NA,NA,NA,NA
ran_pars,Residual,sd__Observation,200.625,NA,NA,NA,NA
fixed,NA,(Intercept),797.72,15.833,50.383,112.488,0
fixed,NA,X_i,26.269,24.26,1.083,51.141,0.284
ran_pars,subj_id,sd__(Intercept),104.126,NA,NA,NA,NA
ran_pars,subj_id,cor__(Intercept).X_i,-0.112,NA,NA,NA,NA
ran_pars,subj_id,sd__X_i,44.174,NA,NA,NA,NA
ran_pars,item_id,sd__(Intercept),81.92,NA,NA,NA,NA
ran_pars,Residual,sd__Observation,200.56,NA,NA,NA,NA
fixed,NA,(Intercept),802.311,16.895,47.488,105.125,0
fixed,NA,X_i,45.989,26.72,1.721,50.406,0.091
ran_pars,subj_id,sd__(Intercept),105.594,NA,NA,NA,NA
ran_pars,subj_id,cor__(Intercept).X_i,0.251,NA,NA,NA,NA
ran_pars,subj_id,sd__X_i,42.63,NA,NA,NA,NA
ran_pars,item_id,sd__(Intercept),91.038,NA,NA,NA,NA
ran_pars,Residual,sd__Observation,202.251,NA,NA,NA,NA
fixed,NA,(Intercept),794.147,15.366,51.682,110.877,0
fixed,NA,X_i,36.945,23.593,1.566,50.166,0.124
ran_pars,subj_id,sd__(Intercept),100.109,NA,NA,NA,NA
ran_pars,subj_id,cor__(Intercept).X_i,0.355,NA,NA,NA,NA
ran_pars,subj_id,sd__X_i,36.133,NA,NA,NA,NA
ran_pars,item_id,sd__(Intercept),80.007,NA,NA,NA,NA
ran_pars,Residual,sd__Observation,198.458,NA,NA,NA,NA
fixed,NA,(Intercept),787.026,15.461,50.905,96.368,0
fixed,NA,X_i,56.438,25.532,2.21,51.896,0.032
ran_pars,subj_id,sd__(Intercept),90.901,NA,NA,NA,NA
ran_pars,subj_id,cor__(Intercept).X_i,0.285,NA,NA,NA,NA
ran_pars,subj_id,sd__X_i,51.276,NA,NA,NA,NA
ran_pars,item_id,sd__(Intercept),86.092,NA,NA,NA,NA
ran_pars,Residual,sd__Observation,202.077,NA,NA,NA,NA
fixed,NA,(Intercept),790.785,15.08,52.439,96.144,0
fixed,NA,X_i,78.891,24.672,3.198,49.935,0.002
ran_pars,subj_id,sd__(Intercept),88.553,NA,NA,NA,NA
ran_pars,subj_id,cor__(Intercept).X_i,0.043,NA,NA,NA,NA
ran_pars,subj_id,sd__X_i,35.675,NA,NA,NA,NA
ran_pars,item_id,sd__(Intercept),83.97,NA,NA,NA,NA
ran_pars,Residual,sd__Observation,199.732,NA,NA,NA,NA
fixed,NA,(Intercept),812.418,15.146,53.639,102.473,0
fixed,NA,X_i,64.547,24.172,2.67,50.387,0.01
ran_pars,subj_id,sd__(Intercept),93.314,NA,NA,NA,NA
ran_pars,subj_id,cor__(Intercept).X_i,0.143,NA,NA,NA,NA
ran_pars,subj_id,sd__X_i,38.682,NA,NA,NA,NA
ran_pars,item_id,sd__(Intercept),81.918,NA,NA,NA,NA
ran_pars,Residual,sd__Observation,201.487,NA,NA,NA,NA
fixed,NA,(Intercept),795.128,14.234,55.86,123.139,0
fixed,NA,X_i,25.187,20.718,1.216,53.667,0.229
ran_pars,subj_id,sd__(Intercept),100.799,NA,NA,NA,NA
ran_pars,subj_id,cor__(Intercept).X_i,0.252,NA,NA,NA,NA
ran_pars,subj_id,sd__X_i,50.194,NA,NA,NA,NA
ran_pars,item_id,sd__(Intercept),68.284,NA,NA,NA,NA
ran_pars,Residual,sd__Observation,196.945,NA,NA,NA,NA
fixed,NA,(Intercept),798.884,16.645,47.997,93.507,0
fixed,NA,X_i,21.145,27.488,0.769,49.34,0.445
ran_pars,subj_id,sd__(Intercept),95.333,NA,NA,NA,NA
ran_pars,subj_id,cor__(Intercept).X_i,0.361,NA,NA,NA,NA
ran_pars,subj_id,sd__X_i,33.083,NA,NA,NA,NA
ran_pars,item_id,sd__(Intercept),94.373,NA,NA,NA,NA
ran_pars,Residual,sd__Observation,200.386,NA,NA,NA,NA
fixed,NA,(Intercept),779.964,15.344,50.831,127.279,0
fixed,NA,X_i,2.282,21.655,0.105,52.361,0.916
ran_pars,subj_id,sd__(Intercept),111.168,NA,NA,NA,NA
ran_pars,subj_id,cor__(Intercept).X_i,0.189,NA,NA,NA,NA
ran_pars,subj_id,sd__X_i,46.344,NA,NA,NA,NA
ran_pars,item_id,sd__(Intercept),72.068,NA,NA,NA,NA
ran_pars,Residual,sd__Observation,199.89,NA,NA,NA,NA
fixed,NA,(Intercept),779.453,14.589,53.426,114.031,0
fixed,NA,X_i,34.407,22.473,1.531,54.293,0.132
ran_pars,subj_id,sd__(Intercept),97.293,NA,NA,NA,NA
ran_pars,subj_id,cor__(Intercept).X_i,0.226,NA,NA,NA,NA
ran_pars,subj_id,sd__X_i,56.803,NA,NA,NA,NA
ran_pars,item_id,sd__(Intercept),74.256,NA,NA,NA,NA
ran_pars,Residual,sd__Observation,198.906,NA,NA,NA,NA
fixed,NA,(Intercept),770.989,17.215,44.786,123.98,0
fixed,NA,X_i,82.107,24.782,3.313,50.327,0.002
ran_pars,subj_id,sd__(Intercept),121.091,NA,NA,NA,NA
ran_pars,subj_id,cor__(Intercept).X_i,0.35,NA,NA,NA,NA
ran_pars,subj_id,sd__X_i,39.084,NA,NA,NA,NA
ran_pars,item_id,sd__(Intercept),84.193,NA,NA,NA,NA
ran_pars,Residual,sd__Observation,199.356,NA,NA,NA,NA
fixed,NA,(Intercept),793.507,14.268,55.613,115.236,0
fixed,NA,X_i,58.453,21.156,2.763,48.405,0.008
ran_pars,subj_id,sd__(Intercept),96.089,NA,NA,NA,NA
ran_pars,subj_id,cor__(Intercept).X_i,-0.066,NA,NA,NA,NA
ran_pars,subj_id,sd__X_i,15.956,NA,NA,NA,NA
ran_pars,item_id,sd__(Intercept),71.833,NA,NA,NA,NA
ran_pars,Residual,sd__Observation,200.696,NA,NA,NA,NA
fixed,NA,(Intercept),795.839,17.024,46.747,106.131,0
fixed,NA,X_i,36.76,26.567,1.384,48.628,0.173
ran_pars,subj_id,sd__(Intercept),107.071,NA,NA,NA,NA
ran_pars,subj_id,cor__(Intercept).X_i,0.489,NA,NA,NA,NA
ran_pars,subj_id,sd__X_i,22.556,NA,NA,NA,NA
ran_pars,item_id,sd__(Intercept),91.412,NA,NA,NA,NA
ran_pars,Residual,sd__Observation,200.784,NA,NA,NA,NA
fixed,NA,(Intercept),803.464,14.192,56.612,98.209,0
fixed,NA,X_i,42.443,22.805,1.861,48.503,0.069
ran_pars,subj_id,sd__(Intercept),84.992,NA,NA,NA,NA
ran_pars,subj_id,cor__(Intercept).X_i,0.436,NA,NA,NA,NA
ran_pars,subj_id,sd__X_i,18.231,NA,NA,NA,NA
ran_pars,item_id,sd__(Intercept),77.767,NA,NA,NA,NA
ran_pars,Residual,sd__Observation,202.923,NA,NA,NA,NA
fixed,NA,(Intercept),798.133,16.594,48.098,111.598,0
fixed,NA,X_i,90.104,25.514,3.532,50.717,0.001
ran_pars,subj_id,sd__(Intercept),108.292,NA,NA,NA,NA
ran_pars,subj_id,cor__(Intercept).X_i,0.237,NA,NA,NA,NA
ran_pars,subj_id,sd__X_i,43.138,NA,NA,NA,NA
ran_pars,item_id,sd__(Intercept),86.583,NA,NA,NA,NA
ran_pars,Residual,sd__Observation,201.892,NA,NA,NA,NA
fixed,NA,(Intercept),818.566,15.419,53.087,94.502,0
fixed,NA,X_i,43.256,25.485,1.697,50.473,0.096
ran_pars,subj_id,sd__(Intercept),89.242,NA,NA,NA,NA
ran_pars,subj_id,cor__(Intercept).X_i,0.129,NA,NA,NA,NA
ran_pars,subj_id,sd__X_i,41.254,NA,NA,NA,NA
ran_pars,item_id,sd__(Intercept),86.68,NA,NA,NA,NA
ran_pars,Residual,sd__Observation,198.076,NA,NA,NA,NA
fixed,NA,(Intercept),803.597,14.213,56.538,119.889,0
fixed,NA,X_i,25.216,20.898,1.207,51.674,0.233
ran_pars,subj_id,sd__(Intercept),98.556,NA,NA,NA,NA
ran_pars,subj_id,cor__(Intercept).X_i,0.34,NA,NA,NA,NA
ran_pars,subj_id,sd__X_i,41.437,NA,NA,NA,NA
ran_pars,item_id,sd__(Intercept),69.675,NA,NA,NA,NA
ran_pars,Residual,sd__Observation,197.413,NA,NA,NA,NA
fixed,NA,(Intercept),800.366,16.357,48.931,105.847,0
fixed,NA,X_i,74.749,25.688,2.91,49.836,0.005
ran_pars,subj_id,sd__(Intercept),102.883,NA,NA,NA,NA
ran_pars,subj_id,cor__(Intercept).X_i,0.27,NA,NA,NA,NA
ran_pars,subj_id,sd__X_i,36.159,NA,NA,NA,NA
ran_pars,item_id,sd__(Intercept),87.588,NA,NA,NA,NA
ran_pars,Residual,sd__Observation,203.314,NA,NA,NA,NA
fixed,NA,(Intercept),792.638,14.754,53.725,122.232,0
fixed,NA,X_i,61.528,21.345,2.883,51.151,0.006
ran_pars,subj_id,sd__(Intercept),103.756,NA,NA,NA,NA
ran_pars,subj_id,cor__(Intercept).X_i,0.507,NA,NA,NA,NA
ran_pars,subj_id,sd__X_i,39.427,NA,NA,NA,NA
ran_pars,item_id,sd__(Intercept),71.369,NA,NA,NA,NA
ran_pars,Residual,sd__Observation,201.796,NA,NA,NA,NA
fixed,NA,(Intercept),799.315,16.228,49.255,121.376,0
fixed,NA,X_i,57.486,23.674,2.428,50.54,0.019
ran_pars,subj_id,sd__(Intercept),112.709,NA,NA,NA,NA
ran_pars,subj_id,cor__(Intercept).X_i,0.063,NA,NA,NA,NA
ran_pars,subj_id,sd__X_i,38.974,NA,NA,NA,NA
ran_pars,item_id,sd__(Intercept),80.076,NA,NA,NA,NA
ran_pars,Residual,sd__Observation,200.923,NA,NA,NA,NA
fixed,NA,(Intercept),799.629,15.958,50.108,117.682,0
fixed,NA,X_i,15.532,23.528,0.66,48.876,0.512
ran_pars,subj_id,sd__(Intercept),108.486,NA,NA,NA,NA
ran_pars,subj_id,cor__(Intercept).X_i,0.162,NA,NA,NA,NA
ran_pars,subj_id,sd__X_i,23.821,NA,NA,NA,NA
ran_pars,item_id,sd__(Intercept),80.23,NA,NA,NA,NA
ran_pars,Residual,sd__Observation,202.919,NA,NA,NA,NA
fixed,NA,(Intercept),793.675,15.351,51.703,99.873,0
fixed,NA,X_i,56.977,24.735,2.304,49.996,0.025
ran_pars,subj_id,sd__(Intercept),92.725,NA,NA,NA,NA
ran_pars,subj_id,cor__(Intercept).X_i,0.198,NA,NA,NA,NA
ran_pars,subj_id,sd__X_i,36.288,NA,NA,NA,NA
ran_pars,item_id,sd__(Intercept),84.14,NA,NA,NA,NA
ran_pars,Residual,sd__Observation,200.876,NA,NA,NA,NA
fixed,NA,(Intercept),797.816,16.797,47.497,88.007,0
fixed,NA,X_i,26.676,28.42,0.939,49.652,0.352
ran_pars,subj_id,sd__(Intercept),91.525,NA,NA,NA,NA
ran_pars,subj_id,cor__(Intercept).X_i,0.112,NA,NA,NA,NA
ran_pars,subj_id,sd__X_i,37.632,NA,NA,NA,NA
ran_pars,item_id,sd__(Intercept),97.616,NA,NA,NA,NA
ran_pars,Residual,sd__Observation,197.54,NA,NA,NA,NA
fixed,NA,(Intercept),805.771,16.113,50.007,86.153,0
fixed,NA,X_i,49.146,27.534,1.785,50.243,0.08
ran_pars,subj_id,sd__(Intercept),86.363,NA,NA,NA,NA
ran_pars,subj_id,cor__(Intercept).X_i,0.181,NA,NA,NA,NA
ran_pars,subj_id,sd__X_i,42.369,NA,NA,NA,NA
ran_pars,item_id,sd__(Intercept),94.061,NA,NA,NA,NA
ran_pars,Residual,sd__Observation,201.167,NA,NA,NA,NA
fixed,NA,(Intercept),800.258,17.86,44.807,93.856,0
fixed,NA,X_i,42.491,29.667,1.432,50.536,0.158
ran_pars,subj_id,sd__(Intercept),102.348,NA,NA,NA,NA
ran_pars,subj_id,cor__(Intercept).X_i,0.122,NA,NA,NA,NA
ran_pars,subj_id,sd__X_i,48.177,NA,NA,NA,NA
ran_pars,item_id,sd__(Intercept),101.599,NA,NA,NA,NA
ran_pars,Residual,sd__Observation,197.294,NA,NA,NA,NA
fixed,NA,(Intercept),796.093,15.492,51.386,108.999,0
fixed,NA,X_i,69.884,23.965,2.916,50.022,0.005
ran_pars,subj_id,sd__(Intercept),99.797,NA,NA,NA,NA
ran_pars,subj_id,cor__(Intercept).X_i,0.234,NA,NA,NA,NA
ran_pars,subj_id,sd__X_i,35.588,NA,NA,NA,NA
ran_pars,item_id,sd__(Intercept),81.263,NA,NA,NA,NA
ran_pars,Residual,sd__Observation,204.276,NA,NA,NA,NA
fixed,NA,(Intercept),791.57,16.193,48.882,89.139,0
fixed,NA,X_i,11.197,27.259,0.411,49.656,0.683
ran_pars,subj_id,sd__(Intercept),89.3,NA,NA,NA,NA
ran_pars,subj_id,cor__(Intercept).X_i,0.318,NA,NA,NA,NA
ran_pars,subj_id,sd__X_i,36.239,NA,NA,NA,NA
ran_pars,item_id,sd__(Intercept),93.408,NA,NA,NA,NA
ran_pars,Residual,sd__Observation,199.807,NA,NA,NA,NA
fixed,NA,(Intercept),806.93,16.701,48.315,93.768,0
fixed,NA,X_i,99.728,27.524,3.623,49.128,0.001
ran_pars,subj_id,sd__(Intercept),95.85,NA,NA,NA,NA
ran_pars,subj_id,cor__(Intercept).X_i,0.368,NA,NA,NA,NA
ran_pars,subj_id,sd__X_i,30.513,NA,NA,NA,NA
ran_pars,item_id,sd__(Intercept),94.623,NA,NA,NA,NA
ran_pars,Residual,sd__Observation,199.862,NA,NA,NA,NA
fixed,NA,(Intercept),781.822,15.845,49.34,102.024,0
fixed,NA,X_i,82.251,25.405,3.238,50.705,0.002
ran_pars,subj_id,sd__(Intercept),97.131,NA,NA,NA,NA
ran_pars,subj_id,cor__(Intercept).X_i,0.525,NA,NA,NA,NA
ran_pars,subj_id,sd__X_i,42.971,NA,NA,NA,NA
ran_pars,item_id,sd__(Intercept),86.194,NA,NA,NA,NA
ran_pars,Residual,sd__Observation,201.814,NA,NA,NA,NA
fixed,NA,(Intercept),803.636,15.403,52.174,112.243,0
fixed,NA,X_i,52.806,23.629,2.235,51.456,0.03
ran_pars,subj_id,sd__(Intercept),101.371,NA,NA,NA,NA
ran_pars,subj_id,cor__(Intercept).X_i,0.14,NA,NA,NA,NA
ran_pars,subj_id,sd__X_i,45.154,NA,NA,NA,NA
ran_pars,item_id,sd__(Intercept),79.426,NA,NA,NA,NA
ran_pars,Residual,sd__Observation,203.983,NA,NA,NA,NA
fixed,NA,(Intercept),803.623,16.745,47.992,102.583,0
fixed,NA,X_i,61.603,26.632,2.313,49.357,0.025
ran_pars,subj_id,sd__(Intercept),102.815,NA,NA,NA,NA
ran_pars,subj_id,cor__(Intercept).X_i,0.326,NA,NA,NA,NA
ran_pars,subj_id,sd__X_i,32.455,NA,NA,NA,NA
ran_pars,item_id,sd__(Intercept),91.3,NA,NA,NA,NA
ran_pars,Residual,sd__Observation,199.595,NA,NA,NA,NA
fixed,NA,(Intercept),779.851,16.474,47.337,108.989,0
fixed,NA,X_i,94.204,25.614,3.678,50.536,0.001
ran_pars,subj_id,sd__(Intercept),105.736,NA,NA,NA,NA
ran_pars,subj_id,cor__(Intercept).X_i,0.086,NA,NA,NA,NA
ran_pars,subj_id,sd__X_i,41.993,NA,NA,NA,NA
ran_pars,item_id,sd__(Intercept),87.047,NA,NA,NA,NA
ran_pars,Residual,sd__Observation,200.799,NA,NA,NA,NA
fixed,NA,(Intercept),821.58,15.138,54.272,133.571,0
fixed,NA,X_i,57.563,19.937,2.887,50.988,0.006
ran_pars,subj_id,sd__(Intercept),115.356,NA,NA,NA,NA
ran_pars,subj_id,cor__(Intercept).X_i,0.208,NA,NA,NA,NA
ran_pars,subj_id,sd__X_i,36.209,NA,NA,NA,NA
ran_pars,item_id,sd__(Intercept),66.404,NA,NA,NA,NA
ran_pars,Residual,sd__Observation,198.81,NA,NA,NA,NA
fixed,NA,(Intercept),788.54,14.828,53.18,108.529,0
fixed,NA,X_i,76.268,23.29,3.275,52.677,0.002
ran_pars,subj_id,sd__(Intercept),95.293,NA,NA,NA,NA
ran_pars,subj_id,cor__(Intercept).X_i,-0.081,NA,NA,NA,NA
ran_pars,subj_id,sd__X_i,51.2,NA,NA,NA,NA
ran_pars,item_id,sd__(Intercept),77.83,NA,NA,NA,NA
ran_pars,Residual,sd__Observation,198.782,NA,NA,NA,NA
fixed,NA,(Intercept),793.615,15.135,52.436,132.36,0
fixed,NA,X_i,56.673,20.206,2.805,50.849,0.007
ran_pars,subj_id,sd__(Intercept),114.106,NA,NA,NA,NA
ran_pars,subj_id,cor__(Intercept).X_i,0.293,NA,NA,NA,NA
ran_pars,subj_id,sd__X_i,35.827,NA,NA,NA,NA
ran_pars,item_id,sd__(Intercept),67.423,NA,NA,NA,NA
ran_pars,Residual,sd__Observation,199.349,NA,NA,NA,NA
fixed,NA,(Intercept),819.185,15.543,52.704,126.489,0
fixed,NA,X_i,20.002,22.008,0.909,51.656,0.368
ran_pars,subj_id,sd__(Intercept),111.894,NA,NA,NA,NA
ran_pars,subj_id,cor__(Intercept).X_i,0.56,NA,NA,NA,NA
ran_pars,subj_id,sd__X_i,43.365,NA,NA,NA,NA
ran_pars,item_id,sd__(Intercept),73.617,NA,NA,NA,NA
ran_pars,Residual,sd__Observation,199.931,NA,NA,NA,NA
fixed,NA,(Intercept),816.77,15.401,53.035,115.969,0
fixed,NA,X_i,3.739,23.362,0.16,52.728,0.873
ran_pars,subj_id,sd__(Intercept),103.632,NA,NA,NA,NA
ran_pars,subj_id,cor__(Intercept).X_i,0.405,NA,NA,NA,NA
ran_pars,subj_id,sd__X_i,51.624,NA,NA,NA,NA
ran_pars,item_id,sd__(Intercept),78.083,NA,NA,NA,NA
ran_pars,Residual,sd__Observation,198.009,NA,NA,NA,NA
fixed,NA,(Intercept),797.78,15.817,50.437,114.978,0
fixed,NA,X_i,35.198,23.797,1.479,49.941,0.145
ran_pars,subj_id,sd__(Intercept),105.639,NA,NA,NA,NA
ran_pars,subj_id,cor__(Intercept).X_i,-0.002,NA,NA,NA,NA
ran_pars,subj_id,sd__X_i,34.58,NA,NA,NA,NA
ran_pars,item_id,sd__(Intercept),80.837,NA,NA,NA,NA
ran_pars,Residual,sd__Observation,198.691,NA,NA,NA,NA
fixed,NA,(Intercept),817.387,16.364,49.952,90.951,0
fixed,NA,X_i,39.864,27.358,1.457,49.725,0.151
ran_pars,subj_id,sd__(Intercept),91.7,NA,NA,NA,NA
ran_pars,subj_id,cor__(Intercept).X_i,0.05,NA,NA,NA,NA
ran_pars,subj_id,sd__X_i,37.093,NA,NA,NA,NA
ran_pars,item_id,sd__(Intercept),93.745,NA,NA,NA,NA
ran_pars,Residual,sd__Observation,198.926,NA,NA,NA,NA
fixed,NA,(Intercept),790.988,15.519,50.968,107.196,0
fixed,NA,X_i,75.238,24.515,3.069,52.295,0.003
ran_pars,subj_id,sd__(Intercept),98.62,NA,NA,NA,NA
ran_pars,subj_id,cor__(Intercept).X_i,-0.022,NA,NA,NA,NA
ran_pars,subj_id,sd__X_i,51.581,NA,NA,NA,NA
ran_pars,item_id,sd__(Intercept),82.379,NA,NA,NA,NA
ran_pars,Residual,sd__Observation,198.294,NA,NA,NA,NA
fixed,NA,(Intercept),803.596,16.444,48.869,95.78,0
fixed,NA,X_i,56.448,27.101,2.083,50.824,0.042
ran_pars,subj_id,sd__(Intercept),96.027,NA,NA,NA,NA
ran_pars,subj_id,cor__(Intercept).X_i,-0.023,NA,NA,NA,NA
ran_pars,subj_id,sd__X_i,46.607,NA,NA,NA,NA
ran_pars,item_id,sd__(Intercept),92.189,NA,NA,NA,NA
ran_pars,Residual,sd__Observation,202.628,NA,NA,NA,NA
fixed,NA,(Intercept),813.008,16.525,49.198,96.87,0
fixed,NA,X_i,29.102,27,1.078,49.994,0.286
ran_pars,subj_id,sd__(Intercept),97.316,NA,NA,NA,NA
ran_pars,subj_id,cor__(Intercept).X_i,0.331,NA,NA,NA,NA
ran_pars,subj_id,sd__X_i,39.346,NA,NA,NA,NA
ran_pars,item_id,sd__(Intercept),92.247,NA,NA,NA,NA
ran_pars,Residual,sd__Observation,202.336,NA,NA,NA,NA
fixed,NA,(Intercept),827.007,16.476,50.194,93.085,0
fixed,NA,X_i,61.037,27.431,2.225,50.571,0.031
ran_pars,subj_id,sd__(Intercept),94.031,NA,NA,NA,NA
ran_pars,subj_id,cor__(Intercept).X_i,0.179,NA,NA,NA,NA
ran_pars,subj_id,sd__X_i,45.023,NA,NA,NA,NA
ran_pars,item_id,sd__(Intercept),93.592,NA,NA,NA,NA
ran_pars,Residual,sd__Observation,198.195,NA,NA,NA,NA
fixed,NA,(Intercept),822.911,14.716,55.919,113.535,0
fixed,NA,X_i,58.922,22.31,2.641,50.583,0.011
ran_pars,subj_id,sd__(Intercept),97.785,NA,NA,NA,NA
ran_pars,subj_id,cor__(Intercept).X_i,0.287,NA,NA,NA,NA
ran_pars,subj_id,sd__X_i,37.366,NA,NA,NA,NA
ran_pars,item_id,sd__(Intercept),75.175,NA,NA,NA,NA
ran_pars,Residual,sd__Observation,198.968,NA,NA,NA,NA
fixed,NA,(Intercept),799.966,15.801,50.626,104.922,0
fixed,NA,X_i,23.757,24.997,0.95,50.61,0.346
ran_pars,subj_id,sd__(Intercept),98.895,NA,NA,NA,NA
ran_pars,subj_id,cor__(Intercept).X_i,0.377,NA,NA,NA,NA
ran_pars,subj_id,sd__X_i,41.631,NA,NA,NA,NA
ran_pars,item_id,sd__(Intercept),84.746,NA,NA,NA,NA
ran_pars,Residual,sd__Observation,203.049,NA,NA,NA,NA
fixed,NA,(Intercept),813.411,14.538,55.951,124.076,0
fixed,NA,X_i,51.273,20.87,2.457,51.953,0.017
ran_pars,subj_id,sd__(Intercept),103.467,NA,NA,NA,NA
ran_pars,subj_id,cor__(Intercept).X_i,-0.019,NA,NA,NA,NA
ran_pars,subj_id,sd__X_i,42.836,NA,NA,NA,NA
ran_pars,item_id,sd__(Intercept),69.442,NA,NA,NA,NA
ran_pars,Residual,sd__Observation,198.188,NA,NA,NA,NA
fixed,NA,(Intercept),823.45,15.434,53.354,102.751,0
fixed,NA,X_i,93.336,24.475,3.813,49.289,0
ran_pars,subj_id,sd__(Intercept),95.175,NA,NA,NA,NA
ran_pars,subj_id,cor__(Intercept).X_i,-0.274,NA,NA,NA,NA
ran_pars,subj_id,sd__X_i,29.275,NA,NA,NA,NA
ran_pars,item_id,sd__(Intercept),83.546,NA,NA,NA,NA
ran_pars,Residual,sd__Observation,200.268,NA,NA,NA,NA
fixed,NA,(Intercept),777.559,14.975,51.923,124.769,0
fixed,NA,X_i,63.917,21.329,2.997,50.841,0.004
ran_pars,subj_id,sd__(Intercept),106.791,NA,NA,NA,NA
ran_pars,subj_id,cor__(Intercept).X_i,0.286,NA,NA,NA,NA
ran_pars,subj_id,sd__X_i,37.479,NA,NA,NA,NA
ran_pars,item_id,sd__(Intercept),71.556,NA,NA,NA,NA
ran_pars,Residual,sd__Observation,197.635,NA,NA,NA,NA
fixed,NA,(Intercept),785.886,14.311,54.916,114.455,0
fixed,NA,X_i,29.311,21.53,1.361,50.463,0.179
ran_pars,subj_id,sd__(Intercept),95.947,NA,NA,NA,NA
ran_pars,subj_id,cor__(Intercept).X_i,0.369,NA,NA,NA,NA
ran_pars,subj_id,sd__X_i,35.473,NA,NA,NA,NA
ran_pars,item_id,sd__(Intercept),72.277,NA,NA,NA,NA
ran_pars,Residual,sd__Observation,203.2,NA,NA,NA,NA
fixed,NA,(Intercept),806.853,16.01,50.398,105.823,0
fixed,NA,X_i,10.971,25.223,0.435,50.522,0.665
ran_pars,subj_id,sd__(Intercept),100.76,NA,NA,NA,NA
ran_pars,subj_id,cor__(Intercept).X_i,0.236,NA,NA,NA,NA
ran_pars,subj_id,sd__X_i,41.333,NA,NA,NA,NA
ran_pars,item_id,sd__(Intercept),85.607,NA,NA,NA,NA
ran_pars,Residual,sd__Observation,202.631,NA,NA,NA,NA
fixed,NA,(Intercept),791.154,14.868,53.213,122.586,0
fixed,NA,X_i,67.191,21.455,3.132,50.718,0.003
ran_pars,subj_id,sd__(Intercept),104.584,NA,NA,NA,NA
ran_pars,subj_id,cor__(Intercept).X_i,0.212,NA,NA,NA,NA
ran_pars,subj_id,sd__X_i,36.894,NA,NA,NA,NA
ran_pars,item_id,sd__(Intercept),72.053,NA,NA,NA,NA
ran_pars,Residual,sd__Observation,197.977,NA,NA,NA,NA
fixed,NA,(Intercept),786.966,15.806,49.79,113.888,0
fixed,NA,X_i,36.408,23.893,1.524,49.731,0.134
ran_pars,subj_id,sd__(Intercept),104.778,NA,NA,NA,NA
ran_pars,subj_id,cor__(Intercept).X_i,0.091,NA,NA,NA,NA
ran_pars,subj_id,sd__X_i,32.817,NA,NA,NA,NA
ran_pars,item_id,sd__(Intercept),81.337,NA,NA,NA,NA
ran_pars,Residual,sd__Observation,196.447,NA,NA,NA,NA
fixed,NA,(Intercept),834.366,15.823,52.731,98.142,0
fixed,NA,X_i,56.24,25.938,2.168,51.776,0.035
ran_pars,subj_id,sd__(Intercept),94.197,NA,NA,NA,NA
ran_pars,subj_id,cor__(Intercept).X_i,0.247,NA,NA,NA,NA
ran_pars,subj_id,sd__X_i,51.238,NA,NA,NA,NA
ran_pars,item_id,sd__(Intercept),87.661,NA,NA,NA,NA
ran_pars,Residual,sd__Observation,199.366,NA,NA,NA,NA
fixed,NA,(Intercept),783.099,15.884,49.3,96.402,0
fixed,NA,X_i,-23.629,26.079,-0.906,50.613,0.369
ran_pars,subj_id,sd__(Intercept),93.255,NA,NA,NA,NA
ran_pars,subj_id,cor__(Intercept).X_i,0.281,NA,NA,NA,NA
ran_pars,subj_id,sd__X_i,43.275,NA,NA,NA,NA
ran_pars,item_id,sd__(Intercept),88.747,NA,NA,NA,NA
ran_pars,Residual,sd__Observation,197.838,NA,NA,NA,NA
fixed,NA,(Intercept),823.132,14.37,57.282,126.969,0
fixed,NA,X_i,58.433,20.107,2.906,51.371,0.005
ran_pars,subj_id,sd__(Intercept),104.462,NA,NA,NA,NA
ran_pars,subj_id,cor__(Intercept).X_i,0.044,NA,NA,NA,NA
ran_pars,subj_id,sd__X_i,38.514,NA,NA,NA,NA
ran_pars,item_id,sd__(Intercept),66.886,NA,NA,NA,NA
ran_pars,Residual,sd__Observation,198.628,NA,NA,NA,NA
fixed,NA,(Intercept),789.021,15.983,49.366,117.909,0
fixed,NA,X_i,-1.317,23.572,-0.056,49.043,0.956
ran_pars,subj_id,sd__(Intercept),108.726,NA,NA,NA,NA
ran_pars,subj_id,cor__(Intercept).X_i,-0.246,NA,NA,NA,NA
ran_pars,subj_id,sd__X_i,25.746,NA,NA,NA,NA
ran_pars,item_id,sd__(Intercept),80.376,NA,NA,NA,NA
ran_pars,Residual,sd__Observation,200.534,NA,NA,NA,NA
fixed,NA,(Intercept),796.344,14.661,54.317,118.229,0
fixed,NA,X_i,37.021,21.649,1.71,50.345,0.093
ran_pars,subj_id,sd__(Intercept),100.395,NA,NA,NA,NA
ran_pars,subj_id,cor__(Intercept).X_i,0.282,NA,NA,NA,NA
ran_pars,subj_id,sd__X_i,34.698,NA,NA,NA,NA
ran_pars,item_id,sd__(Intercept),72.892,NA,NA,NA,NA
ran_pars,Residual,sd__Observation,198.657,NA,NA,NA,NA
fixed,NA,(Intercept),792.501,15.65,50.64,113.804,0
fixed,NA,X_i,36.768,23.541,1.562,48.863,0.125
ran_pars,subj_id,sd__(Intercept),103.804,NA,NA,NA,NA
ran_pars,subj_id,cor__(Intercept).X_i,0.389,NA,NA,NA,NA
ran_pars,subj_id,sd__X_i,23.528,NA,NA,NA,NA
ran_pars,item_id,sd__(Intercept),80.392,NA,NA,NA,NA
ran_pars,Residual,sd__Observation,198.769,NA,NA,NA,NA
fixed,NA,(Intercept),795.109,17.577,45.237,107.471,0
fixed,NA,X_i,57.793,27.598,2.094,50.836,0.041
ran_pars,subj_id,sd__(Intercept),111.429,NA,NA,NA,NA
ran_pars,subj_id,cor__(Intercept).X_i,0.391,NA,NA,NA,NA
ran_pars,subj_id,sd__X_i,47.5,NA,NA,NA,NA
ran_pars,item_id,sd__(Intercept),93.98,NA,NA,NA,NA
ran_pars,Residual,sd__Observation,201.567,NA,NA,NA,NA
fixed,NA,(Intercept),813.307,13.542,60.06,114.984,0
fixed,NA,X_i,54.562,20.291,2.689,50.69,0.01
ran_pars,subj_id,sd__(Intercept),91.385,NA,NA,NA,NA
ran_pars,subj_id,cor__(Intercept).X_i,0.036,NA,NA,NA,NA
ran_pars,subj_id,sd__X_i,35.05,NA,NA,NA,NA
ran_pars,item_id,sd__(Intercept),67.759,NA,NA,NA,NA
ran_pars,Residual,sd__Observation,200.471,NA,NA,NA,NA
fixed,NA,(Intercept),790.383,15.228,51.902,132.013,0
fixed,NA,X_i,47.678,20.723,2.301,54.001,0.025
ran_pars,subj_id,sd__(Intercept),114.549,NA,NA,NA,NA
ran_pars,subj_id,cor__(Intercept).X_i,0.043,NA,NA,NA,NA
ran_pars,subj_id,sd__X_i,51.651,NA,NA,NA,NA
ran_pars,item_id,sd__(Intercept),68.026,NA,NA,NA,NA
ran_pars,Residual,sd__Observation,201.732,NA,NA,NA,NA
fixed,NA,(Intercept),807.83,14.157,57.062,114.606,0
fixed,NA,X_i,16.685,21.238,0.786,50.021,0.436
ran_pars,subj_id,sd__(Intercept),94.972,NA,NA,NA,NA
ran_pars,subj_id,cor__(Intercept).X_i,0.121,NA,NA,NA,NA
ran_pars,subj_id,sd__X_i,31.89,NA,NA,NA,NA
ran_pars,item_id,sd__(Intercept),71.493,NA,NA,NA,NA
ran_pars,Residual,sd__Observation,199.995,NA,NA,NA,NA
fixed,NA,(Intercept),770.969,15.383,50.12,107.391,0
fixed,NA,X_i,76.445,23.782,3.214,48.527,0.002
ran_pars,subj_id,sd__(Intercept),98.055,NA,NA,NA,NA
ran_pars,subj_id,cor__(Intercept).X_i,0.173,NA,NA,NA,NA
ran_pars,subj_id,sd__X_i,19.188,NA,NA,NA,NA
ran_pars,item_id,sd__(Intercept),81.289,NA,NA,NA,NA
ran_pars,Residual,sd__Observation,203.909,NA,NA,NA,NA
fixed,NA,(Intercept),814.697,17.727,45.958,101.868,0
fixed,NA,X_i,31.278,28.389,1.102,49.951,0.276
ran_pars,subj_id,sd__(Intercept),108.128,NA,NA,NA,NA
ran_pars,subj_id,cor__(Intercept).X_i,0.279,NA,NA,NA,NA
ran_pars,subj_id,sd__X_i,40.775,NA,NA,NA,NA
ran_pars,item_id,sd__(Intercept),97.235,NA,NA,NA,NA
ran_pars,Residual,sd__Observation,202.955,NA,NA,NA,NA
fixed,NA,(Intercept),817.536,13.594,60.138,123.221,0
fixed,NA,X_i,51.613,19.516,2.645,52.215,0.011
ran_pars,subj_id,sd__(Intercept),96.915,NA,NA,NA,NA
ran_pars,subj_id,cor__(Intercept).X_i,0.189,NA,NA,NA,NA
ran_pars,subj_id,sd__X_i,41.66,NA,NA,NA,NA
ran_pars,item_id,sd__(Intercept),64.347,NA,NA,NA,NA
ran_pars,Residual,sd__Observation,200.894,NA,NA,NA,NA
fixed,NA,(Intercept),800.976,16.111,49.716,103.829,0
fixed,NA,X_i,41.709,25.853,1.613,52.384,0.113
ran_pars,subj_id,sd__(Intercept),99.997,NA,NA,NA,NA
ran_pars,subj_id,cor__(Intercept).X_i,0.227,NA,NA,NA,NA
ran_pars,subj_id,sd__X_i,54.853,NA,NA,NA,NA
ran_pars,item_id,sd__(Intercept),86.975,NA,NA,NA,NA
ran_pars,Residual,sd__Observation,203.489,NA,NA,NA,NA
fixed,NA,(Intercept),802.823,15.395,52.147,114.054,0
fixed,NA,X_i,36.168,23.019,1.571,48.143,0.123
ran_pars,subj_id,sd__(Intercept),102.411,NA,NA,NA,NA
ran_pars,subj_id,cor__(Intercept).X_i,0.364,NA,NA,NA,NA
ran_pars,subj_id,sd__X_i,11.458,NA,NA,NA,NA
ran_pars,item_id,sd__(Intercept),78.776,NA,NA,NA,NA
ran_pars,Residual,sd__Observation,200.306,NA,NA,NA,NA
fixed,NA,(Intercept),792.14,13.81,57.359,120.244,0
fixed,NA,X_i,40.907,20.391,2.006,53.675,0.05
ran_pars,subj_id,sd__(Intercept),96.401,NA,NA,NA,NA
ran_pars,subj_id,cor__(Intercept).X_i,0.251,NA,NA,NA,NA
ran_pars,subj_id,sd__X_i,49.636,NA,NA,NA,NA
ran_pars,item_id,sd__(Intercept),66.935,NA,NA,NA,NA
ran_pars,Residual,sd__Observation,202.286,NA,NA,NA,NA
fixed,NA,(Intercept),771.187,16.809,45.88,102.125,0
fixed,NA,X_i,80.227,27.119,2.958,51.744,0.005
ran_pars,subj_id,sd__(Intercept),102.84,NA,NA,NA,NA
ran_pars,subj_id,cor__(Intercept).X_i,0.236,NA,NA,NA,NA
ran_pars,subj_id,sd__X_i,53.231,NA,NA,NA,NA
ran_pars,item_id,sd__(Intercept),91.87,NA,NA,NA,NA
ran_pars,Residual,sd__Observation,199.594,NA,NA,NA,NA
fixed,NA,(Intercept),795.341,15.053,52.834,103.377,0
fixed,NA,X_i,83.985,24.017,3.497,51.084,0.001
ran_pars,subj_id,sd__(Intercept),93.326,NA,NA,NA,NA
ran_pars,subj_id,cor__(Intercept).X_i,0.19,NA,NA,NA,NA
ran_pars,subj_id,sd__X_i,43.36,NA,NA,NA,NA
ran_pars,item_id,sd__(Intercept),81.107,NA,NA,NA,NA
ran_pars,Residual,sd__Observation,199.274,NA,NA,NA,NA
fixed,NA,(Intercept),777.02,15.809,49.15,95.158,0
fixed,NA,X_i,69.064,26.243,2.632,51.818,0.011
ran_pars,subj_id,sd__(Intercept),91.949,NA,NA,NA,NA
ran_pars,subj_id,cor__(Intercept).X_i,0.23,NA,NA,NA,NA
ran_pars,subj_id,sd__X_i,52.113,NA,NA,NA,NA
ran_pars,item_id,sd__(Intercept),88.695,NA,NA,NA,NA
ran_pars,Residual,sd__Observation,200.539,NA,NA,NA,NA
fixed,NA,(Intercept),784.057,14.247,55.031,122.381,0
fixed,NA,X_i,25.781,20.656,1.248,52.222,0.218
ran_pars,subj_id,sd__(Intercept),100.558,NA,NA,NA,NA
ran_pars,subj_id,cor__(Intercept).X_i,0.23,NA,NA,NA,NA
ran_pars,subj_id,sd__X_i,43.786,NA,NA,NA,NA
ran_pars,item_id,sd__(Intercept),68.474,NA,NA,NA,NA
ran_pars,Residual,sd__Observation,201.215,NA,NA,NA,NA
fixed,NA,(Intercept),811.41,14.341,56.58,122.163,0
fixed,NA,X_i,62.389,21.138,2.952,55.003,0.005
ran_pars,subj_id,sd__(Intercept),100.949,NA,NA,NA,NA
ran_pars,subj_id,cor__(Intercept).X_i,0.24,NA,NA,NA,NA
ran_pars,subj_id,sd__X_i,56.368,NA,NA,NA,NA
ran_pars,item_id,sd__(Intercept),69.204,NA,NA,NA,NA
ran_pars,Residual,sd__Observation,199.643,NA,NA,NA,NA
fixed,NA,(Intercept),789.321,16.405,48.114,108.394,0
fixed,NA,X_i,38.532,25.525,1.51,50.114,0.137
ran_pars,subj_id,sd__(Intercept),104.847,NA,NA,NA,NA
ran_pars,subj_id,cor__(Intercept).X_i,0.213,NA,NA,NA,NA
ran_pars,subj_id,sd__X_i,38.388,NA,NA,NA,NA
ran_pars,item_id,sd__(Intercept),86.99,NA,NA,NA,NA
ran_pars,Residual,sd__Observation,198.185,NA,NA,NA,NA
fixed,NA,(Intercept),812.652,15.503,52.419,118.492,0
fixed,NA,X_i,54.942,23.158,2.373,52.204,0.021
ran_pars,subj_id,sd__(Intercept),105.889,NA,NA,NA,NA
ran_pars,subj_id,cor__(Intercept).X_i,0.427,NA,NA,NA,NA
ran_pars,subj_id,sd__X_i,48.363,NA,NA,NA,NA
ran_pars,item_id,sd__(Intercept),77.626,NA,NA,NA,NA
ran_pars,Residual,sd__Observation,196.279,NA,NA,NA,NA
fixed,NA,(Intercept),789.719,16.018,49.303,112.27,0
fixed,NA,X_i,86.229,24.499,3.52,50.655,0.001
ran_pars,subj_id,sd__(Intercept),105.245,NA,NA,NA,NA
ran_pars,subj_id,cor__(Intercept).X_i,0.071,NA,NA,NA,NA
ran_pars,subj_id,sd__X_i,41.247,NA,NA,NA,NA
ran_pars,item_id,sd__(Intercept),82.885,NA,NA,NA,NA
ran_pars,Residual,sd__Observation,204.941,NA,NA,NA,NA
fixed,NA,(Intercept),783.863,17.188,45.606,111.886,0
fixed,NA,X_i,52.175,26.465,1.971,50.995,0.054
ran_pars,subj_id,sd__(Intercept),112.158,NA,NA,NA,NA
ran_pars,subj_id,cor__(Intercept).X_i,0.445,NA,NA,NA,NA
ran_pars,subj_id,sd__X_i,46.812,NA,NA,NA,NA
ran_pars,item_id,sd__(Intercept),89.92,NA,NA,NA,NA
ran_pars,Residual,sd__Observation,198.853,NA,NA,NA,NA
fixed,NA,(Intercept),767.095,14.422,53.188,113.58,0
fixed,NA,X_i,35.318,22.148,1.595,53.396,0.117
ran_pars,subj_id,sd__(Intercept),96.02,NA,NA,NA,NA
ran_pars,subj_id,cor__(Intercept).X_i,0.267,NA,NA,NA,NA
ran_pars,subj_id,sd__X_i,52.248,NA,NA,NA,NA
ran_pars,item_id,sd__(Intercept),73.398,NA,NA,NA,NA
ran_pars,Residual,sd__Observation,200.752,NA,NA,NA,NA
fixed,NA,(Intercept),786.348,16.254,48.378,98.242,0
fixed,NA,X_i,42.426,26.518,1.6,50.895,0.116
ran_pars,subj_id,sd__(Intercept),96.82,NA,NA,NA,NA
ran_pars,subj_id,cor__(Intercept).X_i,0.146,NA,NA,NA,NA
ran_pars,subj_id,sd__X_i,46.213,NA,NA,NA,NA
ran_pars,item_id,sd__(Intercept),90.048,NA,NA,NA,NA
ran_pars,Residual,sd__Observation,203.555,NA,NA,NA,NA
fixed,NA,(Intercept),771.398,16.291,47.352,120.793,0
fixed,NA,X_i,32.986,23.793,1.386,49.986,0.172
ran_pars,subj_id,sd__(Intercept),112.654,NA,NA,NA,NA
ran_pars,subj_id,cor__(Intercept).X_i,0.133,NA,NA,NA,NA
ran_pars,subj_id,sd__X_i,34.899,NA,NA,NA,NA
ran_pars,item_id,sd__(Intercept),80.801,NA,NA,NA,NA
ran_pars,Residual,sd__Observation,198.764,NA,NA,NA,NA
fixed,NA,(Intercept),819.846,15.246,53.775,89.819,0
fixed,NA,X_i,13.698,25.609,0.535,49.927,0.595
ran_pars,subj_id,sd__(Intercept),84.794,NA,NA,NA,NA
ran_pars,subj_id,cor__(Intercept).X_i,-0.045,NA,NA,NA,NA
ran_pars,subj_id,sd__X_i,36.945,NA,NA,NA,NA
ran_pars,item_id,sd__(Intercept),87.339,NA,NA,NA,NA
ran_pars,Residual,sd__Observation,199.707,NA,NA,NA,NA
fixed,NA,(Intercept),809.016,16.533,48.933,98.416,0
fixed,NA,X_i,53.285,27.041,1.971,51.43,0.054
ran_pars,subj_id,sd__(Intercept),98.5,NA,NA,NA,NA
ran_pars,subj_id,cor__(Intercept).X_i,0.246,NA,NA,NA,NA
ran_pars,subj_id,sd__X_i,50.955,NA,NA,NA,NA
ran_pars,item_id,sd__(Intercept),91.725,NA,NA,NA,NA
ran_pars,Residual,sd__Observation,200.621,NA,NA,NA,NA
fixed,NA,(Intercept),782.284,16.381,47.754,109.694,0
fixed,NA,X_i,86.441,25.227,3.427,49.443,0.001
ran_pars,subj_id,sd__(Intercept),105.725,NA,NA,NA,NA
ran_pars,subj_id,cor__(Intercept).X_i,0.204,NA,NA,NA,NA
ran_pars,subj_id,sd__X_i,31.781,NA,NA,NA,NA
ran_pars,item_id,sd__(Intercept),86.093,NA,NA,NA,NA
ran_pars,Residual,sd__Observation,204.131,NA,NA,NA,NA
fixed,NA,(Intercept),797.363,14.214,56.096,118.591,0
fixed,NA,X_i,30.124,21.168,1.423,52.845,0.161
ran_pars,subj_id,sd__(Intercept),97.833,NA,NA,NA,NA
ran_pars,subj_id,cor__(Intercept).X_i,0.174,NA,NA,NA,NA
ran_pars,subj_id,sd__X_i,47.706,NA,NA,NA,NA
ran_pars,item_id,sd__(Intercept),70.116,NA,NA,NA,NA
ran_pars,Residual,sd__Observation,200.037,NA,NA,NA,NA
fixed,NA,(Intercept),792.306,16.104,49.199,99.53,0
fixed,NA,X_i,69.729,26.016,2.68,50.003,0.01
ran_pars,subj_id,sd__(Intercept),96.827,NA,NA,NA,NA
ran_pars,subj_id,cor__(Intercept).X_i,0.239,NA,NA,NA,NA
ran_pars,subj_id,sd__X_i,38.058,NA,NA,NA,NA
ran_pars,item_id,sd__(Intercept),88.775,NA,NA,NA,NA
ran_pars,Residual,sd__Observation,199.607,NA,NA,NA,NA
fixed,NA,(Intercept),781.908,15.521,50.377,104.94,0
fixed,NA,X_i,25.049,24.72,1.013,51.892,0.316
ran_pars,subj_id,sd__(Intercept),97.113,NA,NA,NA,NA
ran_pars,subj_id,cor__(Intercept).X_i,-0.238,NA,NA,NA,NA
ran_pars,subj_id,sd__X_i,49.656,NA,NA,NA,NA
ran_pars,item_id,sd__(Intercept),83.309,NA,NA,NA,NA
ran_pars,Residual,sd__Observation,197.37,NA,NA,NA,NA
fixed,NA,(Intercept),809.106,16.831,48.073,108.945,0
fixed,NA,X_i,30.838,26.076,1.183,49.75,0.243
ran_pars,subj_id,sd__(Intercept),107.932,NA,NA,NA,NA
ran_pars,subj_id,cor__(Intercept).X_i,0.105,NA,NA,NA,NA
ran_pars,subj_id,sd__X_i,35.807,NA,NA,NA,NA
ran_pars,item_id,sd__(Intercept),89.045,NA,NA,NA,NA
ran_pars,Residual,sd__Observation,202.525,NA,NA,NA,NA
fixed,NA,(Intercept),785.39,14.802,53.058,118.586,0
fixed,NA,X_i,51.567,21.865,2.358,50.776,0.022
ran_pars,subj_id,sd__(Intercept),101.58,NA,NA,NA,NA
ran_pars,subj_id,cor__(Intercept).X_i,0.349,NA,NA,NA,NA
ran_pars,subj_id,sd__X_i,37.939,NA,NA,NA,NA
ran_pars,item_id,sd__(Intercept),73.463,NA,NA,NA,NA
ran_pars,Residual,sd__Observation,199.855,NA,NA,NA,NA
fixed,NA,(Intercept),795.466,14.678,54.195,129.395,0
fixed,NA,X_i,-9.723,20.513,-0.474,54.591,0.637
ran_pars,subj_id,sd__(Intercept),108.327,NA,NA,NA,NA
ran_pars,subj_id,cor__(Intercept).X_i,0.313,NA,NA,NA,NA
ran_pars,subj_id,sd__X_i,53.316,NA,NA,NA,NA
ran_pars,item_id,sd__(Intercept),67.186,NA,NA,NA,NA
ran_pars,Residual,sd__Observation,197.641,NA,NA,NA,NA
fixed,NA,(Intercept),831.041,15.828,52.505,103.824,0
fixed,NA,X_i,68.346,25.064,2.727,49.902,0.009
ran_pars,subj_id,sd__(Intercept),98.34,NA,NA,NA,NA
ran_pars,subj_id,cor__(Intercept).X_i,0.379,NA,NA,NA,NA
ran_pars,subj_id,sd__X_i,35.979,NA,NA,NA,NA
ran_pars,item_id,sd__(Intercept),85.268,NA,NA,NA,NA
ran_pars,Residual,sd__Observation,204.968,NA,NA,NA,NA
fixed,NA,(Intercept),786.994,15.349,51.272,117.438,0
fixed,NA,X_i,30.516,22.864,1.335,50.788,0.188
ran_pars,subj_id,sd__(Intercept),104.317,NA,NA,NA,NA
ran_pars,subj_id,cor__(Intercept).X_i,0.396,NA,NA,NA,NA
ran_pars,subj_id,sd__X_i,39.527,NA,NA,NA,NA
ran_pars,item_id,sd__(Intercept),77.072,NA,NA,NA,NA
ran_pars,Residual,sd__Observation,199.767,NA,NA,NA,NA
fixed,NA,(Intercept),787.888,14.405,54.694,112.274,0
fixed,NA,X_i,50.082,22.204,2.256,52.724,0.028
ran_pars,subj_id,sd__(Intercept),95.036,NA,NA,NA,NA
ran_pars,subj_id,cor__(Intercept).X_i,-0.186,NA,NA,NA,NA
ran_pars,subj_id,sd__X_i,49.218,NA,NA,NA,NA
ran_pars,item_id,sd__(Intercept),73.935,NA,NA,NA,NA
ran_pars,Residual,sd__Observation,198.344,NA,NA,NA,NA
fixed,NA,(Intercept),782.258,13.999,55.88,120.67,0
fixed,NA,X_i,46.694,20.445,2.284,52.019,0.026
ran_pars,subj_id,sd__(Intercept),97.979,NA,NA,NA,NA
ran_pars,subj_id,cor__(Intercept).X_i,0.057,NA,NA,NA,NA
ran_pars,subj_id,sd__X_i,42.541,NA,NA,NA,NA
ran_pars,item_id,sd__(Intercept),67.676,NA,NA,NA,NA
ran_pars,Residual,sd__Observation,204.557,NA,NA,NA,NA
fixed,NA,(Intercept),800.97,16.262,49.253,123.526,0
fixed,NA,X_i,72.745,23.45,3.102,50.609,0.003
ran_pars,subj_id,sd__(Intercept),114.381,NA,NA,NA,NA
ran_pars,subj_id,cor__(Intercept).X_i,0.013,NA,NA,NA,NA
ran_pars,subj_id,sd__X_i,39.182,NA,NA,NA,NA
ran_pars,item_id,sd__(Intercept),79.318,NA,NA,NA,NA
ran_pars,Residual,sd__Observation,197.576,NA,NA,NA,NA
fixed,NA,(Intercept),799.688,14.777,54.119,117.293,0
fixed,NA,X_i,57.018,22.099,2.58,51.736,0.013
ran_pars,subj_id,sd__(Intercept),100.543,NA,NA,NA,NA
ran_pars,subj_id,cor__(Intercept).X_i,0.265,NA,NA,NA,NA
ran_pars,subj_id,sd__X_i,43.945,NA,NA,NA,NA
ran_pars,item_id,sd__(Intercept),73.942,NA,NA,NA,NA
ran_pars,Residual,sd__Observation,198.866,NA,NA,NA,NA
fixed,NA,(Intercept),793.56,14.893,53.283,101.712,0
fixed,NA,X_i,28.785,23.676,1.216,49.008,0.23
ran_pars,subj_id,sd__(Intercept),91.259,NA,NA,NA,NA
ran_pars,subj_id,cor__(Intercept).X_i,-0.113,NA,NA,NA,NA
ran_pars,subj_id,sd__X_i,25.377,NA,NA,NA,NA
ran_pars,item_id,sd__(Intercept),80.83,NA,NA,NA,NA
ran_pars,Residual,sd__Observation,198.205,NA,NA,NA,NA
fixed,NA,(Intercept),818.214,15.786,51.832,102.523,0
fixed,NA,X_i,39.439,25.459,1.549,52.268,0.127
ran_pars,subj_id,sd__(Intercept),97.096,NA,NA,NA,NA
ran_pars,subj_id,cor__(Intercept).X_i,0.247,NA,NA,NA,NA
ran_pars,subj_id,sd__X_i,53.339,NA,NA,NA,NA
ran_pars,item_id,sd__(Intercept),85.702,NA,NA,NA,NA
ran_pars,Residual,sd__Observation,200.305,NA,NA,NA,NA
fixed,NA,(Intercept),797.39,15.041,53.014,128.24,0
fixed,NA,X_i,20.884,21.012,0.994,51.741,0.325
ran_pars,subj_id,sd__(Intercept),109.658,NA,NA,NA,NA
ran_pars,subj_id,cor__(Intercept).X_i,0.137,NA,NA,NA,NA
ran_pars,subj_id,sd__X_i,41.926,NA,NA,NA,NA
ran_pars,item_id,sd__(Intercept),70.138,NA,NA,NA,NA
ran_pars,Residual,sd__Observation,194.876,NA,NA,NA,NA
fixed,NA,(Intercept),801.702,13.642,58.768,117.65,0
fixed,NA,X_i,66.191,20.05,3.301,49.995,0.002
ran_pars,subj_id,sd__(Intercept),93.756,NA,NA,NA,NA
ran_pars,subj_id,cor__(Intercept).X_i,0.064,NA,NA,NA,NA
ran_pars,subj_id,sd__X_i,30.377,NA,NA,NA,NA
ran_pars,item_id,sd__(Intercept),67.046,NA,NA,NA,NA
ran_pars,Residual,sd__Observation,203.611,NA,NA,NA,NA
fixed,NA,(Intercept),802.901,14.501,55.369,121.029,0
fixed,NA,X_i,29.755,21.169,1.406,51.515,0.166
ran_pars,subj_id,sd__(Intercept),101.23,NA,NA,NA,NA
ran_pars,subj_id,cor__(Intercept).X_i,0.372,NA,NA,NA,NA
ran_pars,subj_id,sd__X_i,41.139,NA,NA,NA,NA
ran_pars,item_id,sd__(Intercept),70.653,NA,NA,NA,NA
ran_pars,Residual,sd__Observation,199.496,NA,NA,NA,NA
fixed,NA,(Intercept),802.81,16.113,49.823,119.061,0
fixed,NA,X_i,46.294,23.79,1.946,50.43,0.057
ran_pars,subj_id,sd__(Intercept),110.387,NA,NA,NA,NA
ran_pars,subj_id,cor__(Intercept).X_i,-0.11,NA,NA,NA,NA
ran_pars,subj_id,sd__X_i,38.51,NA,NA,NA,NA
ran_pars,item_id,sd__(Intercept),80.521,NA,NA,NA,NA
ran_pars,Residual,sd__Observation,201.415,NA,NA,NA,NA
fixed,NA,(Intercept),811.397,16.005,50.695,124.404,0
fixed,NA,X_i,41.387,23.137,1.789,52.426,0.079
ran_pars,subj_id,sd__(Intercept),113.354,NA,NA,NA,NA
ran_pars,subj_id,cor__(Intercept).X_i,0.208,NA,NA,NA,NA
ran_pars,subj_id,sd__X_i,49.602,NA,NA,NA,NA
ran_pars,item_id,sd__(Intercept),77.396,NA,NA,NA,NA
ran_pars,Residual,sd__Observation,198.507,NA,NA,NA,NA
fixed,NA,(Intercept),787.127,14.579,53.992,111.219,0
fixed,NA,X_i,21.201,22.488,0.943,51.702,0.35
ran_pars,subj_id,sd__(Intercept),95.423,NA,NA,NA,NA
ran_pars,subj_id,cor__(Intercept).X_i,0.258,NA,NA,NA,NA
ran_pars,subj_id,sd__X_i,44.459,NA,NA,NA,NA
ran_pars,item_id,sd__(Intercept),75.403,NA,NA,NA,NA
ran_pars,Residual,sd__Observation,197.105,NA,NA,NA,NA
fixed,NA,(Intercept),809.99,14.529,55.749,104.839,0
fixed,NA,X_i,46.347,23.067,2.009,51.584,0.05
ran_pars,subj_id,sd__(Intercept),91.152,NA,NA,NA,NA
ran_pars,subj_id,cor__(Intercept).X_i,0.389,NA,NA,NA,NA
ran_pars,subj_id,sd__X_i,44.785,NA,NA,NA,NA
ran_pars,item_id,sd__(Intercept),77.479,NA,NA,NA,NA
ran_pars,Residual,sd__Observation,199.365,NA,NA,NA,NA
fixed,NA,(Intercept),803.067,14.811,54.219,103.438,0
fixed,NA,X_i,43.518,23.904,1.821,53.518,0.074
ran_pars,subj_id,sd__(Intercept),91.957,NA,NA,NA,NA
ran_pars,subj_id,cor__(Intercept).X_i,0.246,NA,NA,NA,NA
ran_pars,subj_id,sd__X_i,56.681,NA,NA,NA,NA
ran_pars,item_id,sd__(Intercept),79.622,NA,NA,NA,NA
ran_pars,Residual,sd__Observation,200.326,NA,NA,NA,NA
fixed,NA,(Intercept),804.356,14.909,53.953,99.571,0
fixed,NA,X_i,86.825,24.085,3.605,50.343,0.001
ran_pars,subj_id,sd__(Intercept),89.939,NA,NA,NA,NA
ran_pars,subj_id,cor__(Intercept).X_i,0.279,NA,NA,NA,NA
ran_pars,subj_id,sd__X_i,38.215,NA,NA,NA,NA
ran_pars,item_id,sd__(Intercept),81.679,NA,NA,NA,NA
ran_pars,Residual,sd__Observation,199.328,NA,NA,NA,NA
fixed,NA,(Intercept),803.835,13.247,60.678,110.434,0
fixed,NA,X_i,56.969,20.505,2.778,52.519,0.008
ran_pars,subj_id,sd__(Intercept),86.845,NA,NA,NA,NA
ran_pars,subj_id,cor__(Intercept).X_i,0.115,NA,NA,NA,NA
ran_pars,subj_id,sd__X_i,44.883,NA,NA,NA,NA
ran_pars,item_id,sd__(Intercept),67.864,NA,NA,NA,NA
ran_pars,Residual,sd__Observation,199.541,NA,NA,NA,NA
fixed,NA,(Intercept),798.449,14.936,53.46,122.189,0
fixed,NA,X_i,59.596,21.325,2.795,48.536,0.007
ran_pars,subj_id,sd__(Intercept),104.974,NA,NA,NA,NA
ran_pars,subj_id,cor__(Intercept).X_i,0.306,NA,NA,NA,NA
ran_pars,subj_id,sd__X_i,18.051,NA,NA,NA,NA
ran_pars,item_id,sd__(Intercept),72.32,NA,NA,NA,NA
ran_pars,Residual,sd__Observation,203.397,NA,NA,NA,NA
fixed,NA,(Intercept),782.496,16.347,47.867,95.273,0
fixed,NA,X_i,83.281,26.841,3.103,49.633,0.003
ran_pars,subj_id,sd__(Intercept),95.012,NA,NA,NA,NA
ran_pars,subj_id,cor__(Intercept).X_i,-0.087,NA,NA,NA,NA
ran_pars,subj_id,sd__X_i,35.503,NA,NA,NA,NA
ran_pars,item_id,sd__(Intercept),91.964,NA,NA,NA,NA
ran_pars,Residual,sd__Observation,197.657,NA,NA,NA,NA
fixed,NA,(Intercept),819.499,14.986,54.683,113.669,0
fixed,NA,X_i,26.321,22.684,1.16,50.217,0.251
ran_pars,subj_id,sd__(Intercept),99.525,NA,NA,NA,NA
ran_pars,subj_id,cor__(Intercept).X_i,0.06,NA,NA,NA,NA
ran_pars,subj_id,sd__X_i,35.257,NA,NA,NA,NA
ran_pars,item_id,sd__(Intercept),76.716,NA,NA,NA,NA
ran_pars,Residual,sd__Observation,197.888,NA,NA,NA,NA
fixed,NA,(Intercept),787.449,14.671,53.673,117.514,0
fixed,NA,X_i,-0.419,21.956,-0.019,52.16,0.985
ran_pars,subj_id,sd__(Intercept),100.001,NA,NA,NA,NA
ran_pars,subj_id,cor__(Intercept).X_i,0.184,NA,NA,NA,NA
ran_pars,subj_id,sd__X_i,45.917,NA,NA,NA,NA
ran_pars,item_id,sd__(Intercept),73.266,NA,NA,NA,NA
ran_pars,Residual,sd__Observation,198.512,NA,NA,NA,NA
fixed,NA,(Intercept),795.607,15.724,50.598,109.4,0
fixed,NA,X_i,76.514,24.652,3.104,52.687,0.003
ran_pars,subj_id,sd__(Intercept),101.298,NA,NA,NA,NA
ran_pars,subj_id,cor__(Intercept).X_i,0.221,NA,NA,NA,NA
ran_pars,subj_id,sd__X_i,54.012,NA,NA,NA,NA
ran_pars,item_id,sd__(Intercept),82.739,NA,NA,NA,NA
ran_pars,Residual,sd__Observation,196.461,NA,NA,NA,NA
fixed,NA,(Intercept),784.993,15.328,51.212,130.464,0
fixed,NA,X_i,85.281,20.957,4.069,51.188,0
ran_pars,subj_id,sd__(Intercept),113.554,NA,NA,NA,NA
ran_pars,subj_id,cor__(Intercept).X_i,0.205,NA,NA,NA,NA
ran_pars,subj_id,sd__X_i,38.92,NA,NA,NA,NA
ran_pars,item_id,sd__(Intercept),70.062,NA,NA,NA,NA
ran_pars,Residual,sd__Observation,197.943,NA,NA,NA,NA
fixed,NA,(Intercept),819.65,15.278,53.648,97.128,0
fixed,NA,X_i,18.14,24.913,0.728,50.055,0.47
ran_pars,subj_id,sd__(Intercept),90.388,NA,NA,NA,NA
ran_pars,subj_id,cor__(Intercept).X_i,0.168,NA,NA,NA,NA
ran_pars,subj_id,sd__X_i,37.084,NA,NA,NA,NA
ran_pars,item_id,sd__(Intercept),84.764,NA,NA,NA,NA
ran_pars,Residual,sd__Observation,200.341,NA,NA,NA,NA
fixed,NA,(Intercept),803.134,14.614,54.957,113.881,0
fixed,NA,X_i,40.993,22.075,1.857,50.502,0.069
ran_pars,subj_id,sd__(Intercept),97.51,NA,NA,NA,NA
ran_pars,subj_id,cor__(Intercept).X_i,-0.053,NA,NA,NA,NA
ran_pars,subj_id,sd__X_i,36.545,NA,NA,NA,NA
ran_pars,item_id,sd__(Intercept),74.215,NA,NA,NA,NA
ran_pars,Residual,sd__Observation,204.06,NA,NA,NA,NA
fixed,NA,(Intercept),813.801,14.599,55.742,111.861,0
fixed,NA,X_i,78.209,22.383,3.494,51.229,0.001
ran_pars,subj_id,sd__(Intercept),96.031,NA,NA,NA,NA
ran_pars,subj_id,cor__(Intercept).X_i,0.026,NA,NA,NA,NA
ran_pars,subj_id,sd__X_i,41.579,NA,NA,NA,NA
ran_pars,item_id,sd__(Intercept),75.141,NA,NA,NA,NA
ran_pars,Residual,sd__Observation,199.99,NA,NA,NA,NA
fixed,NA,(Intercept),804.425,15.49,51.931,104.244,0
fixed,NA,X_i,25.562,24.618,1.038,50.857,0.304
ran_pars,subj_id,sd__(Intercept),96.424,NA,NA,NA,NA
ran_pars,subj_id,cor__(Intercept).X_i,0.209,NA,NA,NA,NA
ran_pars,subj_id,sd__X_i,42.62,NA,NA,NA,NA
ran_pars,item_id,sd__(Intercept),83.441,NA,NA,NA,NA
ran_pars,Residual,sd__Observation,196.525,NA,NA,NA,NA
fixed,NA,(Intercept),797.708,15.785,50.535,123.843,0
fixed,NA,X_i,53.785,22.697,2.37,50.874,0.022
ran_pars,subj_id,sd__(Intercept),111.514,NA,NA,NA,NA
ran_pars,subj_id,cor__(Intercept).X_i,0.403,NA,NA,NA,NA
ran_pars,subj_id,sd__X_i,39.829,NA,NA,NA,NA
ran_pars,item_id,sd__(Intercept),76.452,NA,NA,NA,NA
ran_pars,Residual,sd__Observation,199.094,NA,NA,NA,NA
fixed,NA,(Intercept),786.139,14.91,52.727,112.954,0
fixed,NA,X_i,65.151,22.523,2.893,49.388,0.006
ran_pars,subj_id,sd__(Intercept),98.732,NA,NA,NA,NA
ran_pars,subj_id,cor__(Intercept).X_i,-0.026,NA,NA,NA,NA
ran_pars,subj_id,sd__X_i,28.311,NA,NA,NA,NA
ran_pars,item_id,sd__(Intercept),76.348,NA,NA,NA,NA
ran_pars,Residual,sd__Observation,202.919,NA,NA,NA,NA
fixed,NA,(Intercept),831.223,16.711,49.742,107.213,0
fixed,NA,X_i,54.143,26.174,2.069,50.285,0.044
ran_pars,subj_id,sd__(Intercept),105.894,NA,NA,NA,NA
ran_pars,subj_id,cor__(Intercept).X_i,0.509,NA,NA,NA,NA
ran_pars,subj_id,sd__X_i,40.782,NA,NA,NA,NA
ran_pars,item_id,sd__(Intercept),89.23,NA,NA,NA,NA
ran_pars,Residual,sd__Observation,198.333,NA,NA,NA,NA
fixed,NA,(Intercept),776.306,15.527,49.997,105.628,0
fixed,NA,X_i,48.392,24.26,1.995,48.83,0.052
ran_pars,subj_id,sd__(Intercept),97.638,NA,NA,NA,NA
ran_pars,subj_id,cor__(Intercept).X_i,0.419,NA,NA,NA,NA
ran_pars,subj_id,sd__X_i,23.536,NA,NA,NA,NA
ran_pars,item_id,sd__(Intercept),83.006,NA,NA,NA,NA
ran_pars,Residual,sd__Observation,199.44,NA,NA,NA,NA
fixed,NA,(Intercept),775.78,13.437,57.736,120.127,0
fixed,NA,X_i,76.258,19.828,3.846,53.723,0
ran_pars,subj_id,sd__(Intercept),93.889,NA,NA,NA,NA
ran_pars,subj_id,cor__(Intercept).X_i,0.383,NA,NA,NA,NA
ran_pars,subj_id,sd__X_i,48.567,NA,NA,NA,NA
ran_pars,item_id,sd__(Intercept),64.943,NA,NA,NA,NA
ran_pars,Residual,sd__Observation,200.541,NA,NA,NA,NA
fixed,NA,(Intercept),768.048,14.236,53.951,123.07,0
fixed,NA,X_i,40.317,20.441,1.972,51.048,0.054
ran_pars,subj_id,sd__(Intercept),100.842,NA,NA,NA,NA
ran_pars,subj_id,cor__(Intercept).X_i,0.33,NA,NA,NA,NA
ran_pars,subj_id,sd__X_i,37.313,NA,NA,NA,NA
ran_pars,item_id,sd__(Intercept),68.219,NA,NA,NA,NA
ran_pars,Residual,sd__Observation,198.724,NA,NA,NA,NA
fixed,NA,(Intercept),805.875,15.021,53.648,101.544,0
fixed,NA,X_i,82.809,24.375,3.397,52.886,0.001
ran_pars,subj_id,sd__(Intercept),91.956,NA,NA,NA,NA
ran_pars,subj_id,cor__(Intercept).X_i,0.04,NA,NA,NA,NA
ran_pars,subj_id,sd__X_i,54.579,NA,NA,NA,NA
ran_pars,item_id,sd__(Intercept),81.548,NA,NA,NA,NA
ran_pars,Residual,sd__Observation,201.02,NA,NA,NA,NA
fixed,NA,(Intercept),787.338,14.805,53.182,104.044,0
fixed,NA,X_i,22.653,23.385,0.969,49.817,0.337
ran_pars,subj_id,sd__(Intercept),92.296,NA,NA,NA,NA
ran_pars,subj_id,cor__(Intercept).X_i,0.413,NA,NA,NA,NA
ran_pars,subj_id,sd__X_i,32.988,NA,NA,NA,NA
ran_pars,item_id,sd__(Intercept),79.373,NA,NA,NA,NA
ran_pars,Residual,sd__Observation,199.89,NA,NA,NA,NA
fixed,NA,(Intercept),777.336,15.79,49.229,116.268,0
fixed,NA,X_i,54.358,23.892,2.275,52.429,0.027
ran_pars,subj_id,sd__(Intercept),106.383,NA,NA,NA,NA
ran_pars,subj_id,cor__(Intercept).X_i,-0.048,NA,NA,NA,NA
ran_pars,subj_id,sd__X_i,51.15,NA,NA,NA,NA
ran_pars,item_id,sd__(Intercept),80.034,NA,NA,NA,NA
ran_pars,Residual,sd__Observation,200.626,NA,NA,NA,NA
fixed,NA,(Intercept),806.329,14.53,55.494,110.551,0
fixed,NA,X_i,35.263,22.39,1.575,51.13,0.121
ran_pars,subj_id,sd__(Intercept),94.871,NA,NA,NA,NA
ran_pars,subj_id,cor__(Intercept).X_i,0.185,NA,NA,NA,NA
ran_pars,subj_id,sd__X_i,41.036,NA,NA,NA,NA
ran_pars,item_id,sd__(Intercept),75.113,NA,NA,NA,NA
ran_pars,Residual,sd__Observation,203.434,NA,NA,NA,NA
fixed,NA,(Intercept),828.138,14.704,56.321,116.781,0
fixed,NA,X_i,86.735,22.015,3.94,51.473,0
ran_pars,subj_id,sd__(Intercept),99.767,NA,NA,NA,NA
ran_pars,subj_id,cor__(Intercept).X_i,0.381,NA,NA,NA,NA
ran_pars,subj_id,sd__X_i,42.414,NA,NA,NA,NA
ran_pars,item_id,sd__(Intercept),73.741,NA,NA,NA,NA
ran_pars,Residual,sd__Observation,198.917,NA,NA,NA,NA
fixed,NA,(Intercept),813.522,14.46,56.262,109.195,0
fixed,NA,X_i,63.031,22.45,2.808,51.286,0.007
ran_pars,subj_id,sd__(Intercept),93.538,NA,NA,NA,NA
ran_pars,subj_id,cor__(Intercept).X_i,0.16,NA,NA,NA,NA
ran_pars,subj_id,sd__X_i,42.03,NA,NA,NA,NA
ran_pars,item_id,sd__(Intercept),75.322,NA,NA,NA,NA
ran_pars,Residual,sd__Observation,201.441,NA,NA,NA,NA
fixed,NA,(Intercept),791.207,16.679,47.438,108.708,0
fixed,NA,X_i,71.974,25.834,2.786,49.444,0.008
ran_pars,subj_id,sd__(Intercept),106.746,NA,NA,NA,NA
ran_pars,subj_id,cor__(Intercept).X_i,0.074,NA,NA,NA,NA
ran_pars,subj_id,sd__X_i,32.344,NA,NA,NA,NA
ran_pars,item_id,sd__(Intercept),88.413,NA,NA,NA,NA
ran_pars,Residual,sd__Observation,198.633,NA,NA,NA,NA
fixed,NA,(Intercept),776.683,14.05,55.281,117.793,0
fixed,NA,X_i,50.085,20.972,2.388,52.402,0.021
ran_pars,subj_id,sd__(Intercept),96.199,NA,NA,NA,NA
ran_pars,subj_id,cor__(Intercept).X_i,0.483,NA,NA,NA,NA
ran_pars,subj_id,sd__X_i,45.206,NA,NA,NA,NA
ran_pars,item_id,sd__(Intercept),69.654,NA,NA,NA,NA
ran_pars,Residual,sd__Observation,197.699,NA,NA,NA,NA
fixed,NA,(Intercept),770.182,15.507,49.667,98.647,0
fixed,NA,X_i,5.747,24.943,0.23,48.606,0.819
ran_pars,subj_id,sd__(Intercept),92.717,NA,NA,NA,NA
ran_pars,subj_id,cor__(Intercept).X_i,0.079,NA,NA,NA,NA
ran_pars,subj_id,sd__X_i,20.326,NA,NA,NA,NA
ran_pars,item_id,sd__(Intercept),85.563,NA,NA,NA,NA
ran_pars,Residual,sd__Observation,201.004,NA,NA,NA,NA
fixed,NA,(Intercept),796.119,13.683,58.183,110.387,0
fixed,NA,X_i,36.135,20.955,1.724,50.05,0.091
ran_pars,subj_id,sd__(Intercept),89.422,NA,NA,NA,NA
ran_pars,subj_id,cor__(Intercept).X_i,-0.19,NA,NA,NA,NA
ran_pars,subj_id,sd__X_i,31.72,NA,NA,NA,NA
ran_pars,item_id,sd__(Intercept),70.509,NA,NA,NA,NA
ran_pars,Residual,sd__Observation,197.851,NA,NA,NA,NA
fixed,NA,(Intercept),795.922,16.382,48.586,107.618,0
fixed,NA,X_i,34.084,25.559,1.334,50.053,0.188
ran_pars,subj_id,sd__(Intercept),104.233,NA,NA,NA,NA
ran_pars,subj_id,cor__(Intercept).X_i,0.229,NA,NA,NA,NA
ran_pars,subj_id,sd__X_i,37.922,NA,NA,NA,NA
ran_pars,item_id,sd__(Intercept),87.059,NA,NA,NA,NA
ran_pars,Residual,sd__Observation,201.614,NA,NA,NA,NA
fixed,NA,(Intercept),793.874,15.918,49.873,104.019,0
fixed,NA,X_i,55.156,25.377,2.174,51.301,0.034
ran_pars,subj_id,sd__(Intercept),98.97,NA,NA,NA,NA
ran_pars,subj_id,cor__(Intercept).X_i,-0.088,NA,NA,NA,NA
ran_pars,subj_id,sd__X_i,47.175,NA,NA,NA,NA
ran_pars,item_id,sd__(Intercept),85.788,NA,NA,NA,NA
ran_pars,Residual,sd__Observation,202.947,NA,NA,NA,NA
fixed,NA,(Intercept),836.144,15.276,54.735,116.493,0
fixed,NA,X_i,49.568,22.919,2.163,51.251,0.035
ran_pars,subj_id,sd__(Intercept),103.24,NA,NA,NA,NA
ran_pars,subj_id,cor__(Intercept).X_i,-0.005,NA,NA,NA,NA
ran_pars,subj_id,sd__X_i,42.604,NA,NA,NA,NA
ran_pars,item_id,sd__(Intercept),77.067,NA,NA,NA,NA
ran_pars,Residual,sd__Observation,199.942,NA,NA,NA,NA
fixed,NA,(Intercept),808.73,16.562,48.83,97.603,0
fixed,NA,X_i,32.638,26.853,1.215,49.014,0.23
ran_pars,subj_id,sd__(Intercept),98.003,NA,NA,NA,NA
ran_pars,subj_id,cor__(Intercept).X_i,0.298,NA,NA,NA,NA
ran_pars,subj_id,sd__X_i,28.328,NA,NA,NA,NA
ran_pars,item_id,sd__(Intercept),92.328,NA,NA,NA,NA
ran_pars,Residual,sd__Observation,197.174,NA,NA,NA,NA
fixed,NA,(Intercept),769.123,15.072,51.031,103.313,0
fixed,NA,X_i,22.891,23.896,0.958,49.82,0.343
ran_pars,subj_id,sd__(Intercept),93.405,NA,NA,NA,NA
ran_pars,subj_id,cor__(Intercept).X_i,0.174,NA,NA,NA,NA
ran_pars,subj_id,sd__X_i,33.679,NA,NA,NA,NA
ran_pars,item_id,sd__(Intercept),81.216,NA,NA,NA,NA
ran_pars,Residual,sd__Observation,199.896,NA,NA,NA,NA
fixed,NA,(Intercept),796.774,16.045,49.659,110.802,0
fixed,NA,X_i,71.77,24.772,2.897,50.942,0.006
ran_pars,subj_id,sd__(Intercept),104.3,NA,NA,NA,NA
ran_pars,subj_id,cor__(Intercept).X_i,-0.083,NA,NA,NA,NA
ran_pars,subj_id,sd__X_i,43.657,NA,NA,NA,NA
ran_pars,item_id,sd__(Intercept),83.862,NA,NA,NA,NA
ran_pars,Residual,sd__Observation,199.91,NA,NA,NA,NA
fixed,NA,(Intercept),800.125,17.751,45.074,110.989,0
fixed,NA,X_i,81.459,27.252,2.989,49.491,0.004
ran_pars,subj_id,sd__(Intercept),115.076,NA,NA,NA,NA
ran_pars,subj_id,cor__(Intercept).X_i,0.33,NA,NA,NA,NA
ran_pars,subj_id,sd__X_i,34.52,NA,NA,NA,NA
ran_pars,item_id,sd__(Intercept),93.443,NA,NA,NA,NA
ran_pars,Residual,sd__Observation,200.671,NA,NA,NA,NA
fixed,NA,(Intercept),800.11,14.458,55.34,98.871,0
fixed,NA,X_i,80.988,23.48,3.449,50.88,0.001
ran_pars,subj_id,sd__(Intercept),86.855,NA,NA,NA,NA
ran_pars,subj_id,cor__(Intercept).X_i,-0.123,NA,NA,NA,NA
ran_pars,subj_id,sd__X_i,41.088,NA,NA,NA,NA
ran_pars,item_id,sd__(Intercept),79.286,NA,NA,NA,NA
ran_pars,Residual,sd__Observation,198.445,NA,NA,NA,NA
fixed,NA,(Intercept),827.765,15.491,53.436,95.183,0
fixed,NA,X_i,45.007,25.413,1.771,49.656,0.083
ran_pars,subj_id,sd__(Intercept),90.235,NA,NA,NA,NA
ran_pars,subj_id,cor__(Intercept).X_i,0.148,NA,NA,NA,NA
ran_pars,subj_id,sd__X_i,34.123,NA,NA,NA,NA
ran_pars,item_id,sd__(Intercept),86.675,NA,NA,NA,NA
ran_pars,Residual,sd__Observation,203.564,NA,NA,NA,NA
fixed,NA,(Intercept),776.815,16.022,48.483,94.697,0
fixed,NA,X_i,49.52,26.384,1.877,49.863,0.066
ran_pars,subj_id,sd__(Intercept),92.83,NA,NA,NA,NA
ran_pars,subj_id,cor__(Intercept).X_i,0.031,NA,NA,NA,NA
ran_pars,subj_id,sd__X_i,37.327,NA,NA,NA,NA
ran_pars,item_id,sd__(Intercept),90.094,NA,NA,NA,NA
ran_pars,Residual,sd__Observation,202.508,NA,NA,NA,NA
fixed,NA,(Intercept),797.467,14.109,56.521,117.244,0
fixed,NA,X_i,58.891,21.183,2.78,52.892,0.008
ran_pars,subj_id,sd__(Intercept),96.243,NA,NA,NA,NA
ran_pars,subj_id,cor__(Intercept).X_i,0.11,NA,NA,NA,NA
ran_pars,subj_id,sd__X_i,47.912,NA,NA,NA,NA
ran_pars,item_id,sd__(Intercept),70.221,NA,NA,NA,NA
ran_pars,Residual,sd__Observation,197.8,NA,NA,NA,NA
fixed,NA,(Intercept),812.187,14.681,55.322,110.73,0
fixed,NA,X_i,45.024,22.992,1.958,54.239,0.055
ran_pars,subj_id,sd__(Intercept),95.778,NA,NA,NA,NA
ran_pars,subj_id,cor__(Intercept).X_i,0.348,NA,NA,NA,NA
ran_pars,subj_id,sd__X_i,57.806,NA,NA,NA,NA
ran_pars,item_id,sd__(Intercept),76.137,NA,NA,NA,NA
ran_pars,Residual,sd__Observation,198.286,NA,NA,NA,NA
fixed,NA,(Intercept),802.367,14.875,53.939,94.757,0
fixed,NA,X_i,88.06,24.545,3.588,50.487,0.001
ran_pars,subj_id,sd__(Intercept),86.403,NA,NA,NA,NA
ran_pars,subj_id,cor__(Intercept).X_i,0.285,NA,NA,NA,NA
ran_pars,subj_id,sd__X_i,39.963,NA,NA,NA,NA
ran_pars,item_id,sd__(Intercept),83.283,NA,NA,NA,NA
ran_pars,Residual,sd__Observation,198.753,NA,NA,NA,NA
fixed,NA,(Intercept),792.733,15.443,51.334,118.991,0
fixed,NA,X_i,49.165,22.906,2.146,51.74,0.037
ran_pars,subj_id,sd__(Intercept),106.056,NA,NA,NA,NA
ran_pars,subj_id,cor__(Intercept).X_i,0.236,NA,NA,NA,NA
ran_pars,subj_id,sd__X_i,45.476,NA,NA,NA,NA
ran_pars,item_id,sd__(Intercept),76.729,NA,NA,NA,NA
ran_pars,Residual,sd__Observation,203.076,NA,NA,NA,NA
fixed,NA,(Intercept),810.138,15.74,51.469,115.461,0
fixed,NA,X_i,65.768,23.79,2.765,51.447,0.008
ran_pars,subj_id,sd__(Intercept),105.553,NA,NA,NA,NA
ran_pars,subj_id,cor__(Intercept).X_i,0.07,NA,NA,NA,NA
ran_pars,subj_id,sd__X_i,45.37,NA,NA,NA,NA
ran_pars,item_id,sd__(Intercept),80.076,NA,NA,NA,NA
ran_pars,Residual,sd__Observation,201.259,NA,NA,NA,NA
fixed,NA,(Intercept),797.592,14.607,54.605,115.018,0
fixed,NA,X_i,58.138,22.072,2.634,51.727,0.011
ran_pars,subj_id,sd__(Intercept),98.179,NA,NA,NA,NA
ran_pars,subj_id,cor__(Intercept).X_i,0.257,NA,NA,NA,NA
ran_pars,subj_id,sd__X_i,43.949,NA,NA,NA,NA
ran_pars,item_id,sd__(Intercept),73.703,NA,NA,NA,NA
ran_pars,Residual,sd__Observation,203.953,NA,NA,NA,NA
fixed,NA,(Intercept),820.185,15.46,53.054,118.699,0
fixed,NA,X_i,36.953,22.851,1.617,50.674,0.112
ran_pars,subj_id,sd__(Intercept),105.935,NA,NA,NA,NA
ran_pars,subj_id,cor__(Intercept).X_i,0.13,NA,NA,NA,NA
ran_pars,subj_id,sd__X_i,38.808,NA,NA,NA,NA
ran_pars,item_id,sd__(Intercept),77.013,NA,NA,NA,NA
ran_pars,Residual,sd__Observation,201.953,NA,NA,NA,NA
fixed,NA,(Intercept),804.12,16.488,48.77,103.011,0
fixed,NA,X_i,43.836,26.105,1.679,48.925,0.099
ran_pars,subj_id,sd__(Intercept),101.612,NA,NA,NA,NA
ran_pars,subj_id,cor__(Intercept).X_i,0.724,NA,NA,NA,NA
ran_pars,subj_id,sd__X_i,26.515,NA,NA,NA,NA
ran_pars,item_id,sd__(Intercept),89.589,NA,NA,NA,NA
ran_pars,Residual,sd__Observation,201.019,NA,NA,NA,NA
fixed,NA,(Intercept),795.588,15.951,49.877,114.069,0
fixed,NA,X_i,52.597,24.586,2.139,53.72,0.037
ran_pars,subj_id,sd__(Intercept),105.86,NA,NA,NA,NA
ran_pars,subj_id,cor__(Intercept).X_i,-0.007,NA,NA,NA,NA
ran_pars,subj_id,sd__X_i,59.134,NA,NA,NA,NA
ran_pars,item_id,sd__(Intercept),82.014,NA,NA,NA,NA
ran_pars,Residual,sd__Observation,198.035,NA,NA,NA,NA
fixed,NA,(Intercept),812.709,14.963,54.313,106.006,0
fixed,NA,X_i,66.951,23.548,2.843,50.778,0.006
ran_pars,subj_id,sd__(Intercept),94.541,NA,NA,NA,NA
ran_pars,subj_id,cor__(Intercept).X_i,0.358,NA,NA,NA,NA
ran_pars,subj_id,sd__X_i,40.498,NA,NA,NA,NA
ran_pars,item_id,sd__(Intercept),79.503,NA,NA,NA,NA
ran_pars,Residual,sd__Observation,201.333,NA,NA,NA,NA
fixed,NA,(Intercept),831.78,15.26,54.506,122.095,0
fixed,NA,X_i,63.331,21.996,2.879,49.722,0.006
ran_pars,subj_id,sd__(Intercept),106.894,NA,NA,NA,NA
ran_pars,subj_id,cor__(Intercept).X_i,0.282,NA,NA,NA,NA
ran_pars,subj_id,sd__X_i,30.582,NA,NA,NA,NA
ran_pars,item_id,sd__(Intercept),74.362,NA,NA,NA,NA
ran_pars,Residual,sd__Observation,200.262,NA,NA,NA,NA
fixed,NA,(Intercept),820.451,14.04,58.435,108.066,0
fixed,NA,X_i,55.593,21.69,2.563,49.454,0.013
ran_pars,subj_id,sd__(Intercept),90.256,NA,NA,NA,NA
ran_pars,subj_id,cor__(Intercept).X_i,0.063,NA,NA,NA,NA
ran_pars,subj_id,sd__X_i,27.903,NA,NA,NA,NA
ran_pars,item_id,sd__(Intercept),73.366,NA,NA,NA,NA
ran_pars,Residual,sd__Observation,200.243,NA,NA,NA,NA
fixed,NA,(Intercept),794.231,15.373,51.664,109.622,0
fixed,NA,X_i,71.124,23.599,3.014,49.054,0.004
ran_pars,subj_id,sd__(Intercept),99.383,NA,NA,NA,NA
ran_pars,subj_id,cor__(Intercept).X_i,0.376,NA,NA,NA,NA
ran_pars,subj_id,sd__X_i,25.772,NA,NA,NA,NA
ran_pars,item_id,sd__(Intercept),80.462,NA,NA,NA,NA
ran_pars,Residual,sd__Observation,201.006,NA,NA,NA,NA
fixed,NA,(Intercept),774.863,14.649,52.894,119.052,0
fixed,NA,X_i,48.182,21.939,2.196,53.984,0.032
ran_pars,subj_id,sd__(Intercept),100.816,NA,NA,NA,NA
ran_pars,subj_id,cor__(Intercept).X_i,0.41,NA,NA,NA,NA
ran_pars,subj_id,sd__X_i,54.265,NA,NA,NA,NA
ran_pars,item_id,sd__(Intercept),72.517,NA,NA,NA,NA
ran_pars,Residual,sd__Observation,197.386,NA,NA,NA,NA
fixed,NA,(Intercept),782.518,14.916,52.46,107.844,0
fixed,NA,X_i,89.359,23.219,3.849,50.357,0
ran_pars,subj_id,sd__(Intercept),95.479,NA,NA,NA,NA
ran_pars,subj_id,cor__(Intercept).X_i,0.41,NA,NA,NA,NA
ran_pars,subj_id,sd__X_i,37.122,NA,NA,NA,NA
ran_pars,item_id,sd__(Intercept),78.474,NA,NA,NA,NA
ran_pars,Residual,sd__Observation,202.122,NA,NA,NA,NA
fixed,NA,(Intercept),804.98,16.489,48.819,112.039,0
fixed,NA,X_i,35.193,25.421,1.384,51.638,0.172
ran_pars,subj_id,sd__(Intercept),107.901,NA,NA,NA,NA
ran_pars,subj_id,cor__(Intercept).X_i,0.306,NA,NA,NA,NA
ran_pars,subj_id,sd__X_i,49.402,NA,NA,NA,NA
ran_pars,item_id,sd__(Intercept),85.874,NA,NA,NA,NA
ran_pars,Residual,sd__Observation,199.65,NA,NA,NA,NA
fixed,NA,(Intercept),781.12,15.632,49.968,119.539,0
fixed,NA,X_i,30.383,23.108,1.315,51.423,0.194
ran_pars,subj_id,sd__(Intercept),107.568,NA,NA,NA,NA
ran_pars,subj_id,cor__(Intercept).X_i,0.481,NA,NA,NA,NA
ran_pars,subj_id,sd__X_i,43.963,NA,NA,NA,NA
ran_pars,item_id,sd__(Intercept),77.659,NA,NA,NA,NA
ran_pars,Residual,sd__Observation,200.516,NA,NA,NA,NA
fixed,NA,(Intercept),808.564,13.921,58.081,125.719,0
fixed,NA,X_i,60.208,19.648,3.064,51.863,0.003
ran_pars,subj_id,sd__(Intercept),100.666,NA,NA,NA,NA
ran_pars,subj_id,cor__(Intercept).X_i,0.491,NA,NA,NA,NA
ran_pars,subj_id,sd__X_i,40.214,NA,NA,NA,NA
ran_pars,item_id,sd__(Intercept),65.012,NA,NA,NA,NA
ran_pars,Residual,sd__Observation,199.207,NA,NA,NA,NA
fixed,NA,(Intercept),796.498,15.529,51.291,104.025,0
fixed,NA,X_i,38.751,24.515,1.581,49.441,0.12
ran_pars,subj_id,sd__(Intercept),96.593,NA,NA,NA,NA
ran_pars,subj_id,cor__(Intercept).X_i,0.427,NA,NA,NA,NA
ran_pars,subj_id,sd__X_i,30.971,NA,NA,NA,NA
ran_pars,item_id,sd__(Intercept),83.635,NA,NA,NA,NA
ran_pars,Residual,sd__Observation,199.333,NA,NA,NA,NA
fixed,NA,(Intercept),780.424,16.758,46.571,108.472,0
fixed,NA,X_i,71.991,26.009,2.768,49.613,0.008
ran_pars,subj_id,sd__(Intercept),107.068,NA,NA,NA,NA
ran_pars,subj_id,cor__(Intercept).X_i,0.38,NA,NA,NA,NA
ran_pars,subj_id,sd__X_i,34.283,NA,NA,NA,NA
ran_pars,item_id,sd__(Intercept),88.961,NA,NA,NA,NA
ran_pars,Residual,sd__Observation,198.751,NA,NA,NA,NA
fixed,NA,(Intercept),799.268,15.236,52.461,98.159,0
fixed,NA,X_i,9.918,24.762,0.401,50.198,0.69
ran_pars,subj_id,sd__(Intercept),90.796,NA,NA,NA,NA
ran_pars,subj_id,cor__(Intercept).X_i,0.275,NA,NA,NA,NA
ran_pars,subj_id,sd__X_i,37.971,NA,NA,NA,NA
ran_pars,item_id,sd__(Intercept),84.247,NA,NA,NA,NA
ran_pars,Residual,sd__Observation,196.583,NA,NA,NA,NA
fixed,NA,(Intercept),784.948,14.869,52.792,103.467,0
fixed,NA,X_i,60.54,23.668,2.558,50.778,0.014
ran_pars,subj_id,sd__(Intercept),92.293,NA,NA,NA,NA
ran_pars,subj_id,cor__(Intercept).X_i,0.325,NA,NA,NA,NA
ran_pars,subj_id,sd__X_i,40.727,NA,NA,NA,NA
ran_pars,item_id,sd__(Intercept),79.981,NA,NA,NA,NA
ran_pars,Residual,sd__Observation,199.465,NA,NA,NA,NA
fixed,NA,(Intercept),813.585,14.675,55.439,136.739,0
fixed,NA,X_i,43.428,18.193,2.387,54.61,0.02
ran_pars,subj_id,sd__(Intercept),117.628,NA,NA,NA,NA
ran_pars,subj_id,cor__(Intercept).X_i,0.31,NA,NA,NA,NA
ran_pars,subj_id,sd__X_i,47.934,NA,NA,NA,NA
ran_pars,item_id,sd__(Intercept),58.841,NA,NA,NA,NA
ran_pars,Residual,sd__Observation,196.961,NA,NA,NA,NA
fixed,NA,(Intercept),815.107,16.911,48.199,101.981,0
fixed,NA,X_i,36.729,27.116,1.355,50.381,0.182
ran_pars,subj_id,sd__(Intercept),103.333,NA,NA,NA,NA
ran_pars,subj_id,cor__(Intercept).X_i,0.159,NA,NA,NA,NA
ran_pars,subj_id,sd__X_i,42.948,NA,NA,NA,NA
ran_pars,item_id,sd__(Intercept),92.543,NA,NA,NA,NA
ran_pars,Residual,sd__Observation,199.062,NA,NA,NA,NA
fixed,NA,(Intercept),808.994,14.598,55.418,134.864,0
fixed,NA,X_i,80.242,18.841,4.259,52.296,0
ran_pars,subj_id,sd__(Intercept),113.355,NA,NA,NA,NA
ran_pars,subj_id,cor__(Intercept).X_i,0.426,NA,NA,NA,NA
ran_pars,subj_id,sd__X_i,40.661,NA,NA,NA,NA
ran_pars,item_id,sd__(Intercept),61.998,NA,NA,NA,NA
ran_pars,Residual,sd__Observation,196.622,NA,NA,NA,NA
fixed,NA,(Intercept),747.993,14.683,50.944,107.99,0
fixed,NA,X_i,72.344,22.885,3.161,50.808,0.003
ran_pars,subj_id,sd__(Intercept),94.13,NA,NA,NA,NA
ran_pars,subj_id,cor__(Intercept).X_i,0.249,NA,NA,NA,NA
ran_pars,subj_id,sd__X_i,39.744,NA,NA,NA,NA
ran_pars,item_id,sd__(Intercept),77.098,NA,NA,NA,NA
ran_pars,Residual,sd__Observation,201.202,NA,NA,NA,NA
fixed,NA,(Intercept),801.863,15.068,53.215,103.588,0
fixed,NA,X_i,60.191,23.96,2.512,50.694,0.015
ran_pars,subj_id,sd__(Intercept),93.63,NA,NA,NA,NA
ran_pars,subj_id,cor__(Intercept).X_i,0.085,NA,NA,NA,NA
ran_pars,subj_id,sd__X_i,40.668,NA,NA,NA,NA
ran_pars,item_id,sd__(Intercept),80.98,NA,NA,NA,NA
ran_pars,Residual,sd__Observation,202.874,NA,NA,NA,NA
fixed,NA,(Intercept),797.476,16.773,47.545,109.571,0
fixed,NA,X_i,36.992,26.227,1.41,52.065,0.164
ran_pars,subj_id,sd__(Intercept),107.962,NA,NA,NA,NA
ran_pars,subj_id,cor__(Intercept).X_i,0.188,NA,NA,NA,NA
ran_pars,subj_id,sd__X_i,53.629,NA,NA,NA,NA
ran_pars,item_id,sd__(Intercept),88.539,NA,NA,NA,NA
ran_pars,Residual,sd__Observation,199.897,NA,NA,NA,NA
fixed,NA,(Intercept),776.673,14.306,54.292,116.847,0
fixed,NA,X_i,31.526,21.416,1.472,51.789,0.147
ran_pars,subj_id,sd__(Intercept),97.271,NA,NA,NA,NA
ran_pars,subj_id,cor__(Intercept).X_i,0.07,NA,NA,NA,NA
ran_pars,subj_id,sd__X_i,42.998,NA,NA,NA,NA
ran_pars,item_id,sd__(Intercept),71.457,NA,NA,NA,NA
ran_pars,Residual,sd__Observation,198.896,NA,NA,NA,NA
fixed,NA,(Intercept),764.645,14.433,52.978,112.067,0
fixed,NA,X_i,63.611,22.234,2.861,52.512,0.006
ran_pars,subj_id,sd__(Intercept),95.167,NA,NA,NA,NA
ran_pars,subj_id,cor__(Intercept).X_i,0.258,NA,NA,NA,NA
ran_pars,subj_id,sd__X_i,48.292,NA,NA,NA,NA
ran_pars,item_id,sd__(Intercept),74.04,NA,NA,NA,NA
ran_pars,Residual,sd__Observation,201.45,NA,NA,NA,NA
fixed,NA,(Intercept),805.775,15.644,51.509,125.987,0
fixed,NA,X_i,48.671,22.129,2.199,50.629,0.032
ran_pars,subj_id,sd__(Intercept),112.156,NA,NA,NA,NA
ran_pars,subj_id,cor__(Intercept).X_i,0.244,NA,NA,NA,NA
ran_pars,subj_id,sd__X_i,37.35,NA,NA,NA,NA
ran_pars,item_id,sd__(Intercept),74.491,NA,NA,NA,NA
ran_pars,Residual,sd__Observation,199.387,NA,NA,NA,NA
fixed,NA,(Intercept),785.732,14.446,54.391,108.819,0
fixed,NA,X_i,72.555,22.215,3.266,48.94,0.002
ran_pars,subj_id,sd__(Intercept),93.099,NA,NA,NA,NA
ran_pars,subj_id,cor__(Intercept).X_i,0.368,NA,NA,NA,NA
ran_pars,subj_id,sd__X_i,23.328,NA,NA,NA,NA
ran_pars,item_id,sd__(Intercept),75.591,NA,NA,NA,NA
ran_pars,Residual,sd__Observation,196.636,NA,NA,NA,NA
fixed,NA,(Intercept),791.021,13.639,57.999,100.557,0
fixed,NA,X_i,34.513,22.245,1.552,53.5,0.127
ran_pars,subj_id,sd__(Intercept),83.246,NA,NA,NA,NA
ran_pars,subj_id,cor__(Intercept).X_i,0.022,NA,NA,NA,NA
ran_pars,subj_id,sd__X_i,52.911,NA,NA,NA,NA
ran_pars,item_id,sd__(Intercept),73.743,NA,NA,NA,NA
ran_pars,Residual,sd__Observation,199.396,NA,NA,NA,NA
fixed,NA,(Intercept),796.102,16.418,48.49,117.306,0
fixed,NA,X_i,6.924,24.363,0.284,49.343,0.777
ran_pars,subj_id,sd__(Intercept),111.067,NA,NA,NA,NA
ran_pars,subj_id,cor__(Intercept).X_i,-0.158,NA,NA,NA,NA
ran_pars,subj_id,sd__X_i,29.699,NA,NA,NA,NA
ran_pars,item_id,sd__(Intercept),83.142,NA,NA,NA,NA
ran_pars,Residual,sd__Observation,199.238,NA,NA,NA,NA
fixed,NA,(Intercept),789.55,14.753,53.516,117.298,0
fixed,NA,X_i,58.981,22.267,2.649,53.506,0.011
ran_pars,subj_id,sd__(Intercept),100.359,NA,NA,NA,NA
ran_pars,subj_id,cor__(Intercept).X_i,0.251,NA,NA,NA,NA
ran_pars,subj_id,sd__X_i,52.934,NA,NA,NA,NA
ran_pars,item_id,sd__(Intercept),73.868,NA,NA,NA,NA
ran_pars,Residual,sd__Observation,197.683,NA,NA,NA,NA
fixed,NA,(Intercept),795.162,14.524,54.749,116.51,0
fixed,NA,X_i,48.1,21.569,2.23,49.983,0.03
ran_pars,subj_id,sd__(Intercept),98.601,NA,NA,NA,NA
ran_pars,subj_id,cor__(Intercept).X_i,0.037,NA,NA,NA,NA
ran_pars,subj_id,sd__X_i,32.171,NA,NA,NA,NA
ran_pars,item_id,sd__(Intercept),72.602,NA,NA,NA,NA
ran_pars,Residual,sd__Observation,203.704,NA,NA,NA,NA
fixed,NA,(Intercept),812.948,16.297,49.884,115.134,0
fixed,NA,X_i,37.853,24.498,1.545,49.737,0.129
ran_pars,subj_id,sd__(Intercept),108.794,NA,NA,NA,NA
ran_pars,subj_id,cor__(Intercept).X_i,0.411,NA,NA,NA,NA
ran_pars,subj_id,sd__X_i,33.584,NA,NA,NA,NA
ran_pars,item_id,sd__(Intercept),83.447,NA,NA,NA,NA
ran_pars,Residual,sd__Observation,199.448,NA,NA,NA,NA
fixed,NA,(Intercept),773.159,16.91,45.721,92.981,0
fixed,NA,X_i,6.587,28.087,0.235,49.936,0.816
ran_pars,subj_id,sd__(Intercept),96.325,NA,NA,NA,NA
ran_pars,subj_id,cor__(Intercept).X_i,0.153,NA,NA,NA,NA
ran_pars,subj_id,sd__X_i,40.194,NA,NA,NA,NA
ran_pars,item_id,sd__(Intercept),96.3,NA,NA,NA,NA
ran_pars,Residual,sd__Observation,196.222,NA,NA,NA,NA
fixed,NA,(Intercept),828.515,15.411,53.762,120.913,0
fixed,NA,X_i,58.625,22.772,2.574,53.023,0.013
ran_pars,subj_id,sd__(Intercept),107.036,NA,NA,NA,NA
ran_pars,subj_id,cor__(Intercept).X_i,-0.083,NA,NA,NA,NA
ran_pars,subj_id,sd__X_i,51.827,NA,NA,NA,NA
ran_pars,item_id,sd__(Intercept),75.81,NA,NA,NA,NA
ran_pars,Residual,sd__Observation,199.743,NA,NA,NA,NA
fixed,NA,(Intercept),814.986,17.215,47.34,100.063,0
fixed,NA,X_i,8.458,27.796,0.304,50.102,0.762
ran_pars,subj_id,sd__(Intercept),103.683,NA,NA,NA,NA
ran_pars,subj_id,cor__(Intercept).X_i,-0.127,NA,NA,NA,NA
ran_pars,subj_id,sd__X_i,41.42,NA,NA,NA,NA
ran_pars,item_id,sd__(Intercept),95.111,NA,NA,NA,NA
ran_pars,Residual,sd__Observation,199.376,NA,NA,NA,NA
fixed,NA,(Intercept),801.622,15.388,52.094,97.093,0
fixed,NA,X_i,59.099,25.283,2.338,51.513,0.023
ran_pars,subj_id,sd__(Intercept),91.023,NA,NA,NA,NA
ran_pars,subj_id,cor__(Intercept).X_i,0.088,NA,NA,NA,NA
ran_pars,subj_id,sd__X_i,48.424,NA,NA,NA,NA
ran_pars,item_id,sd__(Intercept),85.36,NA,NA,NA,NA
ran_pars,Residual,sd__Observation,202.643,NA,NA,NA,NA
fixed,NA,(Intercept),788.623,14.42,54.689,129.824,0
fixed,NA,X_i,25.905,19.532,1.326,50.683,0.191
ran_pars,subj_id,sd__(Intercept),107.453,NA,NA,NA,NA
ran_pars,subj_id,cor__(Intercept).X_i,0.508,NA,NA,NA,NA
ran_pars,subj_id,sd__X_i,34.026,NA,NA,NA,NA
ran_pars,item_id,sd__(Intercept),64.851,NA,NA,NA,NA
ran_pars,Residual,sd__Observation,204.471,NA,NA,NA,NA
fixed,NA,(Intercept),783.965,13.92,56.319,96.82,0
fixed,NA,X_i,42.91,22.729,1.888,50.441,0.065
ran_pars,subj_id,sd__(Intercept),82.487,NA,NA,NA,NA
ran_pars,subj_id,cor__(Intercept).X_i,0.282,NA,NA,NA,NA
ran_pars,subj_id,sd__X_i,36.977,NA,NA,NA,NA
ran_pars,item_id,sd__(Intercept),76.712,NA,NA,NA,NA
ran_pars,Residual,sd__Observation,200.42,NA,NA,NA,NA
fixed,NA,(Intercept),814.421,15.25,53.405,118.827,0
fixed,NA,X_i,46.792,22.811,2.051,53.176,0.045
ran_pars,subj_id,sd__(Intercept),104.595,NA,NA,NA,NA
ran_pars,subj_id,cor__(Intercept).X_i,0.423,NA,NA,NA,NA
ran_pars,subj_id,sd__X_i,52.658,NA,NA,NA,NA
ran_pars,item_id,sd__(Intercept),75.893,NA,NA,NA,NA
ran_pars,Residual,sd__Observation,199.536,NA,NA,NA,NA
fixed,NA,(Intercept),780.373,14.74,52.942,131.441,0
fixed,NA,X_i,23.24,19.982,1.163,52.935,0.25
ran_pars,subj_id,sd__(Intercept),110.761,NA,NA,NA,NA
ran_pars,subj_id,cor__(Intercept).X_i,0.03,NA,NA,NA,NA
ran_pars,subj_id,sd__X_i,45.706,NA,NA,NA,NA
ran_pars,item_id,sd__(Intercept),65.768,NA,NA,NA,NA
ran_pars,Residual,sd__Observation,201.07,NA,NA,NA,NA
fixed,NA,(Intercept),800.503,15.623,51.238,109.155,0
fixed,NA,X_i,60.174,24.248,2.482,50.551,0.016
ran_pars,subj_id,sd__(Intercept),100.54,NA,NA,NA,NA
ran_pars,subj_id,cor__(Intercept).X_i,-0.037,NA,NA,NA,NA
ran_pars,subj_id,sd__X_i,39.973,NA,NA,NA,NA
ran_pars,item_id,sd__(Intercept),82.219,NA,NA,NA,NA
ran_pars,Residual,sd__Observation,197.52,NA,NA,NA,NA
fixed,NA,(Intercept),796.972,16.706,47.706,104.407,0
fixed,NA,X_i,50.525,26.636,1.897,51.446,0.063
ran_pars,subj_id,sd__(Intercept),103.952,NA,NA,NA,NA
ran_pars,subj_id,cor__(Intercept).X_i,0.402,NA,NA,NA,NA
ran_pars,subj_id,sd__X_i,50.351,NA,NA,NA,NA
ran_pars,item_id,sd__(Intercept),90.211,NA,NA,NA,NA
ran_pars,Residual,sd__Observation,203.337,NA,NA,NA,NA
fixed,NA,(Intercept),773.722,13.538,57.154,125.161,0
fixed,NA,X_i,53.889,19.068,2.826,51.268,0.007
ran_pars,subj_id,sd__(Intercept),97.811,NA,NA,NA,NA
ran_pars,subj_id,cor__(Intercept).X_i,0.302,NA,NA,NA,NA
ran_pars,subj_id,sd__X_i,36.317,NA,NA,NA,NA
ran_pars,item_id,sd__(Intercept),63.1,NA,NA,NA,NA
ran_pars,Residual,sd__Observation,199.548,NA,NA,NA,NA
fixed,NA,(Intercept),812.446,15.214,53.403,110.225,0
fixed,NA,X_i,44.474,23.308,1.908,49.333,0.062
ran_pars,subj_id,sd__(Intercept),98.832,NA,NA,NA,NA
ran_pars,subj_id,cor__(Intercept).X_i,0.222,NA,NA,NA,NA
ran_pars,subj_id,sd__X_i,28.589,NA,NA,NA,NA
ran_pars,item_id,sd__(Intercept),79.253,NA,NA,NA,NA
ran_pars,Residual,sd__Observation,201.921,NA,NA,NA,NA
fixed,NA,(Intercept),794.103,15.851,50.099,105.784,0
fixed,NA,X_i,31.746,24.933,1.273,50.188,0.209
ran_pars,subj_id,sd__(Intercept),99.737,NA,NA,NA,NA
ran_pars,subj_id,cor__(Intercept).X_i,-0.034,NA,NA,NA,NA
ran_pars,subj_id,sd__X_i,38.18,NA,NA,NA,NA
ran_pars,item_id,sd__(Intercept),84.762,NA,NA,NA,NA
ran_pars,Residual,sd__Observation,201.006,NA,NA,NA,NA
fixed,NA,(Intercept),808.641,15.009,53.878,119.75,0
fixed,NA,X_i,61.72,22.325,2.765,53.175,0.008
ran_pars,subj_id,sd__(Intercept),103.588,NA,NA,NA,NA
ran_pars,subj_id,cor__(Intercept).X_i,-0.092,NA,NA,NA,NA
ran_pars,subj_id,sd__X_i,51.558,NA,NA,NA,NA
ran_pars,item_id,sd__(Intercept),74.209,NA,NA,NA,NA
ran_pars,Residual,sd__Observation,197.769,NA,NA,NA,NA
fixed,NA,(Intercept),804.022,13.455,59.757,121.916,0
fixed,NA,X_i,81.419,19.322,4.214,50.577,0
ran_pars,subj_id,sd__(Intercept),95.106,NA,NA,NA,NA
ran_pars,subj_id,cor__(Intercept).X_i,-0.033,NA,NA,NA,NA
ran_pars,subj_id,sd__X_i,33.178,NA,NA,NA,NA
ran_pars,item_id,sd__(Intercept),64.282,NA,NA,NA,NA
ran_pars,Residual,sd__Observation,199.218,NA,NA,NA,NA
fixed,NA,(Intercept),799.116,15.533,51.447,100.481,0
fixed,NA,X_i,60.093,25.162,2.388,51.4,0.021
ran_pars,subj_id,sd__(Intercept),94.125,NA,NA,NA,NA
ran_pars,subj_id,cor__(Intercept).X_i,0.14,NA,NA,NA,NA
ran_pars,subj_id,sd__X_i,47.368,NA,NA,NA,NA
ran_pars,item_id,sd__(Intercept),85.132,NA,NA,NA,NA
ran_pars,Residual,sd__Observation,196.435,NA,NA,NA,NA
fixed,NA,(Intercept),834.641,15.065,55.404,108.913,0
fixed,NA,X_i,59.146,23.279,2.541,49.784,0.014
ran_pars,subj_id,sd__(Intercept),97.014,NA,NA,NA,NA
ran_pars,subj_id,cor__(Intercept).X_i,-0.025,NA,NA,NA,NA
ran_pars,subj_id,sd__X_i,32.619,NA,NA,NA,NA
ran_pars,item_id,sd__(Intercept),79.004,NA,NA,NA,NA
ran_pars,Residual,sd__Observation,199.865,NA,NA,NA,NA
fixed,NA,(Intercept),789.204,14.901,52.962,99.477,0
fixed,NA,X_i,92.943,24.024,3.869,49.871,0
ran_pars,subj_id,sd__(Intercept),89.829,NA,NA,NA,NA
ran_pars,subj_id,cor__(Intercept).X_i,0.38,NA,NA,NA,NA
ran_pars,subj_id,sd__X_i,34.282,NA,NA,NA,NA
ran_pars,item_id,sd__(Intercept),81.672,NA,NA,NA,NA
ran_pars,Residual,sd__Observation,199.332,NA,NA,NA,NA
fixed,NA,(Intercept),794.567,15.773,50.374,122.658,0
fixed,NA,X_i,19.253,23.003,0.837,52.266,0.406
ran_pars,subj_id,sd__(Intercept),110.635,NA,NA,NA,NA
ran_pars,subj_id,cor__(Intercept).X_i,0.22,NA,NA,NA,NA
ran_pars,subj_id,sd__X_i,48.516,NA,NA,NA,NA
ran_pars,item_id,sd__(Intercept),76.932,NA,NA,NA,NA
ran_pars,Residual,sd__Observation,200.282,NA,NA,NA,NA
fixed,NA,(Intercept),792.299,17.049,46.471,100.882,0
fixed,NA,X_i,44.161,27.213,1.623,48.58,0.111
ran_pars,subj_id,sd__(Intercept),103.326,NA,NA,NA,NA
ran_pars,subj_id,cor__(Intercept).X_i,-0.119,NA,NA,NA,NA
ran_pars,subj_id,sd__X_i,22.076,NA,NA,NA,NA
ran_pars,item_id,sd__(Intercept),93.808,NA,NA,NA,NA
ran_pars,Residual,sd__Observation,199.004,NA,NA,NA,NA
fixed,NA,(Intercept),823.299,15.146,54.358,124.441,0
fixed,NA,X_i,56.899,21.902,2.598,53.276,0.012
ran_pars,subj_id,sd__(Intercept),107.712,NA,NA,NA,NA
ran_pars,subj_id,cor__(Intercept).X_i,0.163,NA,NA,NA,NA
ran_pars,subj_id,sd__X_i,51.146,NA,NA,NA,NA
ran_pars,item_id,sd__(Intercept),72.631,NA,NA,NA,NA
ran_pars,Residual,sd__Observation,198.442,NA,NA,NA,NA
fixed,NA,(Intercept),794.583,13.743,57.819,107.651,0
fixed,NA,X_i,21.133,21.111,1.001,48.125,0.322
ran_pars,subj_id,sd__(Intercept),88.167,NA,NA,NA,NA
ran_pars,subj_id,cor__(Intercept).X_i,0.815,NA,NA,NA,NA
ran_pars,subj_id,sd__X_i,10.809,NA,NA,NA,NA
ran_pars,item_id,sd__(Intercept),71.845,NA,NA,NA,NA
ran_pars,Residual,sd__Observation,198.644,NA,NA,NA,NA
fixed,NA,(Intercept),800.304,17.094,46.819,104.991,0
fixed,NA,X_i,78.537,26.884,2.921,49.021,0.005
ran_pars,subj_id,sd__(Intercept),106.549,NA,NA,NA,NA
ran_pars,subj_id,cor__(Intercept).X_i,0.353,NA,NA,NA,NA
ran_pars,subj_id,sd__X_i,28.412,NA,NA,NA,NA
ran_pars,item_id,sd__(Intercept),92.49,NA,NA,NA,NA
ran_pars,Residual,sd__Observation,194.638,NA,NA,NA,NA
fixed,NA,(Intercept),809.057,17.535,46.138,99.931,0
fixed,NA,X_i,21.918,28.377,0.772,50.351,0.443
ran_pars,subj_id,sd__(Intercept),105.417,NA,NA,NA,NA
ran_pars,subj_id,cor__(Intercept).X_i,0.363,NA,NA,NA,NA
ran_pars,subj_id,sd__X_i,44.524,NA,NA,NA,NA
ran_pars,item_id,sd__(Intercept),97.099,NA,NA,NA,NA
ran_pars,Residual,sd__Observation,197.469,NA,NA,NA,NA
fixed,NA,(Intercept),810.671,15.447,52.482,103.644,0
fixed,NA,X_i,67.337,24.556,2.742,50.448,0.008
ran_pars,subj_id,sd__(Intercept),95.803,NA,NA,NA,NA
ran_pars,subj_id,cor__(Intercept).X_i,0.317,NA,NA,NA,NA
ran_pars,subj_id,sd__X_i,39.678,NA,NA,NA,NA
ran_pars,item_id,sd__(Intercept),83.369,NA,NA,NA,NA
ran_pars,Residual,sd__Observation,197.587,NA,NA,NA,NA
fixed,NA,(Intercept),797.952,17.568,45.42,101.924,0
fixed,NA,X_i,71.361,28.161,2.534,50.215,0.014
ran_pars,subj_id,sd__(Intercept),107.245,NA,NA,NA,NA
ran_pars,subj_id,cor__(Intercept).X_i,0.537,NA,NA,NA,NA
ran_pars,subj_id,sd__X_i,43.039,NA,NA,NA,NA
ran_pars,item_id,sd__(Intercept),96.267,NA,NA,NA,NA
ran_pars,Residual,sd__Observation,203.479,NA,NA,NA,NA
fixed,NA,(Intercept),804.201,15.48,51.95,98.852,0
fixed,NA,X_i,50.121,25.041,2.002,49.906,0.051
ran_pars,subj_id,sd__(Intercept),92.796,NA,NA,NA,NA
ran_pars,subj_id,cor__(Intercept).X_i,-0.298,NA,NA,NA,NA
ran_pars,subj_id,sd__X_i,35.97,NA,NA,NA,NA
ran_pars,item_id,sd__(Intercept),85.24,NA,NA,NA,NA
ran_pars,Residual,sd__Observation,202.568,NA,NA,NA,NA
fixed,NA,(Intercept),782.762,15.51,50.47,124.977,0
fixed,NA,X_i,-3.329,22.13,-0.15,51.301,0.881
ran_pars,subj_id,sd__(Intercept),110.651,NA,NA,NA,NA
ran_pars,subj_id,cor__(Intercept).X_i,-0.345,NA,NA,NA,NA
ran_pars,subj_id,sd__X_i,41.59,NA,NA,NA,NA
ran_pars,item_id,sd__(Intercept),74.134,NA,NA,NA,NA
ran_pars,Residual,sd__Observation,202.392,NA,NA,NA,NA
fixed,NA,(Intercept),806.376,15.134,53.283,107.075,0
fixed,NA,X_i,48.227,23.44,2.058,48.553,0.045
ran_pars,subj_id,sd__(Intercept),96.23,NA,NA,NA,NA
ran_pars,subj_id,cor__(Intercept).X_i,0.181,NA,NA,NA,NA
ran_pars,subj_id,sd__X_i,19.24,NA,NA,NA,NA
ran_pars,item_id,sd__(Intercept),80.151,NA,NA,NA,NA
ran_pars,Residual,sd__Observation,199.317,NA,NA,NA,NA
fixed,NA,(Intercept),808.317,15.124,53.446,129.401,0
fixed,NA,X_i,80.843,20.459,3.951,48.052,0
ran_pars,subj_id,sd__(Intercept),111.424,NA,NA,NA,NA
ran_pars,subj_id,cor__(Intercept).X_i,-1,NA,NA,NA,NA
ran_pars,subj_id,sd__X_i,4.824,NA,NA,NA,NA
ran_pars,item_id,sd__(Intercept),69.487,NA,NA,NA,NA
ran_pars,Residual,sd__Observation,200.201,NA,NA,NA,NA
fixed,NA,(Intercept),774.341,13.539,57.194,115.184,0
fixed,NA,X_i,83.814,20.366,4.115,51.457,0
ran_pars,subj_id,sd__(Intercept),91.368,NA,NA,NA,NA
ran_pars,subj_id,cor__(Intercept).X_i,0.195,NA,NA,NA,NA
ran_pars,subj_id,sd__X_i,39.362,NA,NA,NA,NA
ran_pars,item_id,sd__(Intercept),67.844,NA,NA,NA,NA
ran_pars,Residual,sd__Observation,197.055,NA,NA,NA,NA
fixed,NA,(Intercept),823.177,13.995,58.821,108.423,0
fixed,NA,X_i,97.116,21.712,4.473,50.665,0
ran_pars,subj_id,sd__(Intercept),90.234,NA,NA,NA,NA
ran_pars,subj_id,cor__(Intercept).X_i,0.186,NA,NA,NA,NA
ran_pars,subj_id,sd__X_i,37.017,NA,NA,NA,NA
ran_pars,item_id,sd__(Intercept),72.907,NA,NA,NA,NA
ran_pars,Residual,sd__Observation,201.455,NA,NA,NA,NA
fixed,NA,(Intercept),800.875,16.453,48.676,114.975,0
fixed,NA,X_i,55.284,24.723,2.236,49.465,0.03
ran_pars,subj_id,sd__(Intercept),109.705,NA,NA,NA,NA
ran_pars,subj_id,cor__(Intercept).X_i,0.224,NA,NA,NA,NA
ran_pars,subj_id,sd__X_i,31.357,NA,NA,NA,NA
ran_pars,item_id,sd__(Intercept),84.366,NA,NA,NA,NA
ran_pars,Residual,sd__Observation,199.988,NA,NA,NA,NA
fixed,NA,(Intercept),772.773,15.84,48.785,112.939,0
fixed,NA,X_i,34.171,23.989,1.424,49.249,0.161
ran_pars,subj_id,sd__(Intercept),104.431,NA,NA,NA,NA
ran_pars,subj_id,cor__(Intercept).X_i,0.172,NA,NA,NA,NA
ran_pars,subj_id,sd__X_i,28.317,NA,NA,NA,NA
ran_pars,item_id,sd__(Intercept),81.835,NA,NA,NA,NA
ran_pars,Residual,sd__Observation,198.99,NA,NA,NA,NA
fixed,NA,(Intercept),809.998,16.823,48.15,110.791,0
fixed,NA,X_i,64.515,25.844,2.496,49.615,0.016
ran_pars,subj_id,sd__(Intercept),109.057,NA,NA,NA,NA
ran_pars,subj_id,cor__(Intercept).X_i,0.08,NA,NA,NA,NA
ran_pars,subj_id,sd__X_i,34.141,NA,NA,NA,NA
ran_pars,item_id,sd__(Intercept),88.411,NA,NA,NA,NA
ran_pars,Residual,sd__Observation,196.649,NA,NA,NA,NA
fixed,NA,(Intercept),814.004,16.776,48.522,89.236,0
fixed,NA,X_i,36.073,28.225,1.278,49.586,0.207
ran_pars,subj_id,sd__(Intercept),92.544,NA,NA,NA,NA
ran_pars,subj_id,cor__(Intercept).X_i,0.098,NA,NA,NA,NA
ran_pars,subj_id,sd__X_i,36.747,NA,NA,NA,NA
ran_pars,item_id,sd__(Intercept),96.845,NA,NA,NA,NA
ran_pars,Residual,sd__Observation,202.627,NA,NA,NA,NA
fixed,NA,(Intercept),793.8,14.14,56.139,115.216,0
fixed,NA,X_i,19.935,21.526,0.926,53.433,0.359
ran_pars,subj_id,sd__(Intercept),95.185,NA,NA,NA,NA
ran_pars,subj_id,cor__(Intercept).X_i,0.31,NA,NA,NA,NA
ran_pars,subj_id,sd__X_i,51.01,NA,NA,NA,NA
ran_pars,item_id,sd__(Intercept),71.236,NA,NA,NA,NA
ran_pars,Residual,sd__Observation,198.068,NA,NA,NA,NA
fixed,NA,(Intercept),806.397,17.046,47.308,118.005,0
fixed,NA,X_i,88.682,25.44,3.486,50.949,0.001
ran_pars,subj_id,sd__(Intercept),115.663,NA,NA,NA,NA
ran_pars,subj_id,cor__(Intercept).X_i,0.305,NA,NA,NA,NA
ran_pars,subj_id,sd__X_i,44.806,NA,NA,NA,NA
ran_pars,item_id,sd__(Intercept),86.219,NA,NA,NA,NA
ran_pars,Residual,sd__Observation,201.315,NA,NA,NA,NA
fixed,NA,(Intercept),786.909,15.574,50.528,116.42,0
fixed,NA,X_i,43.449,23.458,1.852,51.627,0.07
ran_pars,subj_id,sd__(Intercept),104.976,NA,NA,NA,NA
ran_pars,subj_id,cor__(Intercept).X_i,0.411,NA,NA,NA,NA
ran_pars,subj_id,sd__X_i,45.731,NA,NA,NA,NA
ran_pars,item_id,sd__(Intercept),78.943,NA,NA,NA,NA
ran_pars,Residual,sd__Observation,196.211,NA,NA,NA,NA
fixed,NA,(Intercept),796.51,16.5,48.275,111.736,0
fixed,NA,X_i,52.959,25.085,2.111,48.643,0.04
ran_pars,subj_id,sd__(Intercept),107.76,NA,NA,NA,NA
ran_pars,subj_id,cor__(Intercept).X_i,0.021,NA,NA,NA,NA
ran_pars,subj_id,sd__X_i,21.923,NA,NA,NA,NA
ran_pars,item_id,sd__(Intercept),86.082,NA,NA,NA,NA
ran_pars,Residual,sd__Observation,198.884,NA,NA,NA,NA
fixed,NA,(Intercept),787.841,15.003,52.513,97.694,0
fixed,NA,X_i,17.592,24.437,0.72,50.356,0.475
ran_pars,subj_id,sd__(Intercept),89.195,NA,NA,NA,NA
ran_pars,subj_id,cor__(Intercept).X_i,-0.026,NA,NA,NA,NA
ran_pars,subj_id,sd__X_i,38.817,NA,NA,NA,NA
ran_pars,item_id,sd__(Intercept),82.94,NA,NA,NA,NA
ran_pars,Residual,sd__Observation,199.349,NA,NA,NA,NA
fixed,NA,(Intercept),798.154,13.035,61.234,106.036,0
fixed,NA,X_i,39.691,20.532,1.933,51.846,0.059
ran_pars,subj_id,sd__(Intercept),82.981,NA,NA,NA,NA
ran_pars,subj_id,cor__(Intercept).X_i,0.352,NA,NA,NA,NA
ran_pars,subj_id,sd__X_i,41.701,NA,NA,NA,NA
ran_pars,item_id,sd__(Intercept),68.241,NA,NA,NA,NA
ran_pars,Residual,sd__Observation,198.775,NA,NA,NA,NA
fixed,NA,(Intercept),795.052,17.167,46.313,106.708,0
fixed,NA,X_i,84.423,26.987,3.128,50.533,0.003
ran_pars,subj_id,sd__(Intercept),108.394,NA,NA,NA,NA
ran_pars,subj_id,cor__(Intercept).X_i,0.383,NA,NA,NA,NA
ran_pars,subj_id,sd__X_i,44.087,NA,NA,NA,NA
ran_pars,item_id,sd__(Intercept),91.923,NA,NA,NA,NA
ran_pars,Residual,sd__Observation,202.732,NA,NA,NA,NA
fixed,NA,(Intercept),797.791,15.27,52.245,120.413,0
fixed,NA,X_i,39.968,22.508,1.776,52.037,0.082
ran_pars,subj_id,sd__(Intercept),105.777,NA,NA,NA,NA
ran_pars,subj_id,cor__(Intercept).X_i,0.183,NA,NA,NA,NA
ran_pars,subj_id,sd__X_i,46.318,NA,NA,NA,NA
ran_pars,item_id,sd__(Intercept),75.279,NA,NA,NA,NA
ran_pars,Residual,sd__Observation,199.439,NA,NA,NA,NA
fixed,NA,(Intercept),804.245,16.452,48.884,108.412,0
fixed,NA,X_i,77.024,25.639,3.004,50.479,0.004
ran_pars,subj_id,sd__(Intercept),105.189,NA,NA,NA,NA
ran_pars,subj_id,cor__(Intercept).X_i,0.282,NA,NA,NA,NA
ran_pars,subj_id,sd__X_i,41.554,NA,NA,NA,NA
ran_pars,item_id,sd__(Intercept),87.172,NA,NA,NA,NA
ran_pars,Residual,sd__Observation,200.534,NA,NA,NA,NA
fixed,NA,(Intercept),775.949,14.303,54.249,118.508,0
fixed,NA,X_i,65.877,21.062,3.128,50.414,0.003
ran_pars,subj_id,sd__(Intercept),98.311,NA,NA,NA,NA
ran_pars,subj_id,cor__(Intercept).X_i,0.332,NA,NA,NA,NA
ran_pars,subj_id,sd__X_i,34.393,NA,NA,NA,NA
ran_pars,item_id,sd__(Intercept),70.718,NA,NA,NA,NA
ran_pars,Residual,sd__Observation,199.001,NA,NA,NA,NA
fixed,NA,(Intercept),790.991,16.446,48.096,110.944,0
fixed,NA,X_i,80.818,25.262,3.199,49.896,0.002
ran_pars,subj_id,sd__(Intercept),106.839,NA,NA,NA,NA
ran_pars,subj_id,cor__(Intercept).X_i,0.534,NA,NA,NA,NA
ran_pars,subj_id,sd__X_i,35.867,NA,NA,NA,NA
ran_pars,item_id,sd__(Intercept),86.143,NA,NA,NA,NA
ran_pars,Residual,sd__Observation,198.904,NA,NA,NA,NA
fixed,NA,(Intercept),821.961,14.173,57.996,98.661,0
fixed,NA,X_i,37.31,22.951,1.626,50.297,0.11
ran_pars,subj_id,sd__(Intercept),85.132,NA,NA,NA,NA
ran_pars,subj_id,cor__(Intercept).X_i,0.161,NA,NA,NA,NA
ran_pars,subj_id,sd__X_i,36.301,NA,NA,NA,NA
ran_pars,item_id,sd__(Intercept),77.575,NA,NA,NA,NA
ran_pars,Residual,sd__Observation,200.47,NA,NA,NA,NA
fixed,NA,(Intercept),785.635,15.782,49.78,115.465,0
fixed,NA,X_i,33.396,23.721,1.408,50.293,0.165
ran_pars,subj_id,sd__(Intercept),105.773,NA,NA,NA,NA
ran_pars,subj_id,cor__(Intercept).X_i,0.44,NA,NA,NA,NA
ran_pars,subj_id,sd__X_i,37.29,NA,NA,NA,NA
ran_pars,item_id,sd__(Intercept),80.375,NA,NA,NA,NA
ran_pars,Residual,sd__Observation,199.918,NA,NA,NA,NA
fixed,NA,(Intercept),795.062,15.222,52.232,114.343,0
fixed,NA,X_i,74.767,23.009,3.249,50.539,0.002
ran_pars,subj_id,sd__(Intercept),101.473,NA,NA,NA,NA
ran_pars,subj_id,cor__(Intercept).X_i,0.351,NA,NA,NA,NA
ran_pars,subj_id,sd__X_i,38.06,NA,NA,NA,NA
ran_pars,item_id,sd__(Intercept),77.718,NA,NA,NA,NA
ran_pars,Residual,sd__Observation,199.181,NA,NA,NA,NA
fixed,NA,(Intercept),801.255,13.668,58.622,117.151,0
fixed,NA,X_i,64.422,20.185,3.191,50.116,0.002
ran_pars,subj_id,sd__(Intercept),93.489,NA,NA,NA,NA
ran_pars,subj_id,cor__(Intercept).X_i,0.497,NA,NA,NA,NA
ran_pars,subj_id,sd__X_i,31.279,NA,NA,NA,NA
ran_pars,item_id,sd__(Intercept),67.596,NA,NA,NA,NA
ran_pars,Residual,sd__Observation,200.425,NA,NA,NA,NA
fixed,NA,(Intercept),821.453,16.04,51.213,98.233,0
fixed,NA,X_i,53.124,26.043,2.04,49.955,0.047
ran_pars,subj_id,sd__(Intercept),95.532,NA,NA,NA,NA
ran_pars,subj_id,cor__(Intercept).X_i,0.228,NA,NA,NA,NA
ran_pars,subj_id,sd__X_i,37.685,NA,NA,NA,NA
ran_pars,item_id,sd__(Intercept),88.874,NA,NA,NA,NA
ran_pars,Residual,sd__Observation,200.542,NA,NA,NA,NA
fixed,NA,(Intercept),778.656,15.301,50.888,112.629,0
fixed,NA,X_i,42.121,23.298,1.808,50.269,0.077
ran_pars,subj_id,sd__(Intercept),100.88,NA,NA,NA,NA
ran_pars,subj_id,cor__(Intercept).X_i,-0.079,NA,NA,NA,NA
ran_pars,subj_id,sd__X_i,36.527,NA,NA,NA,NA
ran_pars,item_id,sd__(Intercept),78.86,NA,NA,NA,NA
ran_pars,Residual,sd__Observation,199.858,NA,NA,NA,NA
fixed,NA,(Intercept),833.866,14.69,56.765,98.781,0
fixed,NA,X_i,23.737,23.709,1.001,49.611,0.322
ran_pars,subj_id,sd__(Intercept),88.18,NA,NA,NA,NA
ran_pars,subj_id,cor__(Intercept).X_i,0.197,NA,NA,NA,NA
ran_pars,subj_id,sd__X_i,31.652,NA,NA,NA,NA
ran_pars,item_id,sd__(Intercept),80.607,NA,NA,NA,NA
ran_pars,Residual,sd__Observation,200.995,NA,NA,NA,NA
fixed,NA,(Intercept),808.73,17.892,45.202,98.157,0
fixed,NA,X_i,88.987,29.054,3.063,49.61,0.004
ran_pars,subj_id,sd__(Intercept),106.154,NA,NA,NA,NA
ran_pars,subj_id,cor__(Intercept).X_i,-0.118,NA,NA,NA,NA
ran_pars,subj_id,sd__X_i,38.002,NA,NA,NA,NA
ran_pars,item_id,sd__(Intercept),99.8,NA,NA,NA,NA
ran_pars,Residual,sd__Observation,202.716,NA,NA,NA,NA
fixed,NA,(Intercept),782.198,14.683,53.273,122.554,0
fixed,NA,X_i,84.123,20.911,4.023,48.491,0
ran_pars,subj_id,sd__(Intercept),103.438,NA,NA,NA,NA
ran_pars,subj_id,cor__(Intercept).X_i,0.642,NA,NA,NA,NA
ran_pars,subj_id,sd__X_i,17.037,NA,NA,NA,NA
ran_pars,item_id,sd__(Intercept),70.922,NA,NA,NA,NA
ran_pars,Residual,sd__Observation,199.952,NA,NA,NA,NA
fixed,NA,(Intercept),794.17,15.646,50.76,107.546,0
fixed,NA,X_i,97.629,24.305,4.017,49.34,0
ran_pars,subj_id,sd__(Intercept),99.646,NA,NA,NA,NA
ran_pars,subj_id,cor__(Intercept).X_i,0.243,NA,NA,NA,NA
ran_pars,subj_id,sd__X_i,29.618,NA,NA,NA,NA
ran_pars,item_id,sd__(Intercept),82.932,NA,NA,NA,NA
ran_pars,Residual,sd__Observation,199.193,NA,NA,NA,NA
fixed,NA,(Intercept),830.067,14.37,57.764,108.824,0
fixed,NA,X_i,61.241,22.419,2.732,51.836,0.009
ran_pars,subj_id,sd__(Intercept),92.694,NA,NA,NA,NA
ran_pars,subj_id,cor__(Intercept).X_i,0.075,NA,NA,NA,NA
ran_pars,subj_id,sd__X_i,45.077,NA,NA,NA,NA
ran_pars,item_id,sd__(Intercept),75.055,NA,NA,NA,NA
ran_pars,Residual,sd__Observation,198.891,NA,NA,NA,NA
fixed,NA,(Intercept),816.139,15.725,51.902,87.276,0
fixed,NA,X_i,54.901,26.609,2.063,49.284,0.044
ran_pars,subj_id,sd__(Intercept),85.282,NA,NA,NA,NA
ran_pars,subj_id,cor__(Intercept).X_i,-0.036,NA,NA,NA,NA
ran_pars,subj_id,sd__X_i,31.486,NA,NA,NA,NA
ran_pars,item_id,sd__(Intercept),91.245,NA,NA,NA,NA
ran_pars,Residual,sd__Observation,200.272,NA,NA,NA,NA
fixed,NA,(Intercept),823.797,14.833,55.538,124,0
fixed,NA,X_i,76.475,21.367,3.579,52.389,0.001
ran_pars,subj_id,sd__(Intercept),105.429,NA,NA,NA,NA
ran_pars,subj_id,cor__(Intercept).X_i,-0.096,NA,NA,NA,NA
ran_pars,subj_id,sd__X_i,45.951,NA,NA,NA,NA
ran_pars,item_id,sd__(Intercept),71.005,NA,NA,NA,NA
ran_pars,Residual,sd__Observation,200.365,NA,NA,NA,NA
fixed,NA,(Intercept),801.571,14.617,54.84,126.819,0
fixed,NA,X_i,37.471,20.373,1.839,50.254,0.072
ran_pars,subj_id,sd__(Intercept),106.065,NA,NA,NA,NA
ran_pars,subj_id,cor__(Intercept).X_i,-0.102,NA,NA,NA,NA
ran_pars,subj_id,sd__X_i,32.375,NA,NA,NA,NA
ran_pars,item_id,sd__(Intercept),68.224,NA,NA,NA,NA
ran_pars,Residual,sd__Observation,200.684,NA,NA,NA,NA
fixed,NA,(Intercept),810.379,15.735,51.502,116.937,0
fixed,NA,X_i,106.08,23.63,4.489,51.698,0
ran_pars,subj_id,sd__(Intercept),106.496,NA,NA,NA,NA
ran_pars,subj_id,cor__(Intercept).X_i,0.089,NA,NA,NA,NA
ran_pars,subj_id,sd__X_i,46.539,NA,NA,NA,NA
ran_pars,item_id,sd__(Intercept),79.396,NA,NA,NA,NA
ran_pars,Residual,sd__Observation,201.291,NA,NA,NA,NA
fixed,NA,(Intercept),814.709,14.862,54.82,113.256,0
fixed,NA,X_i,10.93,22.471,0.486,49.831,0.629
ran_pars,subj_id,sd__(Intercept),98.587,NA,NA,NA,NA
ran_pars,subj_id,cor__(Intercept).X_i,0.564,NA,NA,NA,NA
ran_pars,subj_id,sd__X_i,32.023,NA,NA,NA,NA
ran_pars,item_id,sd__(Intercept),76.001,NA,NA,NA,NA
ran_pars,Residual,sd__Observation,201.841,NA,NA,NA,NA
fixed,NA,(Intercept),828.109,17.004,48.7,85.416,0
fixed,NA,X_i,96.305,29.115,3.308,49.936,0.002
ran_pars,subj_id,sd__(Intercept),90.315,NA,NA,NA,NA
ran_pars,subj_id,cor__(Intercept).X_i,0.475,NA,NA,NA,NA
ran_pars,subj_id,sd__X_i,41.65,NA,NA,NA,NA
ran_pars,item_id,sd__(Intercept),99.896,NA,NA,NA,NA
ran_pars,Residual,sd__Observation,199.956,NA,NA,NA,NA
fixed,NA,(Intercept),816.199,16.842,48.461,104.049,0
fixed,NA,X_i,71.151,26.653,2.67,49.58,0.01
ran_pars,subj_id,sd__(Intercept),104.444,NA,NA,NA,NA
ran_pars,subj_id,cor__(Intercept).X_i,0.209,NA,NA,NA,NA
ran_pars,subj_id,sd__X_i,34.741,NA,NA,NA,NA
ran_pars,item_id,sd__(Intercept),91.27,NA,NA,NA,NA
ran_pars,Residual,sd__Observation,199.704,NA,NA,NA,NA
fixed,NA,(Intercept),815.465,15.902,51.279,113.409,0
fixed,NA,X_i,41.394,24.086,1.719,49.591,0.092
ran_pars,subj_id,sd__(Intercept),105.059,NA,NA,NA,NA
ran_pars,subj_id,cor__(Intercept).X_i,0.644,NA,NA,NA,NA
ran_pars,subj_id,sd__X_i,31.735,NA,NA,NA,NA
ran_pars,item_id,sd__(Intercept),82.102,NA,NA,NA,NA
ran_pars,Residual,sd__Observation,196.172,NA,NA,NA,NA
fixed,NA,(Intercept),792.453,15.967,49.632,112.347,0
fixed,NA,X_i,61.478,24.334,2.526,49.943,0.015
ran_pars,subj_id,sd__(Intercept),104.886,NA,NA,NA,NA
ran_pars,subj_id,cor__(Intercept).X_i,0.561,NA,NA,NA,NA
ran_pars,subj_id,sd__X_i,35.334,NA,NA,NA,NA
ran_pars,item_id,sd__(Intercept),82.708,NA,NA,NA,NA
ran_pars,Residual,sd__Observation,201.326,NA,NA,NA,NA
fixed,NA,(Intercept),795.611,15.377,51.741,119.363,0
fixed,NA,X_i,48.472,22.782,2.128,51.761,0.038
ran_pars,subj_id,sd__(Intercept),105.749,NA,NA,NA,NA
ran_pars,subj_id,cor__(Intercept).X_i,0.361,NA,NA,NA,NA
ran_pars,subj_id,sd__X_i,45.33,NA,NA,NA,NA
ran_pars,item_id,sd__(Intercept),76.389,NA,NA,NA,NA
ran_pars,Residual,sd__Observation,198.905,NA,NA,NA,NA
fixed,NA,(Intercept),767.649,16.191,47.412,114.796,0
fixed,NA,X_i,41.49,24.316,1.706,49.341,0.094
ran_pars,subj_id,sd__(Intercept),107.949,NA,NA,NA,NA
ran_pars,subj_id,cor__(Intercept).X_i,0.191,NA,NA,NA,NA
ran_pars,subj_id,sd__X_i,29.656,NA,NA,NA,NA
ran_pars,item_id,sd__(Intercept),82.922,NA,NA,NA,NA
ran_pars,Residual,sd__Observation,201.184,NA,NA,NA,NA
fixed,NA,(Intercept),819.758,15.683,52.27,103.848,0
fixed,NA,X_i,39.173,24.791,1.58,49.606,0.12
ran_pars,subj_id,sd__(Intercept),97.478,NA,NA,NA,NA
ran_pars,subj_id,cor__(Intercept).X_i,0.328,NA,NA,NA,NA
ran_pars,subj_id,sd__X_i,32.887,NA,NA,NA,NA
ran_pars,item_id,sd__(Intercept),84.442,NA,NA,NA,NA
ran_pars,Residual,sd__Observation,204.146,NA,NA,NA,NA
fixed,NA,(Intercept),797.632,16.165,49.344,110.969,0
fixed,NA,X_i,69.452,25.065,2.771,51.812,0.008
ran_pars,subj_id,sd__(Intercept),105.087,NA,NA,NA,NA
ran_pars,subj_id,cor__(Intercept).X_i,0.213,NA,NA,NA,NA
ran_pars,subj_id,sd__X_i,49.79,NA,NA,NA,NA
ran_pars,item_id,sd__(Intercept),84.587,NA,NA,NA,NA
ran_pars,Residual,sd__Observation,197.051,NA,NA,NA,NA
fixed,NA,(Intercept),795.763,13.54,58.77,120.079,0
fixed,NA,X_i,40.573,20.132,2.015,54.943,0.049
ran_pars,subj_id,sd__(Intercept),94.464,NA,NA,NA,NA
ran_pars,subj_id,cor__(Intercept).X_i,0.267,NA,NA,NA,NA
ran_pars,subj_id,sd__X_i,53.711,NA,NA,NA,NA
ran_pars,item_id,sd__(Intercept),65.633,NA,NA,NA,NA
ran_pars,Residual,sd__Observation,199.411,NA,NA,NA,NA
fixed,NA,(Intercept),806.635,14.108,57.174,103.356,0
fixed,NA,X_i,82.299,22.682,3.628,52.941,0.001
ran_pars,subj_id,sd__(Intercept),87.745,NA,NA,NA,NA
ran_pars,subj_id,cor__(Intercept).X_i,0.339,NA,NA,NA,NA
ran_pars,subj_id,sd__X_i,51.263,NA,NA,NA,NA
ran_pars,item_id,sd__(Intercept),75.513,NA,NA,NA,NA
ran_pars,Residual,sd__Observation,200.095,NA,NA,NA,NA
fixed,NA,(Intercept),801.81,14.358,55.845,103.468,0
fixed,NA,X_i,11.521,22.682,0.508,49.636,0.614
ran_pars,subj_id,sd__(Intercept),89.383,NA,NA,NA,NA
ran_pars,subj_id,cor__(Intercept).X_i,0.117,NA,NA,NA,NA
ran_pars,subj_id,sd__X_i,30.724,NA,NA,NA,NA
ran_pars,item_id,sd__(Intercept),76.788,NA,NA,NA,NA
ran_pars,Residual,sd__Observation,204.067,NA,NA,NA,NA
fixed,NA,(Intercept),775.261,14.727,52.642,118.827,0
fixed,NA,X_i,56.237,21.906,2.567,52.665,0.013
ran_pars,subj_id,sd__(Intercept),101.382,NA,NA,NA,NA
ran_pars,subj_id,cor__(Intercept).X_i,0.458,NA,NA,NA,NA
ran_pars,subj_id,sd__X_i,48.46,NA,NA,NA,NA
ran_pars,item_id,sd__(Intercept),72.743,NA,NA,NA,NA
ran_pars,Residual,sd__Observation,203.335,NA,NA,NA,NA
fixed,NA,(Intercept),792.662,15.224,52.068,109.651,0
fixed,NA,X_i,41.158,23.649,1.74,51.369,0.088
ran_pars,subj_id,sd__(Intercept),98.427,NA,NA,NA,NA
ran_pars,subj_id,cor__(Intercept).X_i,0.589,NA,NA,NA,NA
ran_pars,subj_id,sd__X_i,44.466,NA,NA,NA,NA
ran_pars,item_id,sd__(Intercept),79.675,NA,NA,NA,NA
ran_pars,Residual,sd__Observation,198.963,NA,NA,NA,NA
fixed,NA,(Intercept),811.286,14.321,56.65,120.389,0
fixed,NA,X_i,20.198,20.664,0.977,48.673,0.333
ran_pars,subj_id,sd__(Intercept),99.631,NA,NA,NA,NA
ran_pars,subj_id,cor__(Intercept).X_i,0.142,NA,NA,NA,NA
ran_pars,subj_id,sd__X_i,19.207,NA,NA,NA,NA
ran_pars,item_id,sd__(Intercept),69.965,NA,NA,NA,NA
ran_pars,Residual,sd__Observation,199.064,NA,NA,NA,NA
fixed,NA,(Intercept),773.933,16.872,45.871,110.012,0
fixed,NA,X_i,24.274,26,0.934,49.524,0.355
ran_pars,subj_id,sd__(Intercept),108.832,NA,NA,NA,NA
ran_pars,subj_id,cor__(Intercept).X_i,0.19,NA,NA,NA,NA
ran_pars,subj_id,sd__X_i,33.361,NA,NA,NA,NA
ran_pars,item_id,sd__(Intercept),89,NA,NA,NA,NA
ran_pars,Residual,sd__Observation,197.509,NA,NA,NA,NA
fixed,NA,(Intercept),786.66,14.744,53.354,123.952,0
fixed,NA,X_i,33.362,21.153,1.577,51.603,0.121
ran_pars,subj_id,sd__(Intercept),104.809,NA,NA,NA,NA
ran_pars,subj_id,cor__(Intercept).X_i,0.5,NA,NA,NA,NA
ran_pars,subj_id,sd__X_i,41.563,NA,NA,NA,NA
ran_pars,item_id,sd__(Intercept),70.542,NA,NA,NA,NA
ran_pars,Residual,sd__Observation,200.197,NA,NA,NA,NA
fixed,NA,(Intercept),777.521,12.321,63.106,122.632,0
fixed,NA,X_i,16.095,17.373,0.926,50.303,0.359
ran_pars,subj_id,sd__(Intercept),88.571,NA,NA,NA,NA
ran_pars,subj_id,cor__(Intercept).X_i,0.614,NA,NA,NA,NA
ran_pars,subj_id,sd__X_i,28.986,NA,NA,NA,NA
ran_pars,item_id,sd__(Intercept),57.089,NA,NA,NA,NA
ran_pars,Residual,sd__Observation,202.169,NA,NA,NA,NA
fixed,NA,(Intercept),782.102,16.244,48.146,115.261,0
fixed,NA,X_i,74.042,24.49,3.023,50.508,0.004
ran_pars,subj_id,sd__(Intercept),108.603,NA,NA,NA,NA
ran_pars,subj_id,cor__(Intercept).X_i,0.139,NA,NA,NA,NA
ran_pars,subj_id,sd__X_i,40.078,NA,NA,NA,NA
ran_pars,item_id,sd__(Intercept),83.018,NA,NA,NA,NA
ran_pars,Residual,sd__Observation,201.129,NA,NA,NA,NA
fixed,NA,(Intercept),806.631,14.031,57.49,107.577,0
fixed,NA,X_i,38.488,21.993,1.75,51.814,0.086
ran_pars,subj_id,sd__(Intercept),89.905,NA,NA,NA,NA
ran_pars,subj_id,cor__(Intercept).X_i,0.525,NA,NA,NA,NA
ran_pars,subj_id,sd__X_i,44.208,NA,NA,NA,NA
ran_pars,item_id,sd__(Intercept),73.489,NA,NA,NA,NA
ran_pars,Residual,sd__Observation,200.29,NA,NA,NA,NA
fixed,NA,(Intercept),790.524,14.359,55.056,131.91,0
fixed,NA,X_i,35.643,19.053,1.871,51.056,0.067
ran_pars,subj_id,sd__(Intercept),108.872,NA,NA,NA,NA
ran_pars,subj_id,cor__(Intercept).X_i,0.564,NA,NA,NA,NA
ran_pars,subj_id,sd__X_i,35.312,NA,NA,NA,NA
ran_pars,item_id,sd__(Intercept),63.029,NA,NA,NA,NA
ran_pars,Residual,sd__Observation,202.337,NA,NA,NA,NA
fixed,NA,(Intercept),781.339,14.924,52.355,95.813,0
fixed,NA,X_i,81.024,24.583,3.296,51.072,0.002
ran_pars,subj_id,sd__(Intercept),87.492,NA,NA,NA,NA
ran_pars,subj_id,cor__(Intercept).X_i,0.315,NA,NA,NA,NA
ran_pars,subj_id,sd__X_i,44.332,NA,NA,NA,NA
ran_pars,item_id,sd__(Intercept),83.067,NA,NA,NA,NA
ran_pars,Residual,sd__Observation,202.103,NA,NA,NA,NA
fixed,NA,(Intercept),810.778,16.892,47.998,111.064,0
fixed,NA,X_i,57.306,25.791,2.222,48.701,0.031
ran_pars,subj_id,sd__(Intercept),109.73,NA,NA,NA,NA
ran_pars,subj_id,cor__(Intercept).X_i,0.534,NA,NA,NA,NA
ran_pars,subj_id,sd__X_i,23.331,NA,NA,NA,NA
ran_pars,item_id,sd__(Intercept),88.631,NA,NA,NA,NA
ran_pars,Residual,sd__Observation,197.782,NA,NA,NA,NA
fixed,NA,(Intercept),814.582,15.403,52.885,111.264,0
fixed,NA,X_i,52.208,23.788,2.195,51.725,0.033
ran_pars,subj_id,sd__(Intercept),100.654,NA,NA,NA,NA
ran_pars,subj_id,cor__(Intercept).X_i,0.199,NA,NA,NA,NA
ran_pars,subj_id,sd__X_i,47.005,NA,NA,NA,NA
ran_pars,item_id,sd__(Intercept),79.955,NA,NA,NA,NA
ran_pars,Residual,sd__Observation,201.035,NA,NA,NA,NA
fixed,NA,(Intercept),792.539,16.648,47.605,102.267,0
fixed,NA,X_i,52.243,26.528,1.969,49.416,0.055
ran_pars,subj_id,sd__(Intercept),101.939,NA,NA,NA,NA
ran_pars,subj_id,cor__(Intercept).X_i,-0.081,NA,NA,NA,NA
ran_pars,subj_id,sd__X_i,32.816,NA,NA,NA,NA
ran_pars,item_id,sd__(Intercept),90.979,NA,NA,NA,NA
ran_pars,Residual,sd__Observation,196.275,NA,NA,NA,NA
fixed,NA,(Intercept),786.323,16.516,47.609,118.974,0
fixed,NA,X_i,53.114,24.573,2.161,51.442,0.035
ran_pars,subj_id,sd__(Intercept),112.805,NA,NA,NA,NA
ran_pars,subj_id,cor__(Intercept).X_i,0.073,NA,NA,NA,NA
ran_pars,subj_id,sd__X_i,46.587,NA,NA,NA,NA
ran_pars,item_id,sd__(Intercept),82.986,NA,NA,NA,NA
ran_pars,Residual,sd__Observation,197.482,NA,NA,NA,NA
fixed,NA,(Intercept),777.562,16.147,48.156,103.646,0
fixed,NA,X_i,86.483,25.712,3.364,50.631,0.001
ran_pars,subj_id,sd__(Intercept),100.018,NA,NA,NA,NA
ran_pars,subj_id,cor__(Intercept).X_i,-0.16,NA,NA,NA,NA
ran_pars,subj_id,sd__X_i,42.839,NA,NA,NA,NA
ran_pars,item_id,sd__(Intercept),87.366,NA,NA,NA,NA
ran_pars,Residual,sd__Observation,200.324,NA,NA,NA,NA
fixed,NA,(Intercept),836.845,15.561,53.78,122.636,0
fixed,NA,X_i,6.802,22.538,0.302,51.129,0.764
ran_pars,subj_id,sd__(Intercept),109.266,NA,NA,NA,NA
ran_pars,subj_id,cor__(Intercept).X_i,0.058,NA,NA,NA,NA
ran_pars,subj_id,sd__X_i,41.227,NA,NA,NA,NA
ran_pars,item_id,sd__(Intercept),75.709,NA,NA,NA,NA
ran_pars,Residual,sd__Observation,201.296,NA,NA,NA,NA
fixed,NA,(Intercept),828.886,15.304,54.16,113.246,0
fixed,NA,X_i,95.519,23.068,4.141,48.941,0
ran_pars,subj_id,sd__(Intercept),101.31,NA,NA,NA,NA
ran_pars,subj_id,cor__(Intercept).X_i,0.4,NA,NA,NA,NA
ran_pars,subj_id,sd__X_i,24.091,NA,NA,NA,NA
ran_pars,item_id,sd__(Intercept),78.6,NA,NA,NA,NA
ran_pars,Residual,sd__Observation,200.334,NA,NA,NA,NA
fixed,NA,(Intercept),813.154,16.232,50.097,108.65,0
fixed,NA,X_i,51.844,24.951,2.078,48.111,0.043
ran_pars,subj_id,sd__(Intercept),103.977,NA,NA,NA,NA
ran_pars,subj_id,cor__(Intercept).X_i,0.438,NA,NA,NA,NA
ran_pars,subj_id,sd__X_i,10.654,NA,NA,NA,NA
ran_pars,item_id,sd__(Intercept),85.847,NA,NA,NA,NA
ran_pars,Residual,sd__Observation,199.499,NA,NA,NA,NA
fixed,NA,(Intercept),828.144,14.41,57.469,118.584,0
fixed,NA,X_i,53.871,21.495,2.506,52.967,0.015
ran_pars,subj_id,sd__(Intercept),99.06,NA,NA,NA,NA
ran_pars,subj_id,cor__(Intercept).X_i,-0.178,NA,NA,NA,NA
ran_pars,subj_id,sd__X_i,48.927,NA,NA,NA,NA
ran_pars,item_id,sd__(Intercept),71.262,NA,NA,NA,NA
ran_pars,Residual,sd__Observation,199.502,NA,NA,NA,NA
fixed,NA,(Intercept),787.562,15.476,50.888,110.154,0
fixed,NA,X_i,57.539,23.734,2.424,49.285,0.019
ran_pars,subj_id,sd__(Intercept),100.354,NA,NA,NA,NA
ran_pars,subj_id,cor__(Intercept).X_i,0.274,NA,NA,NA,NA
ran_pars,subj_id,sd__X_i,28.467,NA,NA,NA,NA
ran_pars,item_id,sd__(Intercept),80.869,NA,NA,NA,NA
ran_pars,Residual,sd__Observation,200.107,NA,NA,NA,NA
fixed,NA,(Intercept),782.936,15.447,50.685,117.502,0
fixed,NA,X_i,76.593,23.003,3.33,50.676,0.002
ran_pars,subj_id,sd__(Intercept),104.938,NA,NA,NA,NA
ran_pars,subj_id,cor__(Intercept).X_i,0.433,NA,NA,NA,NA
ran_pars,subj_id,sd__X_i,38.973,NA,NA,NA,NA
ran_pars,item_id,sd__(Intercept),77.663,NA,NA,NA,NA
ran_pars,Residual,sd__Observation,198.19,NA,NA,NA,NA
fixed,NA,(Intercept),810.081,13.895,58.299,111.212,0
fixed,NA,X_i,68.444,21.309,3.212,50.821,0.002
ran_pars,subj_id,sd__(Intercept),91.115,NA,NA,NA,NA
ran_pars,subj_id,cor__(Intercept).X_i,-0.142,NA,NA,NA,NA
ran_pars,subj_id,sd__X_i,37.2,NA,NA,NA,NA
ran_pars,item_id,sd__(Intercept),71.59,NA,NA,NA,NA
ran_pars,Residual,sd__Observation,194.376,NA,NA,NA,NA
fixed,NA,(Intercept),808.582,14.354,56.333,110.439,0
fixed,NA,X_i,77.24,21.97,3.516,49.669,0.001
ran_pars,subj_id,sd__(Intercept),93.6,NA,NA,NA,NA
ran_pars,subj_id,cor__(Intercept).X_i,0.291,NA,NA,NA,NA
ran_pars,subj_id,sd__X_i,30.066,NA,NA,NA,NA
ran_pars,item_id,sd__(Intercept),74.325,NA,NA,NA,NA
ran_pars,Residual,sd__Observation,199.133,NA,NA,NA,NA
fixed,NA,(Intercept),799.038,15.01,53.233,99.041,0
fixed,NA,X_i,33.477,24.514,1.366,51.947,0.178
ran_pars,subj_id,sd__(Intercept),90.127,NA,NA,NA,NA
ran_pars,subj_id,cor__(Intercept).X_i,0.126,NA,NA,NA,NA
ran_pars,subj_id,sd__X_i,49.601,NA,NA,NA,NA
ran_pars,item_id,sd__(Intercept),82.549,NA,NA,NA,NA
ran_pars,Residual,sd__Observation,197.436,NA,NA,NA,NA
fixed,NA,(Intercept),798.519,14.914,53.541,119.378,0
fixed,NA,X_i,19.896,21.873,0.91,50.3,0.367
ran_pars,subj_id,sd__(Intercept),102.888,NA,NA,NA,NA
ran_pars,subj_id,cor__(Intercept).X_i,0.292,NA,NA,NA,NA
ran_pars,subj_id,sd__X_i,34.825,NA,NA,NA,NA
ran_pars,item_id,sd__(Intercept),73.627,NA,NA,NA,NA
ran_pars,Residual,sd__Observation,201.963,NA,NA,NA,NA
fixed,NA,(Intercept),783.211,15.616,50.154,113.407,0
fixed,NA,X_i,66.37,23.915,2.775,51.919,0.008
ran_pars,subj_id,sd__(Intercept),103.299,NA,NA,NA,NA
ran_pars,subj_id,cor__(Intercept).X_i,0.151,NA,NA,NA,NA
ran_pars,subj_id,sd__X_i,48.297,NA,NA,NA,NA
ran_pars,item_id,sd__(Intercept),80.418,NA,NA,NA,NA
ran_pars,Residual,sd__Observation,197.637,NA,NA,NA,NA
fixed,NA,(Intercept),818.76,14.871,55.056,119.828,0
fixed,NA,X_i,53.617,21.675,2.474,49.797,0.017
ran_pars,subj_id,sd__(Intercept),102.999,NA,NA,NA,NA
ran_pars,subj_id,cor__(Intercept).X_i,0.372,NA,NA,NA,NA
ran_pars,subj_id,sd__X_i,30.882,NA,NA,NA,NA
ran_pars,item_id,sd__(Intercept),73.045,NA,NA,NA,NA
ran_pars,Residual,sd__Observation,204.435,NA,NA,NA,NA
fixed,NA,(Intercept),787.929,15.417,51.107,104.563,0
fixed,NA,X_i,66.606,24.683,2.698,52.671,0.009
ran_pars,subj_id,sd__(Intercept),96.269,NA,NA,NA,NA
ran_pars,subj_id,cor__(Intercept).X_i,0.146,NA,NA,NA,NA
ran_pars,subj_id,sd__X_i,54.035,NA,NA,NA,NA
ran_pars,item_id,sd__(Intercept),82.799,NA,NA,NA,NA
ran_pars,Residual,sd__Observation,198.812,NA,NA,NA,NA
fixed,NA,(Intercept),809.528,15.963,50.712,113.529,0
fixed,NA,X_i,90.089,24.129,3.734,49.417,0
ran_pars,subj_id,sd__(Intercept),105.616,NA,NA,NA,NA
ran_pars,subj_id,cor__(Intercept).X_i,0.61,NA,NA,NA,NA
ran_pars,subj_id,sd__X_i,30.192,NA,NA,NA,NA
ran_pars,item_id,sd__(Intercept),82.251,NA,NA,NA,NA
ran_pars,Residual,sd__Observation,199.678,NA,NA,NA,NA
fixed,NA,(Intercept),785.15,16.587,47.335,99.349,0
fixed,NA,X_i,59.615,26.744,2.229,49.359,0.03
ran_pars,subj_id,sd__(Intercept),99.481,NA,NA,NA,NA
ran_pars,subj_id,cor__(Intercept).X_i,0.428,NA,NA,NA,NA
ran_pars,subj_id,sd__X_i,32.463,NA,NA,NA,NA
ran_pars,item_id,sd__(Intercept),91.726,NA,NA,NA,NA
ran_pars,Residual,sd__Observation,198.727,NA,NA,NA,NA
fixed,NA,(Intercept),795.359,14.239,55.859,113.37,0
fixed,NA,X_i,56.224,21.66,2.596,51.404,0.012
ran_pars,subj_id,sd__(Intercept),94.727,NA,NA,NA,NA
ran_pars,subj_id,cor__(Intercept).X_i,0.048,NA,NA,NA,NA
ran_pars,subj_id,sd__X_i,41.365,NA,NA,NA,NA
ran_pars,item_id,sd__(Intercept),72.461,NA,NA,NA,NA
ran_pars,Residual,sd__Observation,199.969,NA,NA,NA,NA
fixed,NA,(Intercept),775.447,14.653,52.921,110.56,0
fixed,NA,X_i,30.831,22.513,1.369,50.478,0.177
ran_pars,subj_id,sd__(Intercept),95.612,NA,NA,NA,NA
ran_pars,subj_id,cor__(Intercept).X_i,0.376,NA,NA,NA,NA
ran_pars,subj_id,sd__X_i,36.954,NA,NA,NA,NA
ran_pars,item_id,sd__(Intercept),75.852,NA,NA,NA,NA
ran_pars,Residual,sd__Observation,202.774,NA,NA,NA,NA
fixed,NA,(Intercept),800.297,14.728,54.34,124.08,0
fixed,NA,X_i,39.238,21.024,1.866,50.826,0.068
ran_pars,subj_id,sd__(Intercept),104.794,NA,NA,NA,NA
ran_pars,subj_id,cor__(Intercept).X_i,0.218,NA,NA,NA,NA
ran_pars,subj_id,sd__X_i,36.962,NA,NA,NA,NA
ran_pars,item_id,sd__(Intercept),70.38,NA,NA,NA,NA
ran_pars,Residual,sd__Observation,200.211,NA,NA,NA,NA
fixed,NA,(Intercept),788.671,15.643,50.417,110.322,0
fixed,NA,X_i,53.176,24.067,2.21,50.01,0.032
ran_pars,subj_id,sd__(Intercept),101.517,NA,NA,NA,NA
ran_pars,subj_id,cor__(Intercept).X_i,-0.079,NA,NA,NA,NA
ran_pars,subj_id,sd__X_i,35.558,NA,NA,NA,NA
ran_pars,item_id,sd__(Intercept),81.72,NA,NA,NA,NA
ran_pars,Residual,sd__Observation,201.008,NA,NA,NA,NA
fixed,NA,(Intercept),807.475,14.513,55.638,123.664,0
fixed,NA,X_i,42.36,21.056,2.012,53.604,0.049
ran_pars,subj_id,sd__(Intercept),103.063,NA,NA,NA,NA
ran_pars,subj_id,cor__(Intercept).X_i,0.168,NA,NA,NA,NA
ran_pars,subj_id,sd__X_i,50.737,NA,NA,NA,NA
ran_pars,item_id,sd__(Intercept),69.452,NA,NA,NA,NA
ran_pars,Residual,sd__Observation,199.168,NA,NA,NA,NA
fixed,NA,(Intercept),818.66,16.169,50.632,114.033,0
fixed,NA,X_i,16.276,24.537,0.663,50.551,0.51
ran_pars,subj_id,sd__(Intercept),107.241,NA,NA,NA,NA
ran_pars,subj_id,cor__(Intercept).X_i,0.292,NA,NA,NA,NA
ran_pars,subj_id,sd__X_i,40.413,NA,NA,NA,NA
ran_pars,item_id,sd__(Intercept),83.211,NA,NA,NA,NA
ran_pars,Residual,sd__Observation,199.332,NA,NA,NA,NA
fixed,NA,(Intercept),789.309,15.231,51.822,108.72,0
fixed,NA,X_i,65.563,23.673,2.769,50.723,0.008
ran_pars,subj_id,sd__(Intercept),97.958,NA,NA,NA,NA
ran_pars,subj_id,cor__(Intercept).X_i,0.237,NA,NA,NA,NA
ran_pars,subj_id,sd__X_i,40.389,NA,NA,NA,NA
ran_pars,item_id,sd__(Intercept),79.953,NA,NA,NA,NA
ran_pars,Residual,sd__Observation,202.198,NA,NA,NA,NA
fixed,NA,(Intercept),805.313,15.324,52.553,114.614,0
fixed,NA,X_i,66.666,23.255,2.867,51.349,0.006
ran_pars,subj_id,sd__(Intercept),102.168,NA,NA,NA,NA
ran_pars,subj_id,cor__(Intercept).X_i,0.362,NA,NA,NA,NA
ran_pars,subj_id,sd__X_i,43.67,NA,NA,NA,NA
ran_pars,item_id,sd__(Intercept),78.371,NA,NA,NA,NA
ran_pars,Residual,sd__Observation,194.82,NA,NA,NA,NA
fixed,NA,(Intercept),792.909,14.566,54.436,106.334,0
fixed,NA,X_i,19.152,22.828,0.839,50.311,0.405
ran_pars,subj_id,sd__(Intercept),92.274,NA,NA,NA,NA
ran_pars,subj_id,cor__(Intercept).X_i,-0.015,NA,NA,NA,NA
ran_pars,subj_id,sd__X_i,36.121,NA,NA,NA,NA
ran_pars,item_id,sd__(Intercept),77.221,NA,NA,NA,NA
ran_pars,Residual,sd__Observation,197.003,NA,NA,NA,NA
fixed,NA,(Intercept),823.994,13.079,63.002,118.433,0
fixed,NA,X_i,91.247,19.283,4.732,51.855,0
ran_pars,subj_id,sd__(Intercept),90.56,NA,NA,NA,NA
ran_pars,subj_id,cor__(Intercept).X_i,0.096,NA,NA,NA,NA
ran_pars,subj_id,sd__X_i,39.563,NA,NA,NA,NA
ran_pars,item_id,sd__(Intercept),63.657,NA,NA,NA,NA
ran_pars,Residual,sd__Observation,200.049,NA,NA,NA,NA
fixed,NA,(Intercept),802.49,15.269,52.556,117.511,0
fixed,NA,X_i,75.99,22.856,3.325,51.887,0.002
ran_pars,subj_id,sd__(Intercept),103.868,NA,NA,NA,NA
ran_pars,subj_id,cor__(Intercept).X_i,0.34,NA,NA,NA,NA
ran_pars,subj_id,sd__X_i,46.201,NA,NA,NA,NA
ran_pars,item_id,sd__(Intercept),76.569,NA,NA,NA,NA
ran_pars,Residual,sd__Observation,200.036,NA,NA,NA,NA
fixed,NA,(Intercept),809.079,15.398,52.545,122.166,0
fixed,NA,X_i,52.797,22.266,2.371,50.218,0.022
ran_pars,subj_id,sd__(Intercept),107.779,NA,NA,NA,NA
ran_pars,subj_id,cor__(Intercept).X_i,-0.088,NA,NA,NA,NA
ran_pars,subj_id,sd__X_i,34.711,NA,NA,NA,NA
ran_pars,item_id,sd__(Intercept),75.179,NA,NA,NA,NA
ran_pars,Residual,sd__Observation,198.645,NA,NA,NA,NA
fixed,NA,(Intercept),808.81,14.667,55.146,119.35,0
fixed,NA,X_i,25.83,21.536,1.199,50.557,0.236
ran_pars,subj_id,sd__(Intercept),101.194,NA,NA,NA,NA
ran_pars,subj_id,cor__(Intercept).X_i,-0.038,NA,NA,NA,NA
ran_pars,subj_id,sd__X_i,36.029,NA,NA,NA,NA
ran_pars,item_id,sd__(Intercept),72.37,NA,NA,NA,NA
ran_pars,Residual,sd__Observation,199.498,NA,NA,NA,NA
fixed,NA,(Intercept),814.037,13.94,58.396,123.357,0
fixed,NA,X_i,21.881,19.981,1.095,51.419,0.279
ran_pars,subj_id,sd__(Intercept),99.107,NA,NA,NA,NA
ran_pars,subj_id,cor__(Intercept).X_i,0.095,NA,NA,NA,NA
ran_pars,subj_id,sd__X_i,38.54,NA,NA,NA,NA
ran_pars,item_id,sd__(Intercept),66.416,NA,NA,NA,NA
ran_pars,Residual,sd__Observation,198.501,NA,NA,NA,NA
fixed,NA,(Intercept),787.181,15.613,50.418,102.062,0
fixed,NA,X_i,27.902,24.927,1.119,49.961,0.268
ran_pars,subj_id,sd__(Intercept),95.771,NA,NA,NA,NA
ran_pars,subj_id,cor__(Intercept).X_i,0.377,NA,NA,NA,NA
ran_pars,subj_id,sd__X_i,36.276,NA,NA,NA,NA
ran_pars,item_id,sd__(Intercept),84.853,NA,NA,NA,NA
ran_pars,Residual,sd__Observation,200.644,NA,NA,NA,NA
fixed,NA,(Intercept),792.617,14.99,52.877,121.695,0
fixed,NA,X_i,78.584,21.92,3.585,52.15,0.001
ran_pars,subj_id,sd__(Intercept),104.792,NA,NA,NA,NA
ran_pars,subj_id,cor__(Intercept).X_i,0.073,NA,NA,NA,NA
ran_pars,subj_id,sd__X_i,45.794,NA,NA,NA,NA
ran_pars,item_id,sd__(Intercept),73.143,NA,NA,NA,NA
ran_pars,Residual,sd__Observation,198.505,NA,NA,NA,NA
fixed,NA,(Intercept),773.525,14.152,54.658,131.99,0
fixed,NA,X_i,65.439,18.835,3.474,51.579,0.001
ran_pars,subj_id,sd__(Intercept),107.282,NA,NA,NA,NA
ran_pars,subj_id,cor__(Intercept).X_i,0.038,NA,NA,NA,NA
ran_pars,subj_id,sd__X_i,37.435,NA,NA,NA,NA
ran_pars,item_id,sd__(Intercept),62.18,NA,NA,NA,NA
ran_pars,Residual,sd__Observation,198.227,NA,NA,NA,NA
fixed,NA,(Intercept),808.153,14.047,57.532,117.121,0
fixed,NA,X_i,33.133,20.802,1.593,50.212,0.117
ran_pars,subj_id,sd__(Intercept),95.818,NA,NA,NA,NA
ran_pars,subj_id,cor__(Intercept).X_i,-0.031,NA,NA,NA,NA
ran_pars,subj_id,sd__X_i,32.703,NA,NA,NA,NA
ran_pars,item_id,sd__(Intercept),69.847,NA,NA,NA,NA
ran_pars,Residual,sd__Observation,199.157,NA,NA,NA,NA
fixed,NA,(Intercept),792.321,15.9,49.832,104.38,0
fixed,NA,X_i,69.675,25.08,2.778,49.543,0.008
ran_pars,subj_id,sd__(Intercept),99.105,NA,NA,NA,NA
ran_pars,subj_id,cor__(Intercept).X_i,-0.016,NA,NA,NA,NA
ran_pars,subj_id,sd__X_i,32.612,NA,NA,NA,NA
ran_pars,item_id,sd__(Intercept),85.554,NA,NA,NA,NA
ran_pars,Residual,sd__Observation,202.469,NA,NA,NA,NA
fixed,NA,(Intercept),820.728,16.12,50.914,102.947,0
fixed,NA,X_i,46.543,25.582,1.819,49.393,0.075
ran_pars,subj_id,sd__(Intercept),99.365,NA,NA,NA,NA
ran_pars,subj_id,cor__(Intercept).X_i,-0.045,NA,NA,NA,NA
ran_pars,subj_id,sd__X_i,31.577,NA,NA,NA,NA
ran_pars,item_id,sd__(Intercept),87.499,NA,NA,NA,NA
ran_pars,Residual,sd__Observation,199.96,NA,NA,NA,NA
fixed,NA,(Intercept),813.936,14.176,57.415,114.616,0
fixed,NA,X_i,69.136,21.121,3.273,48.751,0.002
ran_pars,subj_id,sd__(Intercept),95.133,NA,NA,NA,NA
ran_pars,subj_id,cor__(Intercept).X_i,0.235,NA,NA,NA,NA
ran_pars,subj_id,sd__X_i,20.514,NA,NA,NA,NA
ran_pars,item_id,sd__(Intercept),71.562,NA,NA,NA,NA
ran_pars,Residual,sd__Observation,200.583,NA,NA,NA,NA
fixed,NA,(Intercept),776.785,16.412,47.331,134.262,0
fixed,NA,X_i,53.059,21.631,2.453,50.515,0.018
ran_pars,subj_id,sd__(Intercept),124.736,NA,NA,NA,NA
ran_pars,subj_id,cor__(Intercept).X_i,0.229,NA,NA,NA,NA
ran_pars,subj_id,sd__X_i,35.931,NA,NA,NA,NA
ran_pars,item_id,sd__(Intercept),72.673,NA,NA,NA,NA
ran_pars,Residual,sd__Observation,201.556,NA,NA,NA,NA
fixed,NA,(Intercept),802.236,12.625,63.545,119.494,0
fixed,NA,X_i,40.584,18.369,2.209,51.178,0.032
ran_pars,subj_id,sd__(Intercept),88.347,NA,NA,NA,NA
ran_pars,subj_id,cor__(Intercept).X_i,0.163,NA,NA,NA,NA
ran_pars,subj_id,sd__X_i,34.783,NA,NA,NA,NA
ran_pars,item_id,sd__(Intercept),60.559,NA,NA,NA,NA
ran_pars,Residual,sd__Observation,199.805,NA,NA,NA,NA
fixed,NA,(Intercept),781.773,15.919,49.109,103.997,0
fixed,NA,X_i,69.337,25.086,2.764,48.972,0.008
ran_pars,subj_id,sd__(Intercept),98.898,NA,NA,NA,NA
ran_pars,subj_id,cor__(Intercept).X_i,0.204,NA,NA,NA,NA
ran_pars,subj_id,sd__X_i,26.216,NA,NA,NA,NA
ran_pars,item_id,sd__(Intercept),85.918,NA,NA,NA,NA
ran_pars,Residual,sd__Observation,199.671,NA,NA,NA,NA
fixed,NA,(Intercept),785.388,13.263,59.216,118.744,0
fixed,NA,X_i,20.646,19.546,1.056,52.053,0.296
ran_pars,subj_id,sd__(Intercept),91.978,NA,NA,NA,NA
ran_pars,subj_id,cor__(Intercept).X_i,0.211,NA,NA,NA,NA
ran_pars,subj_id,sd__X_i,40.994,NA,NA,NA,NA
ran_pars,item_id,sd__(Intercept),64.485,NA,NA,NA,NA
ran_pars,Residual,sd__Observation,201.797,NA,NA,NA,NA
fixed,NA,(Intercept),783.659,15.652,50.069,119.41,0
fixed,NA,X_i,40.699,23.181,1.756,51.651,0.085
ran_pars,subj_id,sd__(Intercept),107.608,NA,NA,NA,NA
ran_pars,subj_id,cor__(Intercept).X_i,0.268,NA,NA,NA,NA
ran_pars,subj_id,sd__X_i,45.456,NA,NA,NA,NA
ran_pars,item_id,sd__(Intercept),77.825,NA,NA,NA,NA
ran_pars,Residual,sd__Observation,200.519,NA,NA,NA,NA
fixed,NA,(Intercept),793.277,16.013,49.539,102.422,0
fixed,NA,X_i,40.906,25.495,1.604,49.548,0.115
ran_pars,subj_id,sd__(Intercept),98.307,NA,NA,NA,NA
ran_pars,subj_id,cor__(Intercept).X_i,-0.013,NA,NA,NA,NA
ran_pars,subj_id,sd__X_i,33,NA,NA,NA,NA
ran_pars,item_id,sd__(Intercept),87.179,NA,NA,NA,NA
ran_pars,Residual,sd__Observation,197.182,NA,NA,NA,NA
fixed,NA,(Intercept),807.107,14.749,54.721,118.419,0
fixed,NA,X_i,59.782,21.909,2.729,51.642,0.009
ran_pars,subj_id,sd__(Intercept),101.085,NA,NA,NA,NA
ran_pars,subj_id,cor__(Intercept).X_i,0.482,NA,NA,NA,NA
ran_pars,subj_id,sd__X_i,43.074,NA,NA,NA,NA
ran_pars,item_id,sd__(Intercept),73.303,NA,NA,NA,NA
ran_pars,Residual,sd__Observation,198.707,NA,NA,NA,NA
fixed,NA,(Intercept),820.608,16.858,48.677,112.387,0
fixed,NA,X_i,28.581,25.895,1.104,51.247,0.275
ran_pars,subj_id,sd__(Intercept),110.566,NA,NA,NA,NA
ran_pars,subj_id,cor__(Intercept).X_i,0.352,NA,NA,NA,NA
ran_pars,subj_id,sd__X_i,47.717,NA,NA,NA,NA
ran_pars,item_id,sd__(Intercept),87.638,NA,NA,NA,NA
ran_pars,Residual,sd__Observation,204.207,NA,NA,NA,NA
fixed,NA,(Intercept),796.285,16.165,49.259,103.745,0
fixed,NA,X_i,44.968,25.838,1.74,51.409,0.088
ran_pars,subj_id,sd__(Intercept),100.173,NA,NA,NA,NA
ran_pars,subj_id,cor__(Intercept).X_i,0.114,NA,NA,NA,NA
ran_pars,subj_id,sd__X_i,48.711,NA,NA,NA,NA
ran_pars,item_id,sd__(Intercept),87.494,NA,NA,NA,NA
ran_pars,Residual,sd__Observation,198.323,NA,NA,NA,NA
fixed,NA,(Intercept),786.568,15.383,51.132,94.077,0
fixed,NA,X_i,56.142,25.363,2.214,49.649,0.031
ran_pars,subj_id,sd__(Intercept),88.706,NA,NA,NA,NA
ran_pars,subj_id,cor__(Intercept).X_i,-0.177,NA,NA,NA,NA
ran_pars,subj_id,sd__X_i,33.858,NA,NA,NA,NA
ran_pars,item_id,sd__(Intercept),86.66,NA,NA,NA,NA
ran_pars,Residual,sd__Observation,196.88,NA,NA,NA,NA
fixed,NA,(Intercept),782.711,15.97,49.012,98.048,0
fixed,NA,X_i,70.292,26.252,2.678,52.291,0.01
ran_pars,subj_id,sd__(Intercept),95.046,NA,NA,NA,NA
ran_pars,subj_id,cor__(Intercept).X_i,0.499,NA,NA,NA,NA
ran_pars,subj_id,sd__X_i,55.111,NA,NA,NA,NA
ran_pars,item_id,sd__(Intercept),88.435,NA,NA,NA,NA
ran_pars,Residual,sd__Observation,203.53,NA,NA,NA,NA
fixed,NA,(Intercept),833.272,16.943,49.181,100.851,0
fixed,NA,X_i,61.496,27.108,2.269,49.008,0.028
ran_pars,subj_id,sd__(Intercept),102.662,NA,NA,NA,NA
ran_pars,subj_id,cor__(Intercept).X_i,0.175,NA,NA,NA,NA
ran_pars,subj_id,sd__X_i,28.513,NA,NA,NA,NA
ran_pars,item_id,sd__(Intercept),93.232,NA,NA,NA,NA
ran_pars,Residual,sd__Observation,197.861,NA,NA,NA,NA
fixed,NA,(Intercept),787.549,18.319,42.99,120.89,0
fixed,NA,X_i,-8.889,26.937,-0.33,50.443,0.743
ran_pars,subj_id,sd__(Intercept),126.042,NA,NA,NA,NA
ran_pars,subj_id,cor__(Intercept).X_i,0.291,NA,NA,NA,NA
ran_pars,subj_id,sd__X_i,43.216,NA,NA,NA,NA
ran_pars,item_id,sd__(Intercept),91.882,NA,NA,NA,NA
ran_pars,Residual,sd__Observation,198.603,NA,NA,NA,NA
fixed,NA,(Intercept),782.91,15.469,50.612,108.175,0
fixed,NA,X_i,92.396,24.163,3.824,51.05,0
ran_pars,subj_id,sd__(Intercept),99.011,NA,NA,NA,NA
ran_pars,subj_id,cor__(Intercept).X_i,0.317,NA,NA,NA,NA
ran_pars,subj_id,sd__X_i,43.396,NA,NA,NA,NA
ran_pars,item_id,sd__(Intercept),81.619,NA,NA,NA,NA
ran_pars,Residual,sd__Observation,200.258,NA,NA,NA,NA
fixed,NA,(Intercept),800.434,16.043,49.893,107.608,0
fixed,NA,X_i,42.507,25.089,1.694,50.577,0.096
ran_pars,subj_id,sd__(Intercept),102.137,NA,NA,NA,NA
ran_pars,subj_id,cor__(Intercept).X_i,0.327,NA,NA,NA,NA
ran_pars,subj_id,sd__X_i,41.504,NA,NA,NA,NA
ran_pars,item_id,sd__(Intercept),85.154,NA,NA,NA,NA
ran_pars,Residual,sd__Observation,200.475,NA,NA,NA,NA
fixed,NA,(Intercept),809.426,16.283,49.709,107.528,0
fixed,NA,X_i,90.103,25.285,3.564,49.01,0.001
ran_pars,subj_id,sd__(Intercept),103.499,NA,NA,NA,NA
ran_pars,subj_id,cor__(Intercept).X_i,0.309,NA,NA,NA,NA
ran_pars,subj_id,sd__X_i,26.885,NA,NA,NA,NA
ran_pars,item_id,sd__(Intercept),86.652,NA,NA,NA,NA
ran_pars,Residual,sd__Observation,198.096,NA,NA,NA,NA
fixed,NA,(Intercept),793.669,15.405,51.52,106.275,0
fixed,NA,X_i,75.3,24.118,3.122,49.89,0.003
ran_pars,subj_id,sd__(Intercept),97.414,NA,NA,NA,NA
ran_pars,subj_id,cor__(Intercept).X_i,0.382,NA,NA,NA,NA
ran_pars,subj_id,sd__X_i,34.621,NA,NA,NA,NA
ran_pars,item_id,sd__(Intercept),81.924,NA,NA,NA,NA
ran_pars,Residual,sd__Observation,202.377,NA,NA,NA,NA
fixed,NA,(Intercept),793.755,16.253,48.837,99.953,0
fixed,NA,X_i,68.354,26.118,2.617,49.334,0.012
ran_pars,subj_id,sd__(Intercept),98.041,NA,NA,NA,NA
ran_pars,subj_id,cor__(Intercept).X_i,0.102,NA,NA,NA,NA
ran_pars,subj_id,sd__X_i,31.534,NA,NA,NA,NA
ran_pars,item_id,sd__(Intercept),89.412,NA,NA,NA,NA
ran_pars,Residual,sd__Observation,201.963,NA,NA,NA,NA
fixed,NA,(Intercept),774.555,14.501,53.415,131.41,0
fixed,NA,X_i,25.663,19.232,1.334,49.122,0.188
ran_pars,subj_id,sd__(Intercept),109.132,NA,NA,NA,NA
ran_pars,subj_id,cor__(Intercept).X_i,0.191,NA,NA,NA,NA
ran_pars,subj_id,sd__X_i,22.756,NA,NA,NA,NA
ran_pars,item_id,sd__(Intercept),64.472,NA,NA,NA,NA
ran_pars,Residual,sd__Observation,200.49,NA,NA,NA,NA
fixed,NA,(Intercept),806.357,16.388,49.204,112.107,0
fixed,NA,X_i,98.757,24.98,3.953,49.484,0
ran_pars,subj_id,sd__(Intercept),107.283,NA,NA,NA,NA
ran_pars,subj_id,cor__(Intercept).X_i,0.465,NA,NA,NA,NA
ran_pars,subj_id,sd__X_i,31.808,NA,NA,NA,NA
ran_pars,item_id,sd__(Intercept),85.33,NA,NA,NA,NA
ran_pars,Residual,sd__Observation,198.067,NA,NA,NA,NA
fixed,NA,(Intercept),790.529,14.654,53.945,119.924,0
fixed,NA,X_i,22.248,21.694,1.026,52.699,0.31
ran_pars,subj_id,sd__(Intercept),101.42,NA,NA,NA,NA
ran_pars,subj_id,cor__(Intercept).X_i,0.009,NA,NA,NA,NA
ran_pars,subj_id,sd__X_i,48.043,NA,NA,NA,NA
ran_pars,item_id,sd__(Intercept),72.136,NA,NA,NA,NA
ran_pars,Residual,sd__Observation,197.672,NA,NA,NA,NA
fixed,NA,(Intercept),805.42,15.755,51.121,106.658,0
fixed,NA,X_i,97.11,24.855,3.907,51.483,0
ran_pars,subj_id,sd__(Intercept),99.699,NA,NA,NA,NA
ran_pars,subj_id,cor__(Intercept).X_i,-0.043,NA,NA,NA,NA
ran_pars,subj_id,sd__X_i,47.403,NA,NA,NA,NA
ran_pars,item_id,sd__(Intercept),83.954,NA,NA,NA,NA
ran_pars,Residual,sd__Observation,198.273,NA,NA,NA,NA
fixed,NA,(Intercept),821.4,15.209,54.008,122.839,0
fixed,NA,X_i,52.807,21.846,2.417,49.977,0.019
ran_pars,subj_id,sd__(Intercept),107.058,NA,NA,NA,NA
ran_pars,subj_id,cor__(Intercept).X_i,0.265,NA,NA,NA,NA
ran_pars,subj_id,sd__X_i,32.376,NA,NA,NA,NA
ran_pars,item_id,sd__(Intercept),73.721,NA,NA,NA,NA
ran_pars,Residual,sd__Observation,199.926,NA,NA,NA,NA
fixed,NA,(Intercept),793.074,13.512,58.695,121.432,0
fixed,NA,X_i,22.562,19.604,1.151,51.762,0.255
ran_pars,subj_id,sd__(Intercept),95.086,NA,NA,NA,NA
ran_pars,subj_id,cor__(Intercept).X_i,0.34,NA,NA,NA,NA
ran_pars,subj_id,sd__X_i,39.616,NA,NA,NA,NA
ran_pars,item_id,sd__(Intercept),64.921,NA,NA,NA,NA
ran_pars,Residual,sd__Observation,198.219,NA,NA,NA,NA
fixed,NA,(Intercept),796.706,16.73,47.622,98.551,0
fixed,NA,X_i,55.849,27.077,2.063,49.481,0.044
ran_pars,subj_id,sd__(Intercept),99.768,NA,NA,NA,NA
ran_pars,subj_id,cor__(Intercept).X_i,0.138,NA,NA,NA,NA
ran_pars,subj_id,sd__X_i,34.26,NA,NA,NA,NA
ran_pars,item_id,sd__(Intercept),92.781,NA,NA,NA,NA
ran_pars,Residual,sd__Observation,202.334,NA,NA,NA,NA
fixed,NA,(Intercept),796.874,16.958,46.99,103.897,0
fixed,NA,X_i,58.832,26.917,2.186,50.027,0.034
ran_pars,subj_id,sd__(Intercept),105.049,NA,NA,NA,NA
ran_pars,subj_id,cor__(Intercept).X_i,0.129,NA,NA,NA,NA
ran_pars,subj_id,sd__X_i,39.499,NA,NA,NA,NA
ran_pars,item_id,sd__(Intercept),91.971,NA,NA,NA,NA
ran_pars,Residual,sd__Observation,200.796,NA,NA,NA,NA
fixed,NA,(Intercept),787.169,15.622,50.389,123.226,0
fixed,NA,X_i,61.262,22.864,2.679,53.934,0.01
ran_pars,subj_id,sd__(Intercept),110.123,NA,NA,NA,NA
ran_pars,subj_id,cor__(Intercept).X_i,0.13,NA,NA,NA,NA
ran_pars,subj_id,sd__X_i,56.261,NA,NA,NA,NA
ran_pars,item_id,sd__(Intercept),75.695,NA,NA,NA,NA
ran_pars,Residual,sd__Observation,202.243,NA,NA,NA,NA
fixed,NA,(Intercept),802.954,13.695,58.632,118.564,0
fixed,NA,X_i,81.5,20.399,3.995,53.424,0
ran_pars,subj_id,sd__(Intercept),94.57,NA,NA,NA,NA
ran_pars,subj_id,cor__(Intercept).X_i,0.202,NA,NA,NA,NA
ran_pars,subj_id,sd__X_i,48.625,NA,NA,NA,NA
ran_pars,item_id,sd__(Intercept),67.085,NA,NA,NA,NA
ran_pars,Residual,sd__Observation,201.328,NA,NA,NA,NA
fixed,NA,(Intercept),807.003,16.031,50.339,98.225,0
fixed,NA,X_i,54.197,26.057,2.08,50.046,0.043
ran_pars,subj_id,sd__(Intercept),95.371,NA,NA,NA,NA
ran_pars,subj_id,cor__(Intercept).X_i,0.426,NA,NA,NA,NA
ran_pars,subj_id,sd__X_i,38.425,NA,NA,NA,NA
ran_pars,item_id,sd__(Intercept),89.02,NA,NA,NA,NA
ran_pars,Residual,sd__Observation,194.365,NA,NA,NA,NA
fixed,NA,(Intercept),827.058,14.2,58.244,96.53,0
fixed,NA,X_i,66.609,23.214,2.869,50.339,0.006
ran_pars,subj_id,sd__(Intercept),83.855,NA,NA,NA,NA
ran_pars,subj_id,cor__(Intercept).X_i,-0.031,NA,NA,NA,NA
ran_pars,subj_id,sd__X_i,36.923,NA,NA,NA,NA
ran_pars,item_id,sd__(Intercept),78.533,NA,NA,NA,NA
ran_pars,Residual,sd__Observation,199.625,NA,NA,NA,NA
fixed,NA,(Intercept),799.063,14.867,53.749,114.342,0
fixed,NA,X_i,29.407,22.849,1.287,54.135,0.204
ran_pars,subj_id,sd__(Intercept),99.318,NA,NA,NA,NA
ran_pars,subj_id,cor__(Intercept).X_i,0.228,NA,NA,NA,NA
ran_pars,subj_id,sd__X_i,57.092,NA,NA,NA,NA
ran_pars,item_id,sd__(Intercept),75.575,NA,NA,NA,NA
ran_pars,Residual,sd__Observation,201.805,NA,NA,NA,NA
fixed,NA,(Intercept),812.609,15.696,51.771,115.545,0
fixed,NA,X_i,91.396,23.78,3.843,51.868,0
ran_pars,subj_id,sd__(Intercept),105.211,NA,NA,NA,NA
ran_pars,subj_id,cor__(Intercept).X_i,-0.108,NA,NA,NA,NA
ran_pars,subj_id,sd__X_i,47.741,NA,NA,NA,NA
ran_pars,item_id,sd__(Intercept),79.963,NA,NA,NA,NA
ran_pars,Residual,sd__Observation,197.437,NA,NA,NA,NA
fixed,NA,(Intercept),807.863,14.137,57.143,128.5,0
fixed,NA,X_i,73.756,19.636,3.756,52.943,0
ran_pars,subj_id,sd__(Intercept),104.183,NA,NA,NA,NA
ran_pars,subj_id,cor__(Intercept).X_i,0.157,NA,NA,NA,NA
ran_pars,subj_id,sd__X_i,45.003,NA,NA,NA,NA
ran_pars,item_id,sd__(Intercept),64.562,NA,NA,NA,NA
ran_pars,Residual,sd__Observation,199.499,NA,NA,NA,NA
fixed,NA,(Intercept),769.626,17.461,44.078,105.169,0
fixed,NA,X_i,18.979,27.693,0.685,50.841,0.496
ran_pars,subj_id,sd__(Intercept),109.011,NA,NA,NA,NA
ran_pars,subj_id,cor__(Intercept).X_i,0.191,NA,NA,NA,NA
ran_pars,subj_id,sd__X_i,47.68,NA,NA,NA,NA
ran_pars,item_id,sd__(Intercept),94.33,NA,NA,NA,NA
ran_pars,Residual,sd__Observation,201.013,NA,NA,NA,NA
fixed,NA,(Intercept),805.748,14.489,55.609,100.016,0
fixed,NA,X_i,70.805,23.184,3.054,48.972,0.004
ran_pars,subj_id,sd__(Intercept),87.79,NA,NA,NA,NA
ran_pars,subj_id,cor__(Intercept).X_i,0.531,NA,NA,NA,NA
ran_pars,subj_id,sd__X_i,24.511,NA,NA,NA,NA
ran_pars,item_id,sd__(Intercept),79.06,NA,NA,NA,NA
ran_pars,Residual,sd__Observation,198.29,NA,NA,NA,NA
fixed,NA,(Intercept),782.414,13.436,58.234,133.978,0
fixed,NA,X_i,20.755,17.028,1.219,53.545,0.228
ran_pars,subj_id,sd__(Intercept),106.038,NA,NA,NA,NA
ran_pars,subj_id,cor__(Intercept).X_i,0.122,NA,NA,NA,NA
ran_pars,subj_id,sd__X_i,42.01,NA,NA,NA,NA
ran_pars,item_id,sd__(Intercept),54.782,NA,NA,NA,NA
ran_pars,Residual,sd__Observation,200.708,NA,NA,NA,NA
fixed,NA,(Intercept),784.397,14.238,55.09,101.773,0
fixed,NA,X_i,39.296,22.911,1.715,51.714,0.092
ran_pars,subj_id,sd__(Intercept),87.549,NA,NA,NA,NA
ran_pars,subj_id,cor__(Intercept).X_i,0.122,NA,NA,NA,NA
ran_pars,subj_id,sd__X_i,45.352,NA,NA,NA,NA
ran_pars,item_id,sd__(Intercept),76.789,NA,NA,NA,NA
ran_pars,Residual,sd__Observation,201.919,NA,NA,NA,NA
fixed,NA,(Intercept),822.362,16.021,51.329,110.54,0
fixed,NA,X_i,33.601,24.467,1.373,48.614,0.176
ran_pars,subj_id,sd__(Intercept),103.973,NA,NA,NA,NA
ran_pars,subj_id,cor__(Intercept).X_i,0.024,NA,NA,NA,NA
ran_pars,subj_id,sd__X_i,20.813,NA,NA,NA,NA
ran_pars,item_id,sd__(Intercept),83.842,NA,NA,NA,NA
ran_pars,Residual,sd__Observation,199.823,NA,NA,NA,NA
fixed,NA,(Intercept),818.539,14.204,57.629,127.118,0
fixed,NA,X_i,37.63,19.764,1.904,51.076,0.063
ran_pars,subj_id,sd__(Intercept),103.643,NA,NA,NA,NA
ran_pars,subj_id,cor__(Intercept).X_i,0.19,NA,NA,NA,NA
ran_pars,subj_id,sd__X_i,36.481,NA,NA,NA,NA
ran_pars,item_id,sd__(Intercept),65.659,NA,NA,NA,NA
ran_pars,Residual,sd__Observation,201.238,NA,NA,NA,NA
fixed,NA,(Intercept),767.84,13.837,55.494,119.256,0
fixed,NA,X_i,78.337,20.12,3.893,49.304,0
ran_pars,subj_id,sd__(Intercept),95.821,NA,NA,NA,NA
ran_pars,subj_id,cor__(Intercept).X_i,0.218,NA,NA,NA,NA
ran_pars,subj_id,sd__X_i,25.078,NA,NA,NA,NA
ran_pars,item_id,sd__(Intercept),67.709,NA,NA,NA,NA
ran_pars,Residual,sd__Observation,199.275,NA,NA,NA,NA
fixed,NA,(Intercept),825.56,16.174,51.042,118.421,0
fixed,NA,X_i,73.777,23.991,3.075,50.597,0.003
ran_pars,subj_id,sd__(Intercept),110.319,NA,NA,NA,NA
ran_pars,subj_id,cor__(Intercept).X_i,0.231,NA,NA,NA,NA
ran_pars,subj_id,sd__X_i,39.993,NA,NA,NA,NA
ran_pars,item_id,sd__(Intercept),81.184,NA,NA,NA,NA
ran_pars,Residual,sd__Observation,201,NA,NA,NA,NA
fixed,NA,(Intercept),802.734,16.06,49.985,114.78,0
fixed,NA,X_i,71.207,24.186,2.944,49.911,0.005
ran_pars,subj_id,sd__(Intercept),107.102,NA,NA,NA,NA
ran_pars,subj_id,cor__(Intercept).X_i,0.227,NA,NA,NA,NA
ran_pars,subj_id,sd__X_i,34.86,NA,NA,NA,NA
ran_pars,item_id,sd__(Intercept),82.196,NA,NA,NA,NA
ran_pars,Residual,sd__Observation,200.988,NA,NA,NA,NA
fixed,NA,(Intercept),778.575,16.911,46.04,113.55,0
fixed,NA,X_i,79.691,25.659,3.106,49.966,0.003
ran_pars,subj_id,sd__(Intercept),111.74,NA,NA,NA,NA
ran_pars,subj_id,cor__(Intercept).X_i,0.356,NA,NA,NA,NA
ran_pars,subj_id,sd__X_i,37.332,NA,NA,NA,NA
ran_pars,item_id,sd__(Intercept),87.382,NA,NA,NA,NA
ran_pars,Residual,sd__Observation,204.984,NA,NA,NA,NA
fixed,NA,(Intercept),812.872,14.48,56.139,112.734,0
fixed,NA,X_i,61.179,21.792,2.807,48.687,0.007
ran_pars,subj_id,sd__(Intercept),95.896,NA,NA,NA,NA
ran_pars,subj_id,cor__(Intercept).X_i,0.183,NA,NA,NA,NA
ran_pars,subj_id,sd__X_i,20.196,NA,NA,NA,NA
ran_pars,item_id,sd__(Intercept),74,NA,NA,NA,NA
ran_pars,Residual,sd__Observation,202.197,NA,NA,NA,NA
fixed,NA,(Intercept),794.008,15.472,51.318,96.63,0
fixed,NA,X_i,22.049,25.587,0.862,52.372,0.393
ran_pars,subj_id,sd__(Intercept),91.141,NA,NA,NA,NA
ran_pars,subj_id,cor__(Intercept).X_i,0.152,NA,NA,NA,NA
ran_pars,subj_id,sd__X_i,54.239,NA,NA,NA,NA
ran_pars,item_id,sd__(Intercept),86.092,NA,NA,NA,NA
ran_pars,Residual,sd__Observation,201.087,NA,NA,NA,NA
fixed,NA,(Intercept),812.291,16.523,49.16,112.421,0
fixed,NA,X_i,13.177,25.117,0.525,49.198,0.602
ran_pars,subj_id,sd__(Intercept),108.345,NA,NA,NA,NA
ran_pars,subj_id,cor__(Intercept).X_i,-0.118,NA,NA,NA,NA
ran_pars,subj_id,sd__X_i,28.847,NA,NA,NA,NA
ran_pars,item_id,sd__(Intercept),85.957,NA,NA,NA,NA
ran_pars,Residual,sd__Observation,198.325,NA,NA,NA,NA
fixed,NA,(Intercept),796.918,14.543,54.796,126.806,0
fixed,NA,X_i,65.708,20.414,3.219,51.42,0.002
ran_pars,subj_id,sd__(Intercept),105.446,NA,NA,NA,NA
ran_pars,subj_id,cor__(Intercept).X_i,0.067,NA,NA,NA,NA
ran_pars,subj_id,sd__X_i,39.308,NA,NA,NA,NA
ran_pars,item_id,sd__(Intercept),68,NA,NA,NA,NA
ran_pars,Residual,sd__Observation,197.952,NA,NA,NA,NA
fixed,NA,(Intercept),812.707,14.82,54.838,108.21,0
fixed,NA,X_i,86.618,23.294,3.719,52.381,0
ran_pars,subj_id,sd__(Intercept),94.942,NA,NA,NA,NA
ran_pars,subj_id,cor__(Intercept).X_i,0.292,NA,NA,NA,NA
ran_pars,subj_id,sd__X_i,49.608,NA,NA,NA,NA
ran_pars,item_id,sd__(Intercept),78.082,NA,NA,NA,NA
ran_pars,Residual,sd__Observation,194.411,NA,NA,NA,NA
fixed,NA,(Intercept),759.844,16.087,47.234,113.735,0
fixed,NA,X_i,51.44,24.243,2.122,48.921,0.039
ran_pars,subj_id,sd__(Intercept),106.486,NA,NA,NA,NA
ran_pars,subj_id,cor__(Intercept).X_i,0.67,NA,NA,NA,NA
ran_pars,subj_id,sd__X_i,24.83,NA,NA,NA,NA
ran_pars,item_id,sd__(Intercept),82.941,NA,NA,NA,NA
ran_pars,Residual,sd__Observation,197.627,NA,NA,NA,NA
fixed,NA,(Intercept),810.597,15.317,52.92,99.693,0
fixed,NA,X_i,72.414,24.632,2.94,49.426,0.005
ran_pars,subj_id,sd__(Intercept),92.366,NA,NA,NA,NA
ran_pars,subj_id,cor__(Intercept).X_i,0.58,NA,NA,NA,NA
ran_pars,subj_id,sd__X_i,30.819,NA,NA,NA,NA
ran_pars,item_id,sd__(Intercept),84.09,NA,NA,NA,NA
ran_pars,Residual,sd__Observation,198.577,NA,NA,NA,NA
fixed,NA,(Intercept),820.443,15.339,53.488,108.462,0
fixed,NA,X_i,59.915,23.897,2.507,50.782,0.015
ran_pars,subj_id,sd__(Intercept),98.355,NA,NA,NA,NA
ran_pars,subj_id,cor__(Intercept).X_i,-0.053,NA,NA,NA,NA
ran_pars,subj_id,sd__X_i,41.098,NA,NA,NA,NA
ran_pars,item_id,sd__(Intercept),80.836,NA,NA,NA,NA
ran_pars,Residual,sd__Observation,198.137,NA,NA,NA,NA
fixed,NA,(Intercept),797.108,15.489,51.464,99.587,0
fixed,NA,X_i,25.002,25.053,0.998,50.425,0.323
ran_pars,subj_id,sd__(Intercept),93.294,NA,NA,NA,NA
ran_pars,subj_id,cor__(Intercept).X_i,0.178,NA,NA,NA,NA
ran_pars,subj_id,sd__X_i,40.259,NA,NA,NA,NA
ran_pars,item_id,sd__(Intercept),85.133,NA,NA,NA,NA
ran_pars,Residual,sd__Observation,198.848,NA,NA,NA,NA
fixed,NA,(Intercept),789.281,14.084,56.041,103.631,0
fixed,NA,X_i,6.994,22.609,0.309,52.859,0.758
ran_pars,subj_id,sd__(Intercept),87.747,NA,NA,NA,NA
ran_pars,subj_id,cor__(Intercept).X_i,0.173,NA,NA,NA,NA
ran_pars,subj_id,sd__X_i,50.704,NA,NA,NA,NA
ran_pars,item_id,sd__(Intercept),75.317,NA,NA,NA,NA
ran_pars,Residual,sd__Observation,198.837,NA,NA,NA,NA
fixed,NA,(Intercept),800.651,15.037,53.244,110.483,0
fixed,NA,X_i,47.885,23.114,2.072,50.307,0.043
ran_pars,subj_id,sd__(Intercept),97.932,NA,NA,NA,NA
ran_pars,subj_id,cor__(Intercept).X_i,-0.123,NA,NA,NA,NA
ran_pars,subj_id,sd__X_i,36.598,NA,NA,NA,NA
ran_pars,item_id,sd__(Intercept),78.1,NA,NA,NA,NA
ran_pars,Residual,sd__Observation,202.799,NA,NA,NA,NA
fixed,NA,(Intercept),799.309,15.858,50.405,123.424,0
fixed,NA,X_i,43.705,22.686,1.927,49.309,0.06
ran_pars,subj_id,sd__(Intercept),111.675,NA,NA,NA,NA
ran_pars,subj_id,cor__(Intercept).X_i,0.304,NA,NA,NA,NA
ran_pars,subj_id,sd__X_i,27.666,NA,NA,NA,NA
ran_pars,item_id,sd__(Intercept),77.095,NA,NA,NA,NA
ran_pars,Residual,sd__Observation,198.501,NA,NA,NA,NA
fixed,NA,(Intercept),789.795,15.59,50.659,115.411,0
fixed,NA,X_i,79.281,23.47,3.378,50.64,0.001
ran_pars,subj_id,sd__(Intercept),104.519,NA,NA,NA,NA
ran_pars,subj_id,cor__(Intercept).X_i,0.242,NA,NA,NA,NA
ran_pars,subj_id,sd__X_i,39.469,NA,NA,NA,NA
ran_pars,item_id,sd__(Intercept),79.318,NA,NA,NA,NA
ran_pars,Residual,sd__Observation,199.868,NA,NA,NA,NA
fixed,NA,(Intercept),809.179,13.901,58.208,118.571,0
fixed,NA,X_i,24.732,20.572,1.202,52.206,0.235
ran_pars,subj_id,sd__(Intercept),96.033,NA,NA,NA,NA
ran_pars,subj_id,cor__(Intercept).X_i,0.327,NA,NA,NA,NA
ran_pars,subj_id,sd__X_i,43.691,NA,NA,NA,NA
ran_pars,item_id,sd__(Intercept),68.047,NA,NA,NA,NA
ran_pars,Residual,sd__Observation,205.167,NA,NA,NA,NA
fixed,NA,(Intercept),786.358,14.209,55.34,127.606,0
fixed,NA,X_i,80.281,19.633,4.089,50.329,0
ran_pars,subj_id,sd__(Intercept),103.966,NA,NA,NA,NA
ran_pars,subj_id,cor__(Intercept).X_i,0.283,NA,NA,NA,NA
ran_pars,subj_id,sd__X_i,31.914,NA,NA,NA,NA
ran_pars,item_id,sd__(Intercept),65.513,NA,NA,NA,NA
ran_pars,Residual,sd__Observation,199.772,NA,NA,NA,NA
fixed,NA,(Intercept),822.494,15.69,52.423,111.156,0
fixed,NA,X_i,70.745,24.213,2.922,51.316,0.005
ran_pars,subj_id,sd__(Intercept),102.327,NA,NA,NA,NA
ran_pars,subj_id,cor__(Intercept).X_i,0.285,NA,NA,NA,NA
ran_pars,subj_id,sd__X_i,45.194,NA,NA,NA,NA
ran_pars,item_id,sd__(Intercept),81.687,NA,NA,NA,NA
ran_pars,Residual,sd__Observation,199.986,NA,NA,NA,NA
fixed,NA,(Intercept),819.592,13.976,58.645,117.233,0
fixed,NA,X_i,21.987,20.973,1.048,53.071,0.299
ran_pars,subj_id,sd__(Intercept),95.49,NA,NA,NA,NA
ran_pars,subj_id,cor__(Intercept).X_i,0.441,NA,NA,NA,NA
ran_pars,subj_id,sd__X_i,48.294,NA,NA,NA,NA
ran_pars,item_id,sd__(Intercept),69.304,NA,NA,NA,NA
ran_pars,Residual,sd__Observation,200.925,NA,NA,NA,NA
fixed,NA,(Intercept),791.399,15.473,51.147,114.992,0
fixed,NA,X_i,66.383,23.327,2.846,50.566,0.006
ran_pars,subj_id,sd__(Intercept),103.502,NA,NA,NA,NA
ran_pars,subj_id,cor__(Intercept).X_i,0.283,NA,NA,NA,NA
ran_pars,subj_id,sd__X_i,38.726,NA,NA,NA,NA
ran_pars,item_id,sd__(Intercept),78.832,NA,NA,NA,NA
ran_pars,Residual,sd__Observation,199.968,NA,NA,NA,NA
fixed,NA,(Intercept),793.278,13.852,57.269,126.424,0
fixed,NA,X_i,42.837,19.463,2.201,52.586,0.032
ran_pars,subj_id,sd__(Intercept),100.914,NA,NA,NA,NA
ran_pars,subj_id,cor__(Intercept).X_i,0.087,NA,NA,NA,NA
ran_pars,subj_id,sd__X_i,43.23,NA,NA,NA,NA
ran_pars,item_id,sd__(Intercept),63.963,NA,NA,NA,NA
ran_pars,Residual,sd__Observation,202.579,NA,NA,NA,NA
fixed,NA,(Intercept),775.161,15.426,50.249,110.626,0
fixed,NA,X_i,82.795,23.709,3.492,50.217,0.001
ran_pars,subj_id,sd__(Intercept),100.41,NA,NA,NA,NA
ran_pars,subj_id,cor__(Intercept).X_i,0.198,NA,NA,NA,NA
ran_pars,subj_id,sd__X_i,36.746,NA,NA,NA,NA
ran_pars,item_id,sd__(Intercept),80.304,NA,NA,NA,NA
ran_pars,Residual,sd__Observation,202.225,NA,NA,NA,NA
fixed,NA,(Intercept),786.06,15.376,51.124,112.816,0
fixed,NA,X_i,22.319,23.528,0.949,51.373,0.347
ran_pars,subj_id,sd__(Intercept),101.465,NA,NA,NA,NA
ran_pars,subj_id,cor__(Intercept).X_i,0.157,NA,NA,NA,NA
ran_pars,subj_id,sd__X_i,44.4,NA,NA,NA,NA
ran_pars,item_id,sd__(Intercept),79.209,NA,NA,NA,NA
ran_pars,Residual,sd__Observation,199.74,NA,NA,NA,NA
fixed,NA,(Intercept),790.763,18.075,43.749,100.318,0
fixed,NA,X_i,40.99,29.227,1.402,50.475,0.167
ran_pars,subj_id,sd__(Intercept),108.932,NA,NA,NA,NA
ran_pars,subj_id,cor__(Intercept).X_i,0.075,NA,NA,NA,NA
ran_pars,subj_id,sd__X_i,46.989,NA,NA,NA,NA
ran_pars,item_id,sd__(Intercept),99.99,NA,NA,NA,NA
ran_pars,Residual,sd__Observation,201.023,NA,NA,NA,NA
fixed,NA,(Intercept),795.291,16.509,48.172,95.8,0
fixed,NA,X_i,87.416,27.081,3.228,49.871,0.002
ran_pars,subj_id,sd__(Intercept),96.373,NA,NA,NA,NA
ran_pars,subj_id,cor__(Intercept).X_i,0.169,NA,NA,NA,NA
ran_pars,subj_id,sd__X_i,38.248,NA,NA,NA,NA
ran_pars,item_id,sd__(Intercept),92.646,NA,NA,NA,NA
ran_pars,Residual,sd__Observation,200.227,NA,NA,NA,NA
fixed,NA,(Intercept),793.722,14.363,55.26,117.05,0
fixed,NA,X_i,22.485,21.409,1.05,51.088,0.299
ran_pars,subj_id,sd__(Intercept),97.742,NA,NA,NA,NA
ran_pars,subj_id,cor__(Intercept).X_i,0.174,NA,NA,NA,NA
ran_pars,subj_id,sd__X_i,39.076,NA,NA,NA,NA
ran_pars,item_id,sd__(Intercept),71.733,NA,NA,NA,NA
ran_pars,Residual,sd__Observation,198.228,NA,NA,NA,NA
fixed,NA,(Intercept),803.119,14.58,55.085,93.648,0
fixed,NA,X_i,74.207,24.203,3.066,50.865,0.003
ran_pars,subj_id,sd__(Intercept),84.008,NA,NA,NA,NA
ran_pars,subj_id,cor__(Intercept).X_i,0.259,NA,NA,NA,NA
ran_pars,subj_id,sd__X_i,42.216,NA,NA,NA,NA
ran_pars,item_id,sd__(Intercept),81.838,NA,NA,NA,NA
ran_pars,Residual,sd__Observation,200.526,NA,NA,NA,NA
fixed,NA,(Intercept),821.616,16.278,50.475,108.576,0
fixed,NA,X_i,31.62,25.368,1.246,50.617,0.218
ran_pars,subj_id,sd__(Intercept),104.176,NA,NA,NA,NA
ran_pars,subj_id,cor__(Intercept).X_i,0.026,NA,NA,NA,NA
ran_pars,subj_id,sd__X_i,42.167,NA,NA,NA,NA
ran_pars,item_id,sd__(Intercept),86.196,NA,NA,NA,NA
ran_pars,Residual,sd__Observation,197.996,NA,NA,NA,NA
fixed,NA,(Intercept),812.886,14.938,54.417,115.339,0
fixed,NA,X_i,86.616,22.534,3.844,51.417,0
ran_pars,subj_id,sd__(Intercept),100.411,NA,NA,NA,NA
ran_pars,subj_id,cor__(Intercept).X_i,0.256,NA,NA,NA,NA
ran_pars,subj_id,sd__X_i,42.976,NA,NA,NA,NA
ran_pars,item_id,sd__(Intercept),75.552,NA,NA,NA,NA
ran_pars,Residual,sd__Observation,202.006,NA,NA,NA,NA
fixed,NA,(Intercept),808.235,15.48,52.212,104.774,0
fixed,NA,X_i,71.767,24.649,2.912,51.745,0.005
ran_pars,subj_id,sd__(Intercept),96.772,NA,NA,NA,NA
ran_pars,subj_id,cor__(Intercept).X_i,0.326,NA,NA,NA,NA
ran_pars,subj_id,sd__X_i,48.652,NA,NA,NA,NA
ran_pars,item_id,sd__(Intercept),83.1,NA,NA,NA,NA
ran_pars,Residual,sd__Observation,198.267,NA,NA,NA,NA
fixed,NA,(Intercept),790.658,15.972,49.504,108.411,0
fixed,NA,X_i,14.234,25.042,0.568,51.806,0.572
ran_pars,subj_id,sd__(Intercept),102.236,NA,NA,NA,NA
ran_pars,subj_id,cor__(Intercept).X_i,0.276,NA,NA,NA,NA
ran_pars,subj_id,sd__X_i,49.816,NA,NA,NA,NA
ran_pars,item_id,sd__(Intercept),84.438,NA,NA,NA,NA
ran_pars,Residual,sd__Observation,199.732,NA,NA,NA,NA
fixed,NA,(Intercept),787.263,16.078,48.966,102.704,0
fixed,NA,X_i,48.49,25.839,1.877,51.589,0.066
ran_pars,subj_id,sd__(Intercept),98.889,NA,NA,NA,NA
ran_pars,subj_id,cor__(Intercept).X_i,0.121,NA,NA,NA,NA
ran_pars,subj_id,sd__X_i,49.843,NA,NA,NA,NA
ran_pars,item_id,sd__(Intercept),87.451,NA,NA,NA,NA
ran_pars,Residual,sd__Observation,196.914,NA,NA,NA,NA
fixed,NA,(Intercept),822.033,16.212,50.705,104.637,0
fixed,NA,X_i,6.596,25.725,0.256,50.667,0.799
ran_pars,subj_id,sd__(Intercept),101.01,NA,NA,NA,NA
ran_pars,subj_id,cor__(Intercept).X_i,0.54,NA,NA,NA,NA
ran_pars,subj_id,sd__X_i,43.101,NA,NA,NA,NA
ran_pars,item_id,sd__(Intercept),87.511,NA,NA,NA,NA
ran_pars,Residual,sd__Observation,195.368,NA,NA,NA,NA
fixed,NA,(Intercept),786.801,15.245,51.61,100.467,0
fixed,NA,X_i,56.894,25,2.276,53.826,0.027
ran_pars,subj_id,sd__(Intercept),92.37,NA,NA,NA,NA
ran_pars,subj_id,cor__(Intercept).X_i,0.356,NA,NA,NA,NA
ran_pars,subj_id,sd__X_i,60.495,NA,NA,NA,NA
ran_pars,item_id,sd__(Intercept),83.566,NA,NA,NA,NA
ran_pars,Residual,sd__Observation,192.737,NA,NA,NA,NA
fixed,NA,(Intercept),810.4,14.539,55.739,114.779,0
fixed,NA,X_i,48.773,21.812,2.236,50.177,0.03
ran_pars,subj_id,sd__(Intercept),97.632,NA,NA,NA,NA
ran_pars,subj_id,cor__(Intercept).X_i,0.304,NA,NA,NA,NA
ran_pars,subj_id,sd__X_i,33.918,NA,NA,NA,NA
ran_pars,item_id,sd__(Intercept),73.376,NA,NA,NA,NA
ran_pars,Residual,sd__Observation,204.757,NA,NA,NA,NA
fixed,NA,(Intercept),801.456,18.125,44.219,123.351,0
fixed,NA,X_i,34.346,26.256,1.308,50.322,0.197
ran_pars,subj_id,sd__(Intercept),126.645,NA,NA,NA,NA
ran_pars,subj_id,cor__(Intercept).X_i,0.275,NA,NA,NA,NA
ran_pars,subj_id,sd__X_i,41.178,NA,NA,NA,NA
ran_pars,item_id,sd__(Intercept),89.504,NA,NA,NA,NA
ran_pars,Residual,sd__Observation,198.633,NA,NA,NA,NA
fixed,NA,(Intercept),813.882,14.443,56.352,127.612,0
fixed,NA,X_i,0.206,20.262,0.01,52.645,0.992
ran_pars,subj_id,sd__(Intercept),105.354,NA,NA,NA,NA
ran_pars,subj_id,cor__(Intercept).X_i,0.282,NA,NA,NA,NA
ran_pars,subj_id,sd__X_i,44.914,NA,NA,NA,NA
ran_pars,item_id,sd__(Intercept),67.013,NA,NA,NA,NA
ran_pars,Residual,sd__Observation,197.262,NA,NA,NA,NA
fixed,NA,(Intercept),804.667,13.524,59.499,94.515,0
fixed,NA,X_i,49.051,22.376,2.192,51.197,0.033
ran_pars,subj_id,sd__(Intercept),78.742,NA,NA,NA,NA
ran_pars,subj_id,cor__(Intercept).X_i,-0.251,NA,NA,NA,NA
ran_pars,subj_id,sd__X_i,41.342,NA,NA,NA,NA
ran_pars,item_id,sd__(Intercept),75.151,NA,NA,NA,NA
ran_pars,Residual,sd__Observation,199.309,NA,NA,NA,NA
fixed,NA,(Intercept),761.568,15.227,50.013,106.946,0
fixed,NA,X_i,52.689,23.813,2.213,50.293,0.031
ran_pars,subj_id,sd__(Intercept),96.759,NA,NA,NA,NA
ran_pars,subj_id,cor__(Intercept).X_i,0.182,NA,NA,NA,NA
ran_pars,subj_id,sd__X_i,37.466,NA,NA,NA,NA
ran_pars,item_id,sd__(Intercept),80.67,NA,NA,NA,NA
ran_pars,Residual,sd__Observation,201.227,NA,NA,NA,NA
fixed,NA,(Intercept),822.961,16.105,51.1,110.73,0
fixed,NA,X_i,20.804,24.672,0.843,49.321,0.403
ran_pars,subj_id,sd__(Intercept),104.596,NA,NA,NA,NA
ran_pars,subj_id,cor__(Intercept).X_i,0.127,NA,NA,NA,NA
ran_pars,subj_id,sd__X_i,29.799,NA,NA,NA,NA
ran_pars,item_id,sd__(Intercept),84.28,NA,NA,NA,NA
ran_pars,Residual,sd__Observation,198.755,NA,NA,NA,NA
fixed,NA,(Intercept),797.322,15.668,50.888,110.269,0
fixed,NA,X_i,37.803,24.288,1.556,51.465,0.126
ran_pars,subj_id,sd__(Intercept),101.691,NA,NA,NA,NA
ran_pars,subj_id,cor__(Intercept).X_i,0.066,NA,NA,NA,NA
ran_pars,subj_id,sd__X_i,46.421,NA,NA,NA,NA
ran_pars,item_id,sd__(Intercept),81.813,NA,NA,NA,NA
ran_pars,Residual,sd__Observation,202.69,NA,NA,NA,NA
fixed,NA,(Intercept),797.212,18.01,44.264,102.521,0
fixed,NA,X_i,50.933,28.657,1.777,49.223,0.082
ran_pars,subj_id,sd__(Intercept),110.361,NA,NA,NA,NA
ran_pars,subj_id,cor__(Intercept).X_i,-0.107,NA,NA,NA,NA
ran_pars,subj_id,sd__X_i,33.043,NA,NA,NA,NA
ran_pars,item_id,sd__(Intercept),98.534,NA,NA,NA,NA
ran_pars,Residual,sd__Observation,204.916,NA,NA,NA,NA
fixed,NA,(Intercept),780.074,15.672,49.776,122.694,0
fixed,NA,X_i,56.704,22.864,2.48,52.548,0.016
ran_pars,subj_id,sd__(Intercept),110.041,NA,NA,NA,NA
ran_pars,subj_id,cor__(Intercept).X_i,0.015,NA,NA,NA,NA
ran_pars,subj_id,sd__X_i,49.745,NA,NA,NA,NA
ran_pars,item_id,sd__(Intercept),76.285,NA,NA,NA,NA
ran_pars,Residual,sd__Observation,201.481,NA,NA,NA,NA
fixed,NA,(Intercept),812.881,14.153,57.436,126.978,0
fixed,NA,X_i,82.607,19.792,4.174,51.69,0
ran_pars,subj_id,sd__(Intercept),103.1,NA,NA,NA,NA
ran_pars,subj_id,cor__(Intercept).X_i,0.148,NA,NA,NA,NA
ran_pars,subj_id,sd__X_i,39.632,NA,NA,NA,NA
ran_pars,item_id,sd__(Intercept),65.594,NA,NA,NA,NA
ran_pars,Residual,sd__Observation,199.453,NA,NA,NA,NA
fixed,NA,(Intercept),810.695,16.062,50.474,109.296,0
fixed,NA,X_i,46.113,24.797,1.86,49.623,0.069
ran_pars,subj_id,sd__(Intercept),103.438,NA,NA,NA,NA
ran_pars,subj_id,cor__(Intercept).X_i,0.058,NA,NA,NA,NA
ran_pars,subj_id,sd__X_i,33.137,NA,NA,NA,NA
ran_pars,item_id,sd__(Intercept),84.511,NA,NA,NA,NA
ran_pars,Residual,sd__Observation,201.699,NA,NA,NA,NA
fixed,NA,(Intercept),802.315,15.31,52.406,114.666,0
fixed,NA,X_i,53.526,23.251,2.302,51.778,0.025
ran_pars,subj_id,sd__(Intercept),102.273,NA,NA,NA,NA
ran_pars,subj_id,cor__(Intercept).X_i,-0.029,NA,NA,NA,NA
ran_pars,subj_id,sd__X_i,46.339,NA,NA,NA,NA
ran_pars,item_id,sd__(Intercept),78.029,NA,NA,NA,NA
ran_pars,Residual,sd__Observation,200.178,NA,NA,NA,NA
fixed,NA,(Intercept),828.094,14.455,57.287,115.767,0
fixed,NA,X_i,47.649,21.475,2.219,49.221,0.031
ran_pars,subj_id,sd__(Intercept),97.623,NA,NA,NA,NA
ran_pars,subj_id,cor__(Intercept).X_i,0.445,NA,NA,NA,NA
ran_pars,subj_id,sd__X_i,25.65,NA,NA,NA,NA
ran_pars,item_id,sd__(Intercept),72.642,NA,NA,NA,NA
ran_pars,Residual,sd__Observation,201.448,NA,NA,NA,NA
fixed,NA,(Intercept),773.888,15.891,48.7,111.72,0
fixed,NA,X_i,74.293,24.439,3.04,51.13,0.004
ran_pars,subj_id,sd__(Intercept),103.99,NA,NA,NA,NA
ran_pars,subj_id,cor__(Intercept).X_i,0.22,NA,NA,NA,NA
ran_pars,subj_id,sd__X_i,44.392,NA,NA,NA,NA
ran_pars,item_id,sd__(Intercept),82.549,NA,NA,NA,NA
ran_pars,Residual,sd__Observation,201.234,NA,NA,NA,NA
fixed,NA,(Intercept),786.983,15.779,49.876,102.439,0
fixed,NA,X_i,41.569,25.08,1.657,49.35,0.104
ran_pars,subj_id,sd__(Intercept),96.978,NA,NA,NA,NA
ran_pars,subj_id,cor__(Intercept).X_i,0.505,NA,NA,NA,NA
ran_pars,subj_id,sd__X_i,30.548,NA,NA,NA,NA
ran_pars,item_id,sd__(Intercept),85.725,NA,NA,NA,NA
ran_pars,Residual,sd__Observation,199.295,NA,NA,NA,NA
fixed,NA,(Intercept),778.065,14.448,53.852,132.682,0
fixed,NA,X_i,36.246,19.242,1.884,52.812,0.065
ran_pars,subj_id,sd__(Intercept),109.978,NA,NA,NA,NA
ran_pars,subj_id,cor__(Intercept).X_i,-0.048,NA,NA,NA,NA
ran_pars,subj_id,sd__X_i,43.666,NA,NA,NA,NA
ran_pars,item_id,sd__(Intercept),63.189,NA,NA,NA,NA
ran_pars,Residual,sd__Observation,199.302,NA,NA,NA,NA
fixed,NA,(Intercept),785.208,16.134,48.668,115.727,0
fixed,NA,X_i,39.837,24.315,1.638,50.848,0.108
ran_pars,subj_id,sd__(Intercept),108.128,NA,NA,NA,NA
ran_pars,subj_id,cor__(Intercept).X_i,0.049,NA,NA,NA,NA
ran_pars,subj_id,sd__X_i,42.07,NA,NA,NA,NA
ran_pars,item_id,sd__(Intercept),82.304,NA,NA,NA,NA
ran_pars,Residual,sd__Observation,198.817,NA,NA,NA,NA
fixed,NA,(Intercept),804.848,14.743,54.593,117.546,0
fixed,NA,X_i,39.529,22.075,1.791,52.352,0.079
ran_pars,subj_id,sd__(Intercept),100.538,NA,NA,NA,NA
ran_pars,subj_id,cor__(Intercept).X_i,0.233,NA,NA,NA,NA
ran_pars,subj_id,sd__X_i,47.145,NA,NA,NA,NA
ran_pars,item_id,sd__(Intercept),73.563,NA,NA,NA,NA
ran_pars,Residual,sd__Observation,200.446,NA,NA,NA,NA
fixed,NA,(Intercept),810.727,15.778,51.383,106.273,0
fixed,NA,X_i,41.343,24.651,1.677,49.325,0.1
ran_pars,subj_id,sd__(Intercept),99.629,NA,NA,NA,NA
ran_pars,subj_id,cor__(Intercept).X_i,-0.111,NA,NA,NA,NA
ran_pars,subj_id,sd__X_i,29.808,NA,NA,NA,NA
ran_pars,item_id,sd__(Intercept),84.144,NA,NA,NA,NA
ran_pars,Residual,sd__Observation,201.112,NA,NA,NA,NA
fixed,NA,(Intercept),796.36,18.012,44.213,104.383,0
fixed,NA,X_i,65.77,28.675,2.294,50.796,0.026
ran_pars,subj_id,sd__(Intercept),111.734,NA,NA,NA,NA
ran_pars,subj_id,cor__(Intercept).X_i,0.396,NA,NA,NA,NA
ran_pars,subj_id,sd__X_i,48.904,NA,NA,NA,NA
ran_pars,item_id,sd__(Intercept),97.855,NA,NA,NA,NA
ran_pars,Residual,sd__Observation,200.914,NA,NA,NA,NA
fixed,NA,(Intercept),825.258,14.214,58.061,96.241,0
fixed,NA,X_i,31.161,23.294,1.338,50.536,0.187
ran_pars,subj_id,sd__(Intercept),83.702,NA,NA,NA,NA
ran_pars,subj_id,cor__(Intercept).X_i,0.201,NA,NA,NA,NA
ran_pars,subj_id,sd__X_i,38.429,NA,NA,NA,NA
ran_pars,item_id,sd__(Intercept),78.787,NA,NA,NA,NA
ran_pars,Residual,sd__Observation,197.701,NA,NA,NA,NA
fixed,NA,(Intercept),791.245,13.776,57.436,113.786,0
fixed,NA,X_i,10.706,21.011,0.51,52.6,0.612
ran_pars,subj_id,sd__(Intercept),92.066,NA,NA,NA,NA
ran_pars,subj_id,cor__(Intercept).X_i,0.018,NA,NA,NA,NA
ran_pars,subj_id,sd__X_i,46.233,NA,NA,NA,NA
ran_pars,item_id,sd__(Intercept),69.682,NA,NA,NA,NA
ran_pars,Residual,sd__Observation,198.86,NA,NA,NA,NA
fixed,NA,(Intercept),800.517,15.881,50.408,92.666,0
fixed,NA,X_i,44.458,26.398,1.684,50.115,0.098
ran_pars,subj_id,sd__(Intercept),90.508,NA,NA,NA,NA
ran_pars,subj_id,cor__(Intercept).X_i,-0.342,NA,NA,NA,NA
ran_pars,subj_id,sd__X_i,39.674,NA,NA,NA,NA
ran_pars,item_id,sd__(Intercept),89.986,NA,NA,NA,NA
ran_pars,Residual,sd__Observation,204.058,NA,NA,NA,NA
fixed,NA,(Intercept),806.717,14.262,56.564,109.598,0
fixed,NA,X_i,105.534,22.399,4.712,53.961,0
ran_pars,subj_id,sd__(Intercept),92.522,NA,NA,NA,NA
ran_pars,subj_id,cor__(Intercept).X_i,0.264,NA,NA,NA,NA
ran_pars,subj_id,sd__X_i,55.243,NA,NA,NA,NA
ran_pars,item_id,sd__(Intercept),74.115,NA,NA,NA,NA
ran_pars,Residual,sd__Observation,199.233,NA,NA,NA,NA
fixed,NA,(Intercept),812.482,16.034,50.672,108.169,0
fixed,NA,X_i,13.491,24.931,0.541,49.942,0.591
ran_pars,subj_id,sd__(Intercept),102.443,NA,NA,NA,NA
ran_pars,subj_id,cor__(Intercept).X_i,-0.16,NA,NA,NA,NA
ran_pars,subj_id,sd__X_i,36.064,NA,NA,NA,NA
ran_pars,item_id,sd__(Intercept),84.903,NA,NA,NA,NA
ran_pars,Residual,sd__Observation,199.661,NA,NA,NA,NA
fixed,NA,(Intercept),782.455,16.177,48.368,109.807,0
fixed,NA,X_i,35.22,24.79,1.421,48.567,0.162
ran_pars,subj_id,sd__(Intercept),104.447,NA,NA,NA,NA
ran_pars,subj_id,cor__(Intercept).X_i,0.587,NA,NA,NA,NA
ran_pars,subj_id,sd__X_i,20.288,NA,NA,NA,NA
ran_pars,item_id,sd__(Intercept),85.03,NA,NA,NA,NA
ran_pars,Residual,sd__Observation,200.105,NA,NA,NA,NA
fixed,NA,(Intercept),797.911,16.33,48.861,84.958,0
fixed,NA,X_i,40.953,28.055,1.46,50.273,0.151
ran_pars,subj_id,sd__(Intercept),86.36,NA,NA,NA,NA
ran_pars,subj_id,cor__(Intercept).X_i,0.268,NA,NA,NA,NA
ran_pars,subj_id,sd__X_i,43.275,NA,NA,NA,NA
ran_pars,item_id,sd__(Intercept),96.012,NA,NA,NA,NA
ran_pars,Residual,sd__Observation,196.512,NA,NA,NA,NA
fixed,NA,(Intercept),822.331,15.379,53.47,100.815,0
fixed,NA,X_i,27.951,24.861,1.124,51.394,0.266
ran_pars,subj_id,sd__(Intercept),93.536,NA,NA,NA,NA
ran_pars,subj_id,cor__(Intercept).X_i,0.368,NA,NA,NA,NA
ran_pars,subj_id,sd__X_i,46.86,NA,NA,NA,NA
ran_pars,item_id,sd__(Intercept),83.963,NA,NA,NA,NA
ran_pars,Residual,sd__Observation,200.432,NA,NA,NA,NA
fixed,NA,(Intercept),801.003,14.612,54.816,122.838,0
fixed,NA,X_i,57.243,20.937,2.734,49.898,0.009
ran_pars,subj_id,sd__(Intercept),103.094,NA,NA,NA,NA
ran_pars,subj_id,cor__(Intercept).X_i,-0.159,NA,NA,NA,NA
ran_pars,subj_id,sd__X_i,30.615,NA,NA,NA,NA
ran_pars,item_id,sd__(Intercept),70.502,NA,NA,NA,NA
ran_pars,Residual,sd__Observation,197.891,NA,NA,NA,NA
fixed,NA,(Intercept),804.679,13.434,59.9,124.348,0
fixed,NA,X_i,33.199,19.555,1.698,56.976,0.095
ran_pars,subj_id,sd__(Intercept),96.693,NA,NA,NA,NA
ran_pars,subj_id,cor__(Intercept).X_i,-0.01,NA,NA,NA,NA
ran_pars,subj_id,sd__X_i,58.763,NA,NA,NA,NA
ran_pars,item_id,sd__(Intercept),62.781,NA,NA,NA,NA
ran_pars,Residual,sd__Observation,201.717,NA,NA,NA,NA
fixed,NA,(Intercept),763.694,15.094,50.596,112.495,0
fixed,NA,X_i,67.954,23.132,2.938,51.531,0.005
ran_pars,subj_id,sd__(Intercept),99.522,NA,NA,NA,NA
ran_pars,subj_id,cor__(Intercept).X_i,0.442,NA,NA,NA,NA
ran_pars,subj_id,sd__X_i,44.663,NA,NA,NA,NA
ran_pars,item_id,sd__(Intercept),77.692,NA,NA,NA,NA
ran_pars,Residual,sd__Observation,200.726,NA,NA,NA,NA
fixed,NA,(Intercept),811.047,15.545,52.174,123.069,0
fixed,NA,X_i,72.218,22.44,3.218,51.082,0.002
ran_pars,subj_id,sd__(Intercept),109.511,NA,NA,NA,NA
ran_pars,subj_id,cor__(Intercept).X_i,-0.031,NA,NA,NA,NA
ran_pars,subj_id,sd__X_i,40.799,NA,NA,NA,NA
ran_pars,item_id,sd__(Intercept),75.343,NA,NA,NA,NA
ran_pars,Residual,sd__Observation,202.376,NA,NA,NA,NA
fixed,NA,(Intercept),802.849,15.96,50.305,111.046,0
fixed,NA,X_i,67.948,24.506,2.773,50.071,0.008
ran_pars,subj_id,sd__(Intercept),103.887,NA,NA,NA,NA
ran_pars,subj_id,cor__(Intercept).X_i,0.54,NA,NA,NA,NA
ran_pars,subj_id,sd__X_i,36.612,NA,NA,NA,NA
ran_pars,item_id,sd__(Intercept),83.355,NA,NA,NA,NA
ran_pars,Residual,sd__Observation,197.736,NA,NA,NA,NA
fixed,NA,(Intercept),807.871,15.42,52.39,120.467,0
fixed,NA,X_i,27.714,22.649,1.224,51.218,0.227
ran_pars,subj_id,sd__(Intercept),106.735,NA,NA,NA,NA
ran_pars,subj_id,cor__(Intercept).X_i,0.326,NA,NA,NA,NA
ran_pars,subj_id,sd__X_i,41.889,NA,NA,NA,NA
ran_pars,item_id,sd__(Intercept),76.168,NA,NA,NA,NA
ran_pars,Residual,sd__Observation,197.865,NA,NA,NA,NA
fixed,NA,(Intercept),802.507,16.26,49.353,94.272,0
fixed,NA,X_i,12.825,26.981,0.475,50.868,0.637
ran_pars,subj_id,sd__(Intercept),93.726,NA,NA,NA,NA
ran_pars,subj_id,cor__(Intercept).X_i,0.38,NA,NA,NA,NA
ran_pars,subj_id,sd__X_i,46.661,NA,NA,NA,NA
ran_pars,item_id,sd__(Intercept),91.896,NA,NA,NA,NA
ran_pars,Residual,sd__Observation,195.66,NA,NA,NA,NA
fixed,NA,(Intercept),807.315,15.142,53.316,122.341,0
fixed,NA,X_i,54.953,22.281,2.466,53.988,0.017
ran_pars,subj_id,sd__(Intercept),106.185,NA,NA,NA,NA
ran_pars,subj_id,cor__(Intercept).X_i,0.25,NA,NA,NA,NA
ran_pars,subj_id,sd__X_i,55.064,NA,NA,NA,NA
ran_pars,item_id,sd__(Intercept),73.737,NA,NA,NA,NA
ran_pars,Residual,sd__Observation,197.364,NA,NA,NA,NA
fixed,NA,(Intercept),829.68,15.079,55.021,125.623,0
fixed,NA,X_i,32.45,21.468,1.512,51.89,0.137
ran_pars,subj_id,sd__(Intercept),108.129,NA,NA,NA,NA
ran_pars,subj_id,cor__(Intercept).X_i,0.076,NA,NA,NA,NA
ran_pars,subj_id,sd__X_i,43.584,NA,NA,NA,NA
ran_pars,item_id,sd__(Intercept),71.612,NA,NA,NA,NA
ran_pars,Residual,sd__Observation,198.754,NA,NA,NA,NA
fixed,NA,(Intercept),788.647,16.544,47.669,118.161,0
fixed,NA,X_i,44.226,24.428,1.81,49.195,0.076
ran_pars,subj_id,sd__(Intercept),112.481,NA,NA,NA,NA
ran_pars,subj_id,cor__(Intercept).X_i,0.224,NA,NA,NA,NA
ran_pars,subj_id,sd__X_i,28.269,NA,NA,NA,NA
ran_pars,item_id,sd__(Intercept),83.445,NA,NA,NA,NA
ran_pars,Residual,sd__Observation,199.063,NA,NA,NA,NA
fixed,NA,(Intercept),824.312,15.035,54.828,111.436,0
fixed,NA,X_i,51.087,23.124,2.209,51.276,0.032
ran_pars,subj_id,sd__(Intercept),98.494,NA,NA,NA,NA
ran_pars,subj_id,cor__(Intercept).X_i,0.183,NA,NA,NA,NA
ran_pars,subj_id,sd__X_i,43.131,NA,NA,NA,NA
ran_pars,item_id,sd__(Intercept),77.749,NA,NA,NA,NA
ran_pars,Residual,sd__Observation,201.557,NA,NA,NA,NA
fixed,NA,(Intercept),803.019,15.831,50.725,120.747,0
fixed,NA,X_i,45.871,23.172,1.98,50.717,0.053
ran_pars,subj_id,sd__(Intercept),109.676,NA,NA,NA,NA
ran_pars,subj_id,cor__(Intercept).X_i,0.239,NA,NA,NA,NA
ran_pars,subj_id,sd__X_i,39.57,NA,NA,NA,NA
ran_pars,item_id,sd__(Intercept),78.2,NA,NA,NA,NA
ran_pars,Residual,sd__Observation,200.237,NA,NA,NA,NA
fixed,NA,(Intercept),793.649,14.843,53.469,130.126,0
fixed,NA,X_i,50.349,20.333,2.476,52.09,0.017
ran_pars,subj_id,sd__(Intercept),110.223,NA,NA,NA,NA
ran_pars,subj_id,cor__(Intercept).X_i,0.18,NA,NA,NA,NA
ran_pars,subj_id,sd__X_i,42.581,NA,NA,NA,NA
ran_pars,item_id,sd__(Intercept),67.367,NA,NA,NA,NA
ran_pars,Residual,sd__Observation,200.778,NA,NA,NA,NA
fixed,NA,(Intercept),799.728,15.766,50.725,115.907,0
fixed,NA,X_i,3.227,23.783,0.136,51.407,0.893
ran_pars,subj_id,sd__(Intercept),105.937,NA,NA,NA,NA
ran_pars,subj_id,cor__(Intercept).X_i,-0.064,NA,NA,NA,NA
ran_pars,subj_id,sd__X_i,45.021,NA,NA,NA,NA
ran_pars,item_id,sd__(Intercept),80.13,NA,NA,NA,NA
ran_pars,Residual,sd__Observation,198.992,NA,NA,NA,NA
fixed,NA,(Intercept),826.363,14.561,56.752,100.074,0
fixed,NA,X_i,37.897,23.455,1.616,50.27,0.112
ran_pars,subj_id,sd__(Intercept),88.24,NA,NA,NA,NA
ran_pars,subj_id,cor__(Intercept).X_i,0.108,NA,NA,NA,NA
ran_pars,subj_id,sd__X_i,36.719,NA,NA,NA,NA
ran_pars,item_id,sd__(Intercept),79.47,NA,NA,NA,NA
ran_pars,Residual,sd__Observation,198.116,NA,NA,NA,NA
fixed,NA,(Intercept),782.178,16.477,47.47,100.387,0
fixed,NA,X_i,50.482,26.581,1.899,50.346,0.063
ran_pars,subj_id,sd__(Intercept),99.618,NA,NA,NA,NA
ran_pars,subj_id,cor__(Intercept).X_i,0.169,NA,NA,NA,NA
ran_pars,subj_id,sd__X_i,41.851,NA,NA,NA,NA
ran_pars,item_id,sd__(Intercept),90.638,NA,NA,NA,NA
ran_pars,Residual,sd__Observation,199.443,NA,NA,NA,NA
fixed,NA,(Intercept),811.121,15.566,52.108,118.085,0
fixed,NA,X_i,91.329,23.02,3.967,49.934,0
ran_pars,subj_id,sd__(Intercept),106.13,NA,NA,NA,NA
ran_pars,subj_id,cor__(Intercept).X_i,-0.114,NA,NA,NA,NA
ran_pars,subj_id,sd__X_i,33.533,NA,NA,NA,NA
ran_pars,item_id,sd__(Intercept),78.012,NA,NA,NA,NA
ran_pars,Residual,sd__Observation,199.376,NA,NA,NA,NA
fixed,NA,(Intercept),806.562,15.145,53.258,115.025,0
fixed,NA,X_i,62.559,22.546,2.775,48.425,0.008
ran_pars,subj_id,sd__(Intercept),101.42,NA,NA,NA,NA
ran_pars,subj_id,cor__(Intercept).X_i,1,NA,NA,NA,NA
ran_pars,subj_id,sd__X_i,15.204,NA,NA,NA,NA
ran_pars,item_id,sd__(Intercept),77,NA,NA,NA,NA
ran_pars,Residual,sd__Observation,198.957,NA,NA,NA,NA
fixed,NA,(Intercept),819.909,15.595,52.576,93.797,0
fixed,NA,X_i,73.708,25.915,2.844,50.984,0.006
ran_pars,subj_id,sd__(Intercept),89.747,NA,NA,NA,NA
ran_pars,subj_id,cor__(Intercept).X_i,0.263,NA,NA,NA,NA
ran_pars,subj_id,sd__X_i,45.844,NA,NA,NA,NA
ran_pars,item_id,sd__(Intercept),87.901,NA,NA,NA,NA
ran_pars,Residual,sd__Observation,201.451,NA,NA,NA,NA
fixed,NA,(Intercept),796.2,15.216,52.325,102.047,0
fixed,NA,X_i,76.027,24.549,3.097,52.112,0.003
ran_pars,subj_id,sd__(Intercept),93.439,NA,NA,NA,NA
ran_pars,subj_id,cor__(Intercept).X_i,0.17,NA,NA,NA,NA
ran_pars,subj_id,sd__X_i,50.699,NA,NA,NA,NA
ran_pars,item_id,sd__(Intercept),82.505,NA,NA,NA,NA
ran_pars,Residual,sd__Observation,201.142,NA,NA,NA,NA
fixed,NA,(Intercept),784.059,16.144,48.565,88.297,0
fixed,NA,X_i,24.453,27.38,0.893,50.438,0.376
ran_pars,subj_id,sd__(Intercept),88.34,NA,NA,NA,NA
ran_pars,subj_id,cor__(Intercept).X_i,0.103,NA,NA,NA,NA
ran_pars,subj_id,sd__X_i,43.851,NA,NA,NA,NA
ran_pars,item_id,sd__(Intercept),93.45,NA,NA,NA,NA
ran_pars,Residual,sd__Observation,199.304,NA,NA,NA,NA
fixed,NA,(Intercept),793.032,13.747,57.687,114.503,0
fixed,NA,X_i,34.74,20.86,1.665,52.485,0.102
ran_pars,subj_id,sd__(Intercept),92.394,NA,NA,NA,NA
ran_pars,subj_id,cor__(Intercept).X_i,0.422,NA,NA,NA,NA
ran_pars,subj_id,sd__X_i,45.466,NA,NA,NA,NA
ran_pars,item_id,sd__(Intercept),69.115,NA,NA,NA,NA
ran_pars,Residual,sd__Observation,200.991,NA,NA,NA,NA
fixed,NA,(Intercept),797.229,13.713,58.138,113.05,0
fixed,NA,X_i,60.149,20.909,2.877,51.906,0.006
ran_pars,subj_id,sd__(Intercept),91.272,NA,NA,NA,NA
ran_pars,subj_id,cor__(Intercept).X_i,0.137,NA,NA,NA,NA
ran_pars,subj_id,sd__X_i,42.697,NA,NA,NA,NA
ran_pars,item_id,sd__(Intercept),69.539,NA,NA,NA,NA
ran_pars,Residual,sd__Observation,200.271,NA,NA,NA,NA
fixed,NA,(Intercept),802.664,14.831,54.12,110.445,0
fixed,NA,X_i,40.248,22.827,1.763,50.398,0.084
ran_pars,subj_id,sd__(Intercept),96.472,NA,NA,NA,NA
ran_pars,subj_id,cor__(Intercept).X_i,0.281,NA,NA,NA,NA
ran_pars,subj_id,sd__X_i,36.719,NA,NA,NA,NA
ran_pars,item_id,sd__(Intercept),77.192,NA,NA,NA,NA
ran_pars,Residual,sd__Observation,196.546,NA,NA,NA,NA
fixed,NA,(Intercept),814.327,15.164,53.7,126.005,0
fixed,NA,X_i,74.703,21.444,3.484,51.336,0.001
ran_pars,subj_id,sd__(Intercept),109.146,NA,NA,NA,NA
ran_pars,subj_id,cor__(Intercept).X_i,0.299,NA,NA,NA,NA
ran_pars,subj_id,sd__X_i,40.663,NA,NA,NA,NA
ran_pars,item_id,sd__(Intercept),71.636,NA,NA,NA,NA
ran_pars,Residual,sd__Observation,202.393,NA,NA,NA,NA
fixed,NA,(Intercept),792.146,15.689,50.492,116.061,0
fixed,NA,X_i,40.694,23.403,1.739,49.309,0.088
ran_pars,subj_id,sd__(Intercept),105.459,NA,NA,NA,NA
ran_pars,subj_id,cor__(Intercept).X_i,0.121,NA,NA,NA,NA
ran_pars,subj_id,sd__X_i,28.329,NA,NA,NA,NA
ran_pars,item_id,sd__(Intercept),79.77,NA,NA,NA,NA
ran_pars,Residual,sd__Observation,195.563,NA,NA,NA,NA
fixed,NA,(Intercept),807.517,15.21,53.092,114.327,0
fixed,NA,X_i,31.354,23.178,1.353,52.138,0.182
ran_pars,subj_id,sd__(Intercept),101.41,NA,NA,NA,NA
ran_pars,subj_id,cor__(Intercept).X_i,-0.194,NA,NA,NA,NA
ran_pars,subj_id,sd__X_i,48.173,NA,NA,NA,NA
ran_pars,item_id,sd__(Intercept),77.621,NA,NA,NA,NA
ran_pars,Residual,sd__Observation,199.99,NA,NA,NA,NA
fixed,NA,(Intercept),771.031,14.592,52.839,127.758,0
fixed,NA,X_i,16.162,20.591,0.785,54.091,0.436
ran_pars,subj_id,sd__(Intercept),106.587,NA,NA,NA,NA
ran_pars,subj_id,cor__(Intercept).X_i,0.396,NA,NA,NA,NA
ran_pars,subj_id,sd__X_i,51.668,NA,NA,NA,NA
ran_pars,item_id,sd__(Intercept),67.578,NA,NA,NA,NA
ran_pars,Residual,sd__Observation,199.827,NA,NA,NA,NA
fixed,NA,(Intercept),794.006,14.642,54.23,114.398,0
fixed,NA,X_i,42.566,22.122,1.924,50.874,0.06
ran_pars,subj_id,sd__(Intercept),97.887,NA,NA,NA,NA
ran_pars,subj_id,cor__(Intercept).X_i,0.162,NA,NA,NA,NA
ran_pars,subj_id,sd__X_i,38.94,NA,NA,NA,NA
ran_pars,item_id,sd__(Intercept),74.343,NA,NA,NA,NA
ran_pars,Residual,sd__Observation,200.216,NA,NA,NA,NA
fixed,NA,(Intercept),809.469,14.143,57.235,121.93,0
fixed,NA,X_i,71.837,20.613,3.485,52.752,0.001
ran_pars,subj_id,sd__(Intercept),99.563,NA,NA,NA,NA
ran_pars,subj_id,cor__(Intercept).X_i,0.018,NA,NA,NA,NA
ran_pars,subj_id,sd__X_i,46.183,NA,NA,NA,NA
ran_pars,item_id,sd__(Intercept),68.135,NA,NA,NA,NA
ran_pars,Residual,sd__Observation,200.598,NA,NA,NA,NA
fixed,NA,(Intercept),785.495,15.07,52.125,114.052,0
fixed,NA,X_i,63.087,22.967,2.747,51.97,0.008
ran_pars,subj_id,sd__(Intercept),100.356,NA,NA,NA,NA
ran_pars,subj_id,cor__(Intercept).X_i,-0.013,NA,NA,NA,NA
ran_pars,subj_id,sd__X_i,46.883,NA,NA,NA,NA
ran_pars,item_id,sd__(Intercept),76.936,NA,NA,NA,NA
ran_pars,Residual,sd__Observation,199.949,NA,NA,NA,NA
fixed,NA,(Intercept),772.724,15.644,49.393,104.416,0
fixed,NA,X_i,58.959,24.84,2.374,50.852,0.021
ran_pars,subj_id,sd__(Intercept),97.538,NA,NA,NA,NA
ran_pars,subj_id,cor__(Intercept).X_i,0.096,NA,NA,NA,NA
ran_pars,subj_id,sd__X_i,43.092,NA,NA,NA,NA
ran_pars,item_id,sd__(Intercept),84.157,NA,NA,NA,NA
ran_pars,Residual,sd__Observation,199.556,NA,NA,NA,NA
fixed,NA,(Intercept),802.86,16.409,48.929,121.124,0
fixed,NA,X_i,-18.658,24.226,-0.77,52.543,0.445
ran_pars,subj_id,sd__(Intercept),113.745,NA,NA,NA,NA
ran_pars,subj_id,cor__(Intercept).X_i,0.248,NA,NA,NA,NA
ran_pars,subj_id,sd__X_i,52.422,NA,NA,NA,NA
ran_pars,item_id,sd__(Intercept),81.157,NA,NA,NA,NA
ran_pars,Residual,sd__Observation,201.635,NA,NA,NA,NA
fixed,NA,(Intercept),797.927,15.949,50.029,103.847,0
fixed,NA,X_i,25.481,25.401,1.003,50.847,0.321
ran_pars,subj_id,sd__(Intercept),98.946,NA,NA,NA,NA
ran_pars,subj_id,cor__(Intercept).X_i,0.262,NA,NA,NA,NA
ran_pars,subj_id,sd__X_i,43.94,NA,NA,NA,NA
ran_pars,item_id,sd__(Intercept),86.196,NA,NA,NA,NA
ran_pars,Residual,sd__Observation,198.536,NA,NA,NA,NA
fixed,NA,(Intercept),804.192,15.448,52.059,105.136,0
fixed,NA,X_i,41.328,24.352,1.697,50.154,0.096
ran_pars,subj_id,sd__(Intercept),96.861,NA,NA,NA,NA
ran_pars,subj_id,cor__(Intercept).X_i,0.201,NA,NA,NA,NA
ran_pars,subj_id,sd__X_i,37.109,NA,NA,NA,NA
ran_pars,item_id,sd__(Intercept),82.707,NA,NA,NA,NA
ran_pars,Residual,sd__Observation,200.042,NA,NA,NA,NA
fixed,NA,(Intercept),789.904,15.664,50.429,115.916,0
fixed,NA,X_i,26.888,23.462,1.146,50.162,0.257
ran_pars,subj_id,sd__(Intercept),105.338,NA,NA,NA,NA
ran_pars,subj_id,cor__(Intercept).X_i,0.263,NA,NA,NA,NA
ran_pars,subj_id,sd__X_i,35.948,NA,NA,NA,NA
ran_pars,item_id,sd__(Intercept),79.482,NA,NA,NA,NA
ran_pars,Residual,sd__Observation,200.495,NA,NA,NA,NA
fixed,NA,(Intercept),757.411,15.447,49.032,103.113,0
fixed,NA,X_i,39.066,24.511,1.594,49.673,0.117
ran_pars,subj_id,sd__(Intercept),95.475,NA,NA,NA,NA
ran_pars,subj_id,cor__(Intercept).X_i,0.129,NA,NA,NA,NA
ran_pars,subj_id,sd__X_i,33.091,NA,NA,NA,NA
ran_pars,item_id,sd__(Intercept),83.525,NA,NA,NA,NA
ran_pars,Residual,sd__Observation,199.135,NA,NA,NA,NA
fixed,NA,(Intercept),768.386,15.005,51.207,110.49,0
fixed,NA,X_i,35.48,23.289,1.523,52.153,0.134
ran_pars,subj_id,sd__(Intercept),97.697,NA,NA,NA,NA
ran_pars,subj_id,cor__(Intercept).X_i,-0.002,NA,NA,NA,NA
ran_pars,subj_id,sd__X_i,48.499,NA,NA,NA,NA
ran_pars,item_id,sd__(Intercept),77.984,NA,NA,NA,NA
ran_pars,Residual,sd__Observation,201.051,NA,NA,NA,NA
fixed,NA,(Intercept),799.587,15.671,51.022,116.827,0
fixed,NA,X_i,43.313,23.455,1.847,50.83,0.071
ran_pars,subj_id,sd__(Intercept),105.931,NA,NA,NA,NA
ran_pars,subj_id,cor__(Intercept).X_i,0.081,NA,NA,NA,NA
ran_pars,subj_id,sd__X_i,40.732,NA,NA,NA,NA
ran_pars,item_id,sd__(Intercept),79.221,NA,NA,NA,NA
ran_pars,Residual,sd__Observation,198.26,NA,NA,NA,NA
fixed,NA,(Intercept),775.555,16.508,46.98,98.429,0
fixed,NA,X_i,44.261,26.899,1.645,50.67,0.106
ran_pars,subj_id,sd__(Intercept),98.335,NA,NA,NA,NA
ran_pars,subj_id,cor__(Intercept).X_i,-0.031,NA,NA,NA,NA
ran_pars,subj_id,sd__X_i,44.978,NA,NA,NA,NA
ran_pars,item_id,sd__(Intercept),91.632,NA,NA,NA,NA
ran_pars,Residual,sd__Observation,198.731,NA,NA,NA,NA
fixed,NA,(Intercept),818.589,16.146,50.7,96.096,0
fixed,NA,X_i,25.984,26.843,0.968,52.817,0.337
ran_pars,subj_id,sd__(Intercept),94.519,NA,NA,NA,NA
ran_pars,subj_id,cor__(Intercept).X_i,0.099,NA,NA,NA,NA
ran_pars,subj_id,sd__X_i,59.326,NA,NA,NA,NA
ran_pars,item_id,sd__(Intercept),90.393,NA,NA,NA,NA
ran_pars,Residual,sd__Observation,199.081,NA,NA,NA,NA
fixed,NA,(Intercept),777.705,16.092,48.329,118.086,0
fixed,NA,X_i,1.921,24.046,0.08,51.772,0.937
ran_pars,subj_id,sd__(Intercept),109.584,NA,NA,NA,NA
ran_pars,subj_id,cor__(Intercept).X_i,0.041,NA,NA,NA,NA
ran_pars,subj_id,sd__X_i,47.713,NA,NA,NA,NA
ran_pars,item_id,sd__(Intercept),80.834,NA,NA,NA,NA
ran_pars,Residual,sd__Observation,202.212,NA,NA,NA,NA
fixed,NA,(Intercept),786.946,15.307,51.41,97.025,0
fixed,NA,X_i,47.726,24.759,1.928,48.393,0.06
ran_pars,subj_id,sd__(Intercept),90.448,NA,NA,NA,NA
ran_pars,subj_id,cor__(Intercept).X_i,0.654,NA,NA,NA,NA
ran_pars,subj_id,sd__X_i,17.185,NA,NA,NA,NA
ran_pars,item_id,sd__(Intercept),85.02,NA,NA,NA,NA
ran_pars,Residual,sd__Observation,199.234,NA,NA,NA,NA
fixed,NA,(Intercept),803.432,16.195,49.611,117.185,0
fixed,NA,X_i,75.459,23.974,3.147,48.823,0.003
ran_pars,subj_id,sd__(Intercept),109.516,NA,NA,NA,NA
ran_pars,subj_id,cor__(Intercept).X_i,0.334,NA,NA,NA,NA
ran_pars,subj_id,sd__X_i,23.36,NA,NA,NA,NA
ran_pars,item_id,sd__(Intercept),82.003,NA,NA,NA,NA
ran_pars,Residual,sd__Observation,197.984,NA,NA,NA,NA
fixed,NA,(Intercept),774.287,14.435,53.639,112.844,0
fixed,NA,X_i,59.357,22.005,2.697,51.307,0.009
ran_pars,subj_id,sd__(Intercept),95.718,NA,NA,NA,NA
ran_pars,subj_id,cor__(Intercept).X_i,0.183,NA,NA,NA,NA
ran_pars,subj_id,sd__X_i,41.448,NA,NA,NA,NA
ran_pars,item_id,sd__(Intercept),73.653,NA,NA,NA,NA
ran_pars,Residual,sd__Observation,203.219,NA,NA,NA,NA
fixed,NA,(Intercept),798.167,16.538,48.263,116.177,0
fixed,NA,X_i,20.793,24.755,0.84,49.964,0.405
ran_pars,subj_id,sd__(Intercept),111.158,NA,NA,NA,NA
ran_pars,subj_id,cor__(Intercept).X_i,0.569,NA,NA,NA,NA
ran_pars,subj_id,sd__X_i,36.112,NA,NA,NA,NA
ran_pars,item_id,sd__(Intercept),84.172,NA,NA,NA,NA
ran_pars,Residual,sd__Observation,203.027,NA,NA,NA,NA
fixed,NA,(Intercept),785.322,16.168,48.572,93.491,0
fixed,NA,X_i,43.688,26.586,1.643,48.575,0.107
ran_pars,subj_id,sd__(Intercept),92.67,NA,NA,NA,NA
ran_pars,subj_id,cor__(Intercept).X_i,0.152,NA,NA,NA,NA
ran_pars,subj_id,sd__X_i,21.594,NA,NA,NA,NA
ran_pars,item_id,sd__(Intercept),91.529,NA,NA,NA,NA
ran_pars,Residual,sd__Observation,199.836,NA,NA,NA,NA
fixed,NA,(Intercept),819.899,14.963,54.794,117.001,0
fixed,NA,X_i,54.673,22.439,2.437,51.95,0.018
ran_pars,subj_id,sd__(Intercept),101.62,NA,NA,NA,NA
ran_pars,subj_id,cor__(Intercept).X_i,0.226,NA,NA,NA,NA
ran_pars,subj_id,sd__X_i,45.79,NA,NA,NA,NA
ran_pars,item_id,sd__(Intercept),75.012,NA,NA,NA,NA
ran_pars,Residual,sd__Observation,201.186,NA,NA,NA,NA
fixed,NA,(Intercept),780.868,13.674,57.106,122.03,0
fixed,NA,X_i,11.87,19.497,0.609,48.991,0.545
ran_pars,subj_id,sd__(Intercept),96.499,NA,NA,NA,NA
ran_pars,subj_id,cor__(Intercept).X_i,0.274,NA,NA,NA,NA
ran_pars,subj_id,sd__X_i,21.68,NA,NA,NA,NA
ran_pars,item_id,sd__(Intercept),65.58,NA,NA,NA,NA
ran_pars,Residual,sd__Observation,198.016,NA,NA,NA,NA
fixed,NA,(Intercept),821.226,14.387,57.082,129.886,0
fixed,NA,X_i,24.287,19.791,1.227,52.875,0.225
ran_pars,subj_id,sd__(Intercept),106.823,NA,NA,NA,NA
ran_pars,subj_id,cor__(Intercept).X_i,0.423,NA,NA,NA,NA
ran_pars,subj_id,sd__X_i,44.972,NA,NA,NA,NA
ran_pars,item_id,sd__(Intercept),65.217,NA,NA,NA,NA
ran_pars,Residual,sd__Observation,197.554,NA,NA,NA,NA
fixed,NA,(Intercept),824.708,14.657,56.268,118.471,0
fixed,NA,X_i,61.138,21.716,2.815,51.505,0.007
ran_pars,subj_id,sd__(Intercept),100.675,NA,NA,NA,NA
ran_pars,subj_id,cor__(Intercept).X_i,0.369,NA,NA,NA,NA
ran_pars,subj_id,sd__X_i,42.077,NA,NA,NA,NA
ran_pars,item_id,sd__(Intercept),72.541,NA,NA,NA,NA
ran_pars,Residual,sd__Observation,202.802,NA,NA,NA,NA
fixed,NA,(Intercept),783.14,15.648,50.046,97.735,0
fixed,NA,X_i,48.766,25.492,1.913,50.238,0.061
ran_pars,subj_id,sd__(Intercept),92.887,NA,NA,NA,NA
ran_pars,subj_id,cor__(Intercept).X_i,0.205,NA,NA,NA,NA
ran_pars,subj_id,sd__X_i,39.364,NA,NA,NA,NA
ran_pars,item_id,sd__(Intercept),86.813,NA,NA,NA,NA
ran_pars,Residual,sd__Observation,198.253,NA,NA,NA,NA
fixed,NA,(Intercept),807.343,16.347,49.389,83.592,0
fixed,NA,X_i,45.861,28.244,1.624,50.363,0.111
ran_pars,subj_id,sd__(Intercept),85.281,NA,NA,NA,NA
ran_pars,subj_id,cor__(Intercept).X_i,-0.113,NA,NA,NA,NA
ran_pars,subj_id,sd__X_i,44.511,NA,NA,NA,NA
ran_pars,item_id,sd__(Intercept),96.509,NA,NA,NA,NA
ran_pars,Residual,sd__Observation,202.54,NA,NA,NA,NA
fixed,NA,(Intercept),776.952,14.054,55.282,105.478,0
fixed,NA,X_i,20.383,22.456,0.908,53.678,0.368
ran_pars,subj_id,sd__(Intercept),88.766,NA,NA,NA,NA
ran_pars,subj_id,cor__(Intercept).X_i,0.214,NA,NA,NA,NA
ran_pars,subj_id,sd__X_i,54.178,NA,NA,NA,NA
ran_pars,item_id,sd__(Intercept),74.386,NA,NA,NA,NA
ran_pars,Residual,sd__Observation,200.794,NA,NA,NA,NA
fixed,NA,(Intercept),786.444,16.419,47.898,113.754,0
fixed,NA,X_i,47.622,25.026,1.903,50.939,0.063
ran_pars,subj_id,sd__(Intercept),108.564,NA,NA,NA,NA
ran_pars,subj_id,cor__(Intercept).X_i,0.144,NA,NA,NA,NA
ran_pars,subj_id,sd__X_i,44.025,NA,NA,NA,NA
ran_pars,item_id,sd__(Intercept),84.864,NA,NA,NA,NA
ran_pars,Residual,sd__Observation,196.131,NA,NA,NA,NA
fixed,NA,(Intercept),812.133,15.066,53.904,104.902,0
fixed,NA,X_i,16.592,23.851,0.696,50.87,0.49
ran_pars,subj_id,sd__(Intercept),94.401,NA,NA,NA,NA
ran_pars,subj_id,cor__(Intercept).X_i,0.173,NA,NA,NA,NA
ran_pars,subj_id,sd__X_i,41.627,NA,NA,NA,NA
ran_pars,item_id,sd__(Intercept),80.604,NA,NA,NA,NA
ran_pars,Residual,sd__Observation,199.247,NA,NA,NA,NA
fixed,NA,(Intercept),777.418,14.573,53.348,120.555,0
fixed,NA,X_i,36.406,21.665,1.68,54.466,0.099
ran_pars,subj_id,sd__(Intercept),101.367,NA,NA,NA,NA
ran_pars,subj_id,cor__(Intercept).X_i,0.34,NA,NA,NA,NA
ran_pars,subj_id,sd__X_i,55.598,NA,NA,NA,NA
ran_pars,item_id,sd__(Intercept),71.295,NA,NA,NA,NA
ran_pars,Residual,sd__Observation,199.404,NA,NA,NA,NA
fixed,NA,(Intercept),789.203,16.44,48.005,108.725,0
fixed,NA,X_i,62.498,25.38,2.462,48.965,0.017
ran_pars,subj_id,sd__(Intercept),105.346,NA,NA,NA,NA
ran_pars,subj_id,cor__(Intercept).X_i,0.323,NA,NA,NA,NA
ran_pars,subj_id,sd__X_i,26.386,NA,NA,NA,NA
ran_pars,item_id,sd__(Intercept),86.947,NA,NA,NA,NA
ran_pars,Residual,sd__Observation,201.237,NA,NA,NA,NA
fixed,NA,(Intercept),788.528,16.347,48.238,104.158,0
fixed,NA,X_i,36.435,25.898,1.407,50.023,0.166
ran_pars,subj_id,sd__(Intercept),101.569,NA,NA,NA,NA
ran_pars,subj_id,cor__(Intercept).X_i,0.353,NA,NA,NA,NA
ran_pars,subj_id,sd__X_i,38.09,NA,NA,NA,NA
ran_pars,item_id,sd__(Intercept),88.332,NA,NA,NA,NA
ran_pars,Residual,sd__Observation,200.059,NA,NA,NA,NA
fixed,NA,(Intercept),812.596,14.978,54.252,129.137,0
fixed,NA,X_i,79.479,20.657,3.848,51.303,0
ran_pars,subj_id,sd__(Intercept),110.227,NA,NA,NA,NA
ran_pars,subj_id,cor__(Intercept).X_i,0.411,NA,NA,NA,NA
ran_pars,subj_id,sd__X_i,39.11,NA,NA,NA,NA
ran_pars,item_id,sd__(Intercept),68.869,NA,NA,NA,NA
ran_pars,Residual,sd__Observation,199.877,NA,NA,NA,NA
fixed,NA,(Intercept),780.602,13.719,56.898,121.278,0
fixed,NA,X_i,18.124,19.961,0.908,52.245,0.368
ran_pars,subj_id,sd__(Intercept),96.519,NA,NA,NA,NA
ran_pars,subj_id,cor__(Intercept).X_i,0.371,NA,NA,NA,NA
ran_pars,subj_id,sd__X_i,42.665,NA,NA,NA,NA
ran_pars,item_id,sd__(Intercept),65.891,NA,NA,NA,NA
ran_pars,Residual,sd__Observation,202.857,NA,NA,NA,NA
fixed,NA,(Intercept),799.167,14.343,55.72,124.922,0
fixed,NA,X_i,37.585,20.423,1.84,51.699,0.071
ran_pars,subj_id,sd__(Intercept),102.758,NA,NA,NA,NA
ran_pars,subj_id,cor__(Intercept).X_i,0.113,NA,NA,NA,NA
ran_pars,subj_id,sd__X_i,40.766,NA,NA,NA,NA
ran_pars,item_id,sd__(Intercept),67.938,NA,NA,NA,NA
ran_pars,Residual,sd__Observation,197.537,NA,NA,NA,NA
fixed,NA,(Intercept),837.301,13.889,60.284,110.48,0
fixed,NA,X_i,77.527,21.376,3.627,51.085,0.001
ran_pars,subj_id,sd__(Intercept),90.83,NA,NA,NA,NA
ran_pars,subj_id,cor__(Intercept).X_i,0.228,NA,NA,NA,NA
ran_pars,subj_id,sd__X_i,39.104,NA,NA,NA,NA
ran_pars,item_id,sd__(Intercept),71.541,NA,NA,NA,NA
ran_pars,Residual,sd__Observation,200.597,NA,NA,NA,NA
fixed,NA,(Intercept),788.291,15.245,51.708,102.768,0
fixed,NA,X_i,35.191,24.431,1.44,51.425,0.156
ran_pars,subj_id,sd__(Intercept),94.1,NA,NA,NA,NA
ran_pars,subj_id,cor__(Intercept).X_i,0.159,NA,NA,NA,NA
ran_pars,subj_id,sd__X_i,46.32,NA,NA,NA,NA
ran_pars,item_id,sd__(Intercept),82.38,NA,NA,NA,NA
ran_pars,Residual,sd__Observation,201.607,NA,NA,NA,NA
fixed,NA,(Intercept),798.961,16.619,48.076,107.228,0
fixed,NA,X_i,35.026,25.92,1.351,49.643,0.183
ran_pars,subj_id,sd__(Intercept),105.453,NA,NA,NA,NA
ran_pars,subj_id,cor__(Intercept).X_i,0.245,NA,NA,NA,NA
ran_pars,subj_id,sd__X_i,34.577,NA,NA,NA,NA
ran_pars,item_id,sd__(Intercept),88.502,NA,NA,NA,NA
ran_pars,Residual,sd__Observation,204.06,NA,NA,NA,NA
fixed,NA,(Intercept),815.719,14.605,55.852,96.494,0
fixed,NA,X_i,48.981,23.91,2.049,50.515,0.046
ran_pars,subj_id,sd__(Intercept),86.166,NA,NA,NA,NA
ran_pars,subj_id,cor__(Intercept).X_i,0.082,NA,NA,NA,NA
ran_pars,subj_id,sd__X_i,39.288,NA,NA,NA,NA
ran_pars,item_id,sd__(Intercept),80.891,NA,NA,NA,NA
ran_pars,Residual,sd__Observation,202.366,NA,NA,NA,NA
fixed,NA,(Intercept),798.057,15.423,51.745,102.335,0
fixed,NA,X_i,26.974,24.447,1.103,48.816,0.275
ran_pars,subj_id,sd__(Intercept),94.788,NA,NA,NA,NA
ran_pars,subj_id,cor__(Intercept).X_i,0.281,NA,NA,NA,NA
ran_pars,subj_id,sd__X_i,23.65,NA,NA,NA,NA
ran_pars,item_id,sd__(Intercept),83.713,NA,NA,NA,NA
ran_pars,Residual,sd__Observation,198.222,NA,NA,NA,NA
fixed,NA,(Intercept),819.28,17.194,47.648,106.729,0
fixed,NA,X_i,64.2,27.159,2.364,51.454,0.022
ran_pars,subj_id,sd__(Intercept),108.553,NA,NA,NA,NA
ran_pars,subj_id,cor__(Intercept).X_i,0.223,NA,NA,NA,NA
ran_pars,subj_id,sd__X_i,51.367,NA,NA,NA,NA
ran_pars,item_id,sd__(Intercept),92.109,NA,NA,NA,NA
ran_pars,Residual,sd__Observation,201.535,NA,NA,NA,NA
fixed,NA,(Intercept),824.525,14.809,55.679,97.7,0
fixed,NA,X_i,43.891,23.817,1.843,48,0.072
ran_pars,subj_id,sd__(Intercept),88.027,NA,NA,NA,NA
ran_pars,subj_id,cor__(Intercept).X_i,-1,NA,NA,NA,NA
ran_pars,subj_id,sd__X_i,0.88,NA,NA,NA,NA
ran_pars,item_id,sd__(Intercept),81.893,NA,NA,NA,NA
ran_pars,Residual,sd__Observation,195.923,NA,NA,NA,NA
fixed,NA,(Intercept),795.216,15.589,51.012,87.004,0
fixed,NA,X_i,105.746,26.579,3.979,50.564,0
ran_pars,subj_id,sd__(Intercept),84.368,NA,NA,NA,NA
ran_pars,subj_id,cor__(Intercept).X_i,-0.051,NA,NA,NA,NA
ran_pars,subj_id,sd__X_i,43.71,NA,NA,NA,NA
ran_pars,item_id,sd__(Intercept),90.459,NA,NA,NA,NA
ran_pars,Residual,sd__Observation,202.171,NA,NA,NA,NA
fixed,NA,(Intercept),780.27,16.12,48.403,102.503,0
fixed,NA,X_i,48.891,25.476,1.919,48.194,0.061
ran_pars,subj_id,sd__(Intercept),99.01,NA,NA,NA,NA
ran_pars,subj_id,cor__(Intercept).X_i,0.334,NA,NA,NA,NA
ran_pars,subj_id,sd__X_i,13.074,NA,NA,NA,NA
ran_pars,item_id,sd__(Intercept),87.751,NA,NA,NA,NA
ran_pars,Residual,sd__Observation,197.806,NA,NA,NA,NA
fixed,NA,(Intercept),800.696,15.997,50.052,101.677,0
fixed,NA,X_i,82.206,25.68,3.201,50.561,0.002
ran_pars,subj_id,sd__(Intercept),97.727,NA,NA,NA,NA
ran_pars,subj_id,cor__(Intercept).X_i,0.522,NA,NA,NA,NA
ran_pars,subj_id,sd__X_i,42.267,NA,NA,NA,NA
ran_pars,item_id,sd__(Intercept),87.32,NA,NA,NA,NA
ran_pars,Residual,sd__Observation,198.867,NA,NA,NA,NA
fixed,NA,(Intercept),784.632,16.115,48.69,116.477,0
fixed,NA,X_i,51.092,24.239,2.108,51.277,0.04
ran_pars,subj_id,sd__(Intercept),108.564,NA,NA,NA,NA
ran_pars,subj_id,cor__(Intercept).X_i,0.363,NA,NA,NA,NA
ran_pars,subj_id,sd__X_i,45,NA,NA,NA,NA
ran_pars,item_id,sd__(Intercept),81.811,NA,NA,NA,NA
ran_pars,Residual,sd__Observation,199.517,NA,NA,NA,NA
fixed,NA,(Intercept),799.998,15.179,52.703,104.021,0
fixed,NA,X_i,37.996,23.948,1.587,49.484,0.119
ran_pars,subj_id,sd__(Intercept),94.544,NA,NA,NA,NA
ran_pars,subj_id,cor__(Intercept).X_i,0.292,NA,NA,NA,NA
ran_pars,subj_id,sd__X_i,30.708,NA,NA,NA,NA
ran_pars,item_id,sd__(Intercept),81.52,NA,NA,NA,NA
ran_pars,Residual,sd__Observation,201.436,NA,NA,NA,NA
fixed,NA,(Intercept),794.759,14.607,54.409,105.651,0
fixed,NA,X_i,24.617,23.168,1.063,52.156,0.293
ran_pars,subj_id,sd__(Intercept),92.204,NA,NA,NA,NA
ran_pars,subj_id,cor__(Intercept).X_i,0.376,NA,NA,NA,NA
ran_pars,subj_id,sd__X_i,48.306,NA,NA,NA,NA
ran_pars,item_id,sd__(Intercept),77.529,NA,NA,NA,NA
ran_pars,Residual,sd__Observation,201.7,NA,NA,NA,NA
fixed,NA,(Intercept),839.466,14.96,56.113,95.703,0
fixed,NA,X_i,53.211,24.524,2.17,50.005,0.035
ran_pars,subj_id,sd__(Intercept),87.588,NA,NA,NA,NA
ran_pars,subj_id,cor__(Intercept).X_i,-0.156,NA,NA,NA,NA
ran_pars,subj_id,sd__X_i,36.107,NA,NA,NA,NA
ran_pars,item_id,sd__(Intercept),83.373,NA,NA,NA,NA
ran_pars,Residual,sd__Observation,200.921,NA,NA,NA,NA
fixed,NA,(Intercept),819.345,14.805,55.344,115.33,0
fixed,NA,X_i,19.333,22.376,0.864,51.539,0.392
ran_pars,subj_id,sd__(Intercept),99.338,NA,NA,NA,NA
ran_pars,subj_id,cor__(Intercept).X_i,0.329,NA,NA,NA,NA
ran_pars,subj_id,sd__X_i,43.253,NA,NA,NA,NA
ran_pars,item_id,sd__(Intercept),75.143,NA,NA,NA,NA
ran_pars,Residual,sd__Observation,194.53,NA,NA,NA,NA
fixed,NA,(Intercept),792.063,15.455,51.25,99.642,0
fixed,NA,X_i,52.159,24.842,2.1,49.266,0.041
ran_pars,subj_id,sd__(Intercept),93.123,NA,NA,NA,NA
ran_pars,subj_id,cor__(Intercept).X_i,0.312,NA,NA,NA,NA
ran_pars,subj_id,sd__X_i,29.324,NA,NA,NA,NA
ran_pars,item_id,sd__(Intercept),84.922,NA,NA,NA,NA
ran_pars,Residual,sd__Observation,198.688,NA,NA,NA,NA
fixed,NA,(Intercept),800.235,15.977,50.086,104.526,0
fixed,NA,X_i,56.016,25.202,2.223,49.547,0.031
ran_pars,subj_id,sd__(Intercept),99.581,NA,NA,NA,NA
ran_pars,subj_id,cor__(Intercept).X_i,-0.057,NA,NA,NA,NA
ran_pars,subj_id,sd__X_i,32.691,NA,NA,NA,NA
ran_pars,item_id,sd__(Intercept),86.093,NA,NA,NA,NA
ran_pars,Residual,sd__Observation,198.334,NA,NA,NA,NA
fixed,NA,(Intercept),793.676,14.875,53.357,110.159,0
fixed,NA,X_i,26.438,22.836,1.158,49.783,0.253
ran_pars,subj_id,sd__(Intercept),96.678,NA,NA,NA,NA
ran_pars,subj_id,cor__(Intercept).X_i,0.186,NA,NA,NA,NA
ran_pars,subj_id,sd__X_i,32.103,NA,NA,NA,NA
ran_pars,item_id,sd__(Intercept),77.369,NA,NA,NA,NA
ran_pars,Residual,sd__Observation,200.956,NA,NA,NA,NA
fixed,NA,(Intercept),805.835,16.636,48.44,96.29,0
fixed,NA,X_i,48.088,27.167,1.77,49.366,0.083
ran_pars,subj_id,sd__(Intercept),97.444,NA,NA,NA,NA
ran_pars,subj_id,cor__(Intercept).X_i,0.104,NA,NA,NA,NA
ran_pars,subj_id,sd__X_i,32.971,NA,NA,NA,NA
ran_pars,item_id,sd__(Intercept),93.242,NA,NA,NA,NA
ran_pars,Residual,sd__Observation,198.935,NA,NA,NA,NA
fixed,NA,(Intercept),811.471,16.91,47.988,107.107,0
fixed,NA,X_i,69.566,26.437,2.631,49.81,0.011
ran_pars,subj_id,sd__(Intercept),107.052,NA,NA,NA,NA
ran_pars,subj_id,cor__(Intercept).X_i,0.091,NA,NA,NA,NA
ran_pars,subj_id,sd__X_i,36.826,NA,NA,NA,NA
ran_pars,item_id,sd__(Intercept),90.384,NA,NA,NA,NA
ran_pars,Residual,sd__Observation,199.445,NA,NA,NA,NA
fixed,NA,(Intercept),789.415,15.884,49.698,112.298,0
fixed,NA,X_i,81.942,24.404,3.358,51.442,0.001
ran_pars,subj_id,sd__(Intercept),104.308,NA,NA,NA,NA
ran_pars,subj_id,cor__(Intercept).X_i,0.091,NA,NA,NA,NA
ran_pars,subj_id,sd__X_i,46.352,NA,NA,NA,NA
ran_pars,item_id,sd__(Intercept),82.314,NA,NA,NA,NA
ran_pars,Residual,sd__Observation,200.016,NA,NA,NA,NA
fixed,NA,(Intercept),784.161,16.483,47.574,100.121,0
fixed,NA,X_i,100.794,26.447,3.811,49.105,0
ran_pars,subj_id,sd__(Intercept),99.477,NA,NA,NA,NA
ran_pars,subj_id,cor__(Intercept).X_i,0.658,NA,NA,NA,NA
ran_pars,subj_id,sd__X_i,29.216,NA,NA,NA,NA
ran_pars,item_id,sd__(Intercept),90.75,NA,NA,NA,NA
ran_pars,Residual,sd__Observation,200.201,NA,NA,NA,NA
fixed,NA,(Intercept),787.522,16.354,48.154,115.807,0
fixed,NA,X_i,70.461,24.813,2.84,52.176,0.006
ran_pars,subj_id,sd__(Intercept),109.626,NA,NA,NA,NA
ran_pars,subj_id,cor__(Intercept).X_i,0.119,NA,NA,NA,NA
ran_pars,subj_id,sd__X_i,51.533,NA,NA,NA,NA
ran_pars,item_id,sd__(Intercept),83.471,NA,NA,NA,NA
ran_pars,Residual,sd__Observation,199.189,NA,NA,NA,NA
fixed,NA,(Intercept),779.832,15.491,50.342,120.198,0
fixed,NA,X_i,52.426,22.78,2.301,51.316,0.025
ran_pars,subj_id,sd__(Intercept),107.147,NA,NA,NA,NA
ran_pars,subj_id,cor__(Intercept).X_i,0.15,NA,NA,NA,NA
ran_pars,subj_id,sd__X_i,42.786,NA,NA,NA,NA
ran_pars,item_id,sd__(Intercept),76.486,NA,NA,NA,NA
ran_pars,Residual,sd__Observation,201.878,NA,NA,NA,NA
fixed,NA,(Intercept),793.965,14.828,53.545,112.691,0
fixed,NA,X_i,41.709,22.851,1.825,52.977,0.074
ran_pars,subj_id,sd__(Intercept),98.001,NA,NA,NA,NA
ran_pars,subj_id,cor__(Intercept).X_i,0.338,NA,NA,NA,NA
ran_pars,subj_id,sd__X_i,51.82,NA,NA,NA,NA
ran_pars,item_id,sd__(Intercept),76.07,NA,NA,NA,NA
ran_pars,Residual,sd__Observation,201.133,NA,NA,NA,NA
fixed,NA,(Intercept),821.445,16.745,49.057,98.147,0
fixed,NA,X_i,87.95,27.598,3.187,52.662,0.002
ran_pars,subj_id,sd__(Intercept),99.492,NA,NA,NA,NA
ran_pars,subj_id,cor__(Intercept).X_i,0.166,NA,NA,NA,NA
ran_pars,subj_id,sd__X_i,60.028,NA,NA,NA,NA
ran_pars,item_id,sd__(Intercept),93.136,NA,NA,NA,NA
ran_pars,Residual,sd__Observation,198.964,NA,NA,NA,NA
fixed,NA,(Intercept),817.761,16.747,48.83,107.754,0
fixed,NA,X_i,30.444,26.163,1.164,50.299,0.25
ran_pars,subj_id,sd__(Intercept),106.528,NA,NA,NA,NA
ran_pars,subj_id,cor__(Intercept).X_i,0.248,NA,NA,NA,NA
ran_pars,subj_id,sd__X_i,40.697,NA,NA,NA,NA
ran_pars,item_id,sd__(Intercept),89.127,NA,NA,NA,NA
ran_pars,Residual,sd__Observation,201.358,NA,NA,NA,NA
fixed,NA,(Intercept),796.563,15.809,50.385,106.641,0
fixed,NA,X_i,29.827,24.874,1.199,51.016,0.236
ran_pars,subj_id,sd__(Intercept),100.095,NA,NA,NA,NA
ran_pars,subj_id,cor__(Intercept).X_i,0.18,NA,NA,NA,NA
ran_pars,subj_id,sd__X_i,44.41,NA,NA,NA,NA
ran_pars,item_id,sd__(Intercept),84.145,NA,NA,NA,NA
ran_pars,Residual,sd__Observation,201.748,NA,NA,NA,NA
fixed,NA,(Intercept),794.847,16.393,48.488,118.031,0
fixed,NA,X_i,42.815,24.332,1.76,50.258,0.085
ran_pars,subj_id,sd__(Intercept),111.487,NA,NA,NA,NA
ran_pars,subj_id,cor__(Intercept).X_i,0.28,NA,NA,NA,NA
ran_pars,subj_id,sd__X_i,37.906,NA,NA,NA,NA
ran_pars,item_id,sd__(Intercept),82.537,NA,NA,NA,NA
ran_pars,Residual,sd__Observation,202.202,NA,NA,NA,NA
fixed,NA,(Intercept),795.51,15.529,51.229,108.492,0
fixed,NA,X_i,48.119,24.02,2.003,49.514,0.051
ran_pars,subj_id,sd__(Intercept),99.659,NA,NA,NA,NA
ran_pars,subj_id,cor__(Intercept).X_i,0.464,NA,NA,NA,NA
ran_pars,subj_id,sd__X_i,31.138,NA,NA,NA,NA
ran_pars,item_id,sd__(Intercept),81.72,NA,NA,NA,NA
ran_pars,Residual,sd__Observation,203.187,NA,NA,NA,NA
fixed,NA,(Intercept),772.992,13.159,58.741,118.675,0
fixed,NA,X_i,56.845,19.196,2.961,50.315,0.005
ran_pars,subj_id,sd__(Intercept),91.381,NA,NA,NA,NA
ran_pars,subj_id,cor__(Intercept).X_i,-0.064,NA,NA,NA,NA
ran_pars,subj_id,sd__X_i,31.39,NA,NA,NA,NA
ran_pars,item_id,sd__(Intercept),63.772,NA,NA,NA,NA
ran_pars,Residual,sd__Observation,203.993,NA,NA,NA,NA
fixed,NA,(Intercept),819.712,14.854,55.185,108.9,0
fixed,NA,X_i,56.222,23.242,2.419,52.196,0.019
ran_pars,subj_id,sd__(Intercept),95.644,NA,NA,NA,NA
ran_pars,subj_id,cor__(Intercept).X_i,0.322,NA,NA,NA,NA
ran_pars,subj_id,sd__X_i,48.556,NA,NA,NA,NA
ran_pars,item_id,sd__(Intercept),77.911,NA,NA,NA,NA
ran_pars,Residual,sd__Observation,196.898,NA,NA,NA,NA
fixed,NA,(Intercept),787.555,15.893,49.553,99.262,0
fixed,NA,X_i,49.159,25.657,1.916,49.682,0.061
ran_pars,subj_id,sd__(Intercept),95.403,NA,NA,NA,NA
ran_pars,subj_id,cor__(Intercept).X_i,0.247,NA,NA,NA,NA
ran_pars,subj_id,sd__X_i,34.577,NA,NA,NA,NA
ran_pars,item_id,sd__(Intercept),87.651,NA,NA,NA,NA
ran_pars,Residual,sd__Observation,199.024,NA,NA,NA,NA
fixed,NA,(Intercept),780.754,15.794,49.435,96.458,0
fixed,NA,X_i,53.929,25.632,2.104,48.459,0.041
ran_pars,subj_id,sd__(Intercept),92.778,NA,NA,NA,NA
ran_pars,subj_id,cor__(Intercept).X_i,0.484,NA,NA,NA,NA
ran_pars,subj_id,sd__X_i,18.921,NA,NA,NA,NA
ran_pars,item_id,sd__(Intercept),88.186,NA,NA,NA,NA
ran_pars,Residual,sd__Observation,197.751,NA,NA,NA,NA
fixed,NA,(Intercept),803.828,15.481,51.924,101.585,0
fixed,NA,X_i,76.903,24.758,3.106,49.872,0.003
ran_pars,subj_id,sd__(Intercept),94.616,NA,NA,NA,NA
ran_pars,subj_id,cor__(Intercept).X_i,-0.136,NA,NA,NA,NA
ran_pars,subj_id,sd__X_i,35.228,NA,NA,NA,NA
ran_pars,item_id,sd__(Intercept),84.351,NA,NA,NA,NA
ran_pars,Residual,sd__Observation,197.96,NA,NA,NA,NA
fixed,NA,(Intercept),805.681,14.097,57.154,111.527,0
fixed,NA,X_i,52.093,21.407,2.433,49.37,0.019
ran_pars,subj_id,sd__(Intercept),92.714,NA,NA,NA,NA
ran_pars,subj_id,cor__(Intercept).X_i,0.252,NA,NA,NA,NA
ran_pars,subj_id,sd__X_i,26.906,NA,NA,NA,NA
ran_pars,item_id,sd__(Intercept),72.373,NA,NA,NA,NA
ran_pars,Residual,sd__Observation,200.028,NA,NA,NA,NA
fixed,NA,(Intercept),813.168,16.006,50.804,114.88,0
fixed,NA,X_i,53.7,23.982,2.239,49.105,0.03
ran_pars,subj_id,sd__(Intercept),106.87,NA,NA,NA,NA
ran_pars,subj_id,cor__(Intercept).X_i,0.594,NA,NA,NA,NA
ran_pars,subj_id,sd__X_i,26.823,NA,NA,NA,NA
ran_pars,item_id,sd__(Intercept),81.789,NA,NA,NA,NA
ran_pars,Residual,sd__Observation,202.413,NA,NA,NA,NA
fixed,NA,(Intercept),796.021,15.77,50.477,93.238,0
fixed,NA,X_i,50.087,26.194,1.912,50.361,0.062
ran_pars,subj_id,sd__(Intercept),90.25,NA,NA,NA,NA
ran_pars,subj_id,cor__(Intercept).X_i,0.031,NA,NA,NA,NA
ran_pars,subj_id,sd__X_i,41.418,NA,NA,NA,NA
ran_pars,item_id,sd__(Intercept),89.263,NA,NA,NA,NA
ran_pars,Residual,sd__Observation,198.491,NA,NA,NA,NA
fixed,NA,(Intercept),803.189,15.969,50.297,111.817,0
fixed,NA,X_i,20.882,24.603,0.849,51.545,0.4
ran_pars,subj_id,sd__(Intercept),104.542,NA,NA,NA,NA
ran_pars,subj_id,cor__(Intercept).X_i,0.234,NA,NA,NA,NA
ran_pars,subj_id,sd__X_i,47.364,NA,NA,NA,NA
ran_pars,item_id,sd__(Intercept),82.949,NA,NA,NA,NA
ran_pars,Residual,sd__Observation,201.296,NA,NA,NA,NA
fixed,NA,(Intercept),779.171,15.012,51.905,109.061,0
fixed,NA,X_i,36.648,23.355,1.569,51.274,0.123
ran_pars,subj_id,sd__(Intercept),96.803,NA,NA,NA,NA
ran_pars,subj_id,cor__(Intercept).X_i,0.329,NA,NA,NA,NA
ran_pars,subj_id,sd__X_i,43.478,NA,NA,NA,NA
ran_pars,item_id,sd__(Intercept),78.607,NA,NA,NA,NA
ran_pars,Residual,sd__Observation,200.71,NA,NA,NA,NA
fixed,NA,(Intercept),796.011,16.825,47.311,121.518,0
fixed,NA,X_i,-6.42,24.542,-0.262,50.249,0.795
ran_pars,subj_id,sd__(Intercept),116.677,NA,NA,NA,NA
ran_pars,subj_id,cor__(Intercept).X_i,0.388,NA,NA,NA,NA
ran_pars,subj_id,sd__X_i,38.107,NA,NA,NA,NA
ran_pars,item_id,sd__(Intercept),83.38,NA,NA,NA,NA
ran_pars,Residual,sd__Observation,198.809,NA,NA,NA,NA
fixed,NA,(Intercept),812.422,14.775,54.985,117.005,0
fixed,NA,X_i,47.517,21.948,2.165,50.158,0.035
ran_pars,subj_id,sd__(Intercept),100.372,NA,NA,NA,NA
ran_pars,subj_id,cor__(Intercept).X_i,0.137,NA,NA,NA,NA
ran_pars,subj_id,sd__X_i,33.862,NA,NA,NA,NA
ran_pars,item_id,sd__(Intercept),74.031,NA,NA,NA,NA
ran_pars,Residual,sd__Observation,199.442,NA,NA,NA,NA
fixed,NA,(Intercept),786.913,15.607,50.419,125.891,0
fixed,NA,X_i,49.233,22.077,2.23,50.401,0.03
ran_pars,subj_id,sd__(Intercept),111.768,NA,NA,NA,NA
ran_pars,subj_id,cor__(Intercept).X_i,0.255,NA,NA,NA,NA
ran_pars,subj_id,sd__X_i,35.69,NA,NA,NA,NA
ran_pars,item_id,sd__(Intercept),74.452,NA,NA,NA,NA
ran_pars,Residual,sd__Observation,197.576,NA,NA,NA,NA
fixed,NA,(Intercept),811.521,13.277,61.124,122.364,0
fixed,NA,X_i,72.962,19.07,3.826,51.34,0
ran_pars,subj_id,sd__(Intercept),94.188,NA,NA,NA,NA
ran_pars,subj_id,cor__(Intercept).X_i,0.334,NA,NA,NA,NA
ran_pars,subj_id,sd__X_i,36.649,NA,NA,NA,NA
ran_pars,item_id,sd__(Intercept),63.128,NA,NA,NA,NA
ran_pars,Residual,sd__Observation,198.178,NA,NA,NA,NA
fixed,NA,(Intercept),788.697,15.64,50.428,129.585,0
fixed,NA,X_i,19.812,21.624,0.916,51.277,0.364
ran_pars,subj_id,sd__(Intercept),114.809,NA,NA,NA,NA
ran_pars,subj_id,cor__(Intercept).X_i,0.258,NA,NA,NA,NA
ran_pars,subj_id,sd__X_i,40.487,NA,NA,NA,NA
ran_pars,item_id,sd__(Intercept),72.483,NA,NA,NA,NA
ran_pars,Residual,sd__Observation,196.494,NA,NA,NA,NA
fixed,NA,(Intercept),805.066,14.036,57.355,114.843,0
fixed,NA,X_i,39.696,21.017,1.889,50.054,0.065
ran_pars,subj_id,sd__(Intercept),94.411,NA,NA,NA,NA
ran_pars,subj_id,cor__(Intercept).X_i,0.251,NA,NA,NA,NA
ran_pars,subj_id,sd__X_i,31.865,NA,NA,NA,NA
ran_pars,item_id,sd__(Intercept),70.631,NA,NA,NA,NA
ran_pars,Residual,sd__Observation,201.43,NA,NA,NA,NA
fixed,NA,(Intercept),818.429,16.897,48.437,121.784,0
fixed,NA,X_i,27.03,24.608,1.098,50.151,0.277
ran_pars,subj_id,sd__(Intercept),117.296,NA,NA,NA,NA
ran_pars,subj_id,cor__(Intercept).X_i,0.271,NA,NA,NA,NA
ran_pars,subj_id,sd__X_i,37.274,NA,NA,NA,NA
ran_pars,item_id,sd__(Intercept),83.692,NA,NA,NA,NA
ran_pars,Residual,sd__Observation,197.896,NA,NA,NA,NA
fixed,NA,(Intercept),798.469,15.938,50.099,105.314,0
fixed,NA,X_i,46.065,25.205,1.828,50.787,0.073
ran_pars,subj_id,sd__(Intercept),99.931,NA,NA,NA,NA
ran_pars,subj_id,cor__(Intercept).X_i,0.235,NA,NA,NA,NA
ran_pars,subj_id,sd__X_i,43.255,NA,NA,NA,NA
ran_pars,item_id,sd__(Intercept),85.474,NA,NA,NA,NA
ran_pars,Residual,sd__Observation,200.429,NA,NA,NA,NA
fixed,NA,(Intercept),813.581,15.279,53.247,113.407,0
fixed,NA,X_i,43.294,23.596,1.835,53.719,0.072
ran_pars,subj_id,sd__(Intercept),101.173,NA,NA,NA,NA
ran_pars,subj_id,cor__(Intercept).X_i,0.066,NA,NA,NA,NA
ran_pars,subj_id,sd__X_i,56.897,NA,NA,NA,NA
ran_pars,item_id,sd__(Intercept),78.532,NA,NA,NA,NA
ran_pars,Residual,sd__Observation,196.84,NA,NA,NA,NA
fixed,NA,(Intercept),802.508,14.9,53.86,115.715,0
fixed,NA,X_i,48.962,22.467,2.179,51.52,0.034
ran_pars,subj_id,sd__(Intercept),100.25,NA,NA,NA,NA
ran_pars,subj_id,cor__(Intercept).X_i,0.14,NA,NA,NA,NA
ran_pars,subj_id,sd__X_i,43.307,NA,NA,NA,NA
ran_pars,item_id,sd__(Intercept),75.411,NA,NA,NA,NA
ran_pars,Residual,sd__Observation,197.121,NA,NA,NA,NA
fixed,NA,(Intercept),818.494,15.55,52.635,96.843,0
fixed,NA,X_i,65.239,25.303,2.578,49.307,0.013
ran_pars,subj_id,sd__(Intercept),91.681,NA,NA,NA,NA
ran_pars,subj_id,cor__(Intercept).X_i,0.131,NA,NA,NA,NA
ran_pars,subj_id,sd__X_i,30.295,NA,NA,NA,NA
ran_pars,item_id,sd__(Intercept),86.581,NA,NA,NA,NA
ran_pars,Residual,sd__Observation,197.946,NA,NA,NA,NA
fixed,NA,(Intercept),799.318,14.041,56.926,109.202,0
fixed,NA,X_i,81.244,22.016,3.69,53.32,0.001
ran_pars,subj_id,sd__(Intercept),90.902,NA,NA,NA,NA
ran_pars,subj_id,cor__(Intercept).X_i,0.044,NA,NA,NA,NA
ran_pars,subj_id,sd__X_i,51.563,NA,NA,NA,NA
ran_pars,item_id,sd__(Intercept),73.033,NA,NA,NA,NA
ran_pars,Residual,sd__Observation,198.16,NA,NA,NA,NA
fixed,NA,(Intercept),798.809,14.81,53.937,126.833,0
fixed,NA,X_i,82.817,20.803,3.981,51.414,0
ran_pars,subj_id,sd__(Intercept),107.3,NA,NA,NA,NA
ran_pars,subj_id,cor__(Intercept).X_i,0.318,NA,NA,NA,NA
ran_pars,subj_id,sd__X_i,39.933,NA,NA,NA,NA
ran_pars,item_id,sd__(Intercept),69.366,NA,NA,NA,NA
ran_pars,Residual,sd__Observation,199.643,NA,NA,NA,NA
fixed,NA,(Intercept),796.504,16.618,47.931,95.032,0
fixed,NA,X_i,54.005,27.257,1.981,49.254,0.053
ran_pars,subj_id,sd__(Intercept),96.408,NA,NA,NA,NA
ran_pars,subj_id,cor__(Intercept).X_i,0.552,NA,NA,NA,NA
ran_pars,subj_id,sd__X_i,31.801,NA,NA,NA,NA
ran_pars,item_id,sd__(Intercept),93.558,NA,NA,NA,NA
ran_pars,Residual,sd__Observation,201.754,NA,NA,NA,NA
fixed,NA,(Intercept),810.839,15.632,51.872,98.703,0
fixed,NA,X_i,43.27,25.18,1.718,48.941,0.092
ran_pars,subj_id,sd__(Intercept),93.573,NA,NA,NA,NA
ran_pars,subj_id,cor__(Intercept).X_i,-0.197,NA,NA,NA,NA
ran_pars,subj_id,sd__X_i,26.177,NA,NA,NA,NA
ran_pars,item_id,sd__(Intercept),86.203,NA,NA,NA,NA
ran_pars,Residual,sd__Observation,202.104,NA,NA,NA,NA
fixed,NA,(Intercept),801.323,14.289,56.081,108.517,0
fixed,NA,X_i,48.26,22.501,2.145,53.378,0.037
ran_pars,subj_id,sd__(Intercept),91.969,NA,NA,NA,NA
ran_pars,subj_id,cor__(Intercept).X_i,0.174,NA,NA,NA,NA
ran_pars,subj_id,sd__X_i,52.892,NA,NA,NA,NA
ran_pars,item_id,sd__(Intercept),74.767,NA,NA,NA,NA
ran_pars,Residual,sd__Observation,197.237,NA,NA,NA,NA
fixed,NA,(Intercept),803.625,16.017,50.172,101.75,0
fixed,NA,X_i,55.945,25.741,2.173,50.82,0.034
ran_pars,subj_id,sd__(Intercept),97.881,NA,NA,NA,NA
ran_pars,subj_id,cor__(Intercept).X_i,0.243,NA,NA,NA,NA
ran_pars,subj_id,sd__X_i,44.3,NA,NA,NA,NA
ran_pars,item_id,sd__(Intercept),87.433,NA,NA,NA,NA
ran_pars,Residual,sd__Observation,198.236,NA,NA,NA,NA
fixed,NA,(Intercept),820.569,14.36,57.141,100.415,0
fixed,NA,X_i,45.485,23.426,1.942,53.246,0.057
ran_pars,subj_id,sd__(Intercept),87.418,NA,NA,NA,NA
ran_pars,subj_id,cor__(Intercept).X_i,0.108,NA,NA,NA,NA
ran_pars,subj_id,sd__X_i,54.389,NA,NA,NA,NA
ran_pars,item_id,sd__(Intercept),77.945,NA,NA,NA,NA
ran_pars,Residual,sd__Observation,203.645,NA,NA,NA,NA
fixed,NA,(Intercept),809.376,14.3,56.601,98.415,0
fixed,NA,X_i,91.364,23.218,3.935,50.519,0
ran_pars,subj_id,sd__(Intercept),85.652,NA,NA,NA,NA
ran_pars,subj_id,cor__(Intercept).X_i,0.006,NA,NA,NA,NA
ran_pars,subj_id,sd__X_i,38.206,NA,NA,NA,NA
ran_pars,item_id,sd__(Intercept),78.494,NA,NA,NA,NA
ran_pars,Residual,sd__Observation,198.665,NA,NA,NA,NA
fixed,NA,(Intercept),782.208,16.997,46.02,102.204,0
fixed,NA,X_i,44.356,27.096,1.637,49.443,0.108
ran_pars,subj_id,sd__(Intercept),104.028,NA,NA,NA,NA
ran_pars,subj_id,cor__(Intercept).X_i,0.199,NA,NA,NA,NA
ran_pars,subj_id,sd__X_i,33.844,NA,NA,NA,NA
ran_pars,item_id,sd__(Intercept),92.917,NA,NA,NA,NA
ran_pars,Residual,sd__Observation,200.137,NA,NA,NA,NA
fixed,NA,(Intercept),788.405,15.193,51.892,114.33,0
fixed,NA,X_i,41.596,23.042,1.805,51.088,0.077
ran_pars,subj_id,sd__(Intercept),101.218,NA,NA,NA,NA
ran_pars,subj_id,cor__(Intercept).X_i,-0.118,NA,NA,NA,NA
ran_pars,subj_id,sd__X_i,41.724,NA,NA,NA,NA
ran_pars,item_id,sd__(Intercept),77.666,NA,NA,NA,NA
ran_pars,Residual,sd__Observation,196.815,NA,NA,NA,NA
fixed,NA,(Intercept),782.157,15.748,49.668,95.356,0
fixed,NA,X_i,33.35,25.603,1.303,48.025,0.199
ran_pars,subj_id,sd__(Intercept),91.737,NA,NA,NA,NA
ran_pars,subj_id,cor__(Intercept).X_i,1,NA,NA,NA,NA
ran_pars,subj_id,sd__X_i,4.12,NA,NA,NA,NA
ran_pars,item_id,sd__(Intercept),88.277,NA,NA,NA,NA
ran_pars,Residual,sd__Observation,199.73,NA,NA,NA,NA
fixed,NA,(Intercept),812.774,13.982,58.13,111.689,0
fixed,NA,X_i,70.699,21.318,3.316,50.365,0.002
ran_pars,subj_id,sd__(Intercept),92.12,NA,NA,NA,NA
ran_pars,subj_id,cor__(Intercept).X_i,0.095,NA,NA,NA,NA
ran_pars,subj_id,sd__X_i,34.514,NA,NA,NA,NA
ran_pars,item_id,sd__(Intercept),71.633,NA,NA,NA,NA
ran_pars,Residual,sd__Observation,200.111,NA,NA,NA,NA
fixed,NA,(Intercept),801.511,13.89,57.703,105.207,0
fixed,NA,X_i,55.609,21.854,2.545,50.484,0.014
ran_pars,subj_id,sd__(Intercept),87.626,NA,NA,NA,NA
ran_pars,subj_id,cor__(Intercept).X_i,0.498,NA,NA,NA,NA
ran_pars,subj_id,sd__X_i,35.993,NA,NA,NA,NA
ran_pars,item_id,sd__(Intercept),73.508,NA,NA,NA,NA
ran_pars,Residual,sd__Observation,201.081,NA,NA,NA,NA
fixed,NA,(Intercept),800.589,14.668,54.581,94.918,0
fixed,NA,X_i,16.925,24.18,0.7,50.543,0.487
ran_pars,subj_id,sd__(Intercept),85.41,NA,NA,NA,NA
ran_pars,subj_id,cor__(Intercept).X_i,0.107,NA,NA,NA,NA
ran_pars,subj_id,sd__X_i,39.879,NA,NA,NA,NA
ran_pars,item_id,sd__(Intercept),81.874,NA,NA,NA,NA
ran_pars,Residual,sd__Observation,201.594,NA,NA,NA,NA
fixed,NA,(Intercept),790.472,15.999,49.407,110.343,0
fixed,NA,X_i,26.688,24.732,1.079,50.766,0.286
ran_pars,subj_id,sd__(Intercept),103.701,NA,NA,NA,NA
ran_pars,subj_id,cor__(Intercept).X_i,0.474,NA,NA,NA,NA
ran_pars,subj_id,sd__X_i,42.354,NA,NA,NA,NA
ran_pars,item_id,sd__(Intercept),83.809,NA,NA,NA,NA
ran_pars,Residual,sd__Observation,199.496,NA,NA,NA,NA
fixed,NA,(Intercept),818.412,15.147,54.033,99.885,0
fixed,NA,X_i,77.497,24.521,3.16,50.921,0.003
ran_pars,subj_id,sd__(Intercept),91.509,NA,NA,NA,NA
ran_pars,subj_id,cor__(Intercept).X_i,0.112,NA,NA,NA,NA
ran_pars,subj_id,sd__X_i,43.083,NA,NA,NA,NA
ran_pars,item_id,sd__(Intercept),83.009,NA,NA,NA,NA
ran_pars,Residual,sd__Observation,198.359,NA,NA,NA,NA
fixed,NA,(Intercept),800.028,16.517,48.438,100.736,0
fixed,NA,X_i,42.876,26.532,1.616,49.783,0.112
ran_pars,subj_id,sd__(Intercept),100.09,NA,NA,NA,NA
ran_pars,subj_id,cor__(Intercept).X_i,0.138,NA,NA,NA,NA
ran_pars,subj_id,sd__X_i,36.691,NA,NA,NA,NA
ran_pars,item_id,sd__(Intercept),90.76,NA,NA,NA,NA
ran_pars,Residual,sd__Observation,198.332,NA,NA,NA,NA
fixed,NA,(Intercept),781.175,13.384,58.366,124.811,0
fixed,NA,X_i,42.48,18.738,2.267,49.714,0.028
ran_pars,subj_id,sd__(Intercept),96.513,NA,NA,NA,NA
ran_pars,subj_id,cor__(Intercept).X_i,0.271,NA,NA,NA,NA
ran_pars,subj_id,sd__X_i,26.774,NA,NA,NA,NA
ran_pars,item_id,sd__(Intercept),62.5,NA,NA,NA,NA
ran_pars,Residual,sd__Observation,198.236,NA,NA,NA,NA
fixed,NA,(Intercept),803.984,16.774,47.932,101.59,0
fixed,NA,X_i,63.313,26.864,2.357,49.825,0.022
ran_pars,subj_id,sd__(Intercept),102.194,NA,NA,NA,NA
ran_pars,subj_id,cor__(Intercept).X_i,0.135,NA,NA,NA,NA
ran_pars,subj_id,sd__X_i,37.475,NA,NA,NA,NA
ran_pars,item_id,sd__(Intercept),91.968,NA,NA,NA,NA
ran_pars,Residual,sd__Observation,196.85,NA,NA,NA,NA
fixed,NA,(Intercept),770.767,15.658,49.224,112.16,0
fixed,NA,X_i,55.85,23.787,2.348,49.209,0.023
ran_pars,subj_id,sd__(Intercept),102.787,NA,NA,NA,NA
ran_pars,subj_id,cor__(Intercept).X_i,0.314,NA,NA,NA,NA
ran_pars,subj_id,sd__X_i,27.695,NA,NA,NA,NA
ran_pars,item_id,sd__(Intercept),81.113,NA,NA,NA,NA
ran_pars,Residual,sd__Observation,199.386,NA,NA,NA,NA
fixed,NA,(Intercept),809.046,16.629,48.653,108.981,0
fixed,NA,X_i,62.835,25.885,2.427,50.728,0.019
ran_pars,subj_id,sd__(Intercept),106.688,NA,NA,NA,NA
ran_pars,subj_id,cor__(Intercept).X_i,-0.265,NA,NA,NA,NA
ran_pars,subj_id,sd__X_i,43.889,NA,NA,NA,NA
ran_pars,item_id,sd__(Intercept),87.919,NA,NA,NA,NA
ran_pars,Residual,sd__Observation,201.242,NA,NA,NA,NA
fixed,NA,(Intercept),809.145,14.801,54.668,99.583,0
fixed,NA,X_i,95.066,24.173,3.933,52.478,0
ran_pars,subj_id,sd__(Intercept),89.286,NA,NA,NA,NA
ran_pars,subj_id,cor__(Intercept).X_i,0.341,NA,NA,NA,NA
ran_pars,subj_id,sd__X_i,51.907,NA,NA,NA,NA
ran_pars,item_id,sd__(Intercept),81.096,NA,NA,NA,NA
ran_pars,Residual,sd__Observation,197.697,NA,NA,NA,NA
fixed,NA,(Intercept),798.636,15.398,51.868,119.381,0
fixed,NA,X_i,39.988,22.646,1.766,50.384,0.083
ran_pars,subj_id,sd__(Intercept),105.92,NA,NA,NA,NA
ran_pars,subj_id,cor__(Intercept).X_i,0.476,NA,NA,NA,NA
ran_pars,subj_id,sd__X_i,36.441,NA,NA,NA,NA
ran_pars,item_id,sd__(Intercept),76.459,NA,NA,NA,NA
ran_pars,Residual,sd__Observation,199.701,NA,NA,NA,NA
fixed,NA,(Intercept),773.951,14.916,51.887,107.518,0
fixed,NA,X_i,22.987,23.535,0.977,52.579,0.333
ran_pars,subj_id,sd__(Intercept),95.17,NA,NA,NA,NA
ran_pars,subj_id,cor__(Intercept).X_i,0.519,NA,NA,NA,NA
ran_pars,subj_id,sd__X_i,51.181,NA,NA,NA,NA
ran_pars,item_id,sd__(Intercept),78.763,NA,NA,NA,NA
ran_pars,Residual,sd__Observation,198.092,NA,NA,NA,NA
fixed,NA,(Intercept),812.433,16.391,49.567,105.813,0
fixed,NA,X_i,35.599,25.606,1.39,48.77,0.171
ran_pars,subj_id,sd__(Intercept),103.042,NA,NA,NA,NA
ran_pars,subj_id,cor__(Intercept).X_i,0.208,NA,NA,NA,NA
ran_pars,subj_id,sd__X_i,24.014,NA,NA,NA,NA
ran_pars,item_id,sd__(Intercept),87.833,NA,NA,NA,NA
ran_pars,Residual,sd__Observation,202.266,NA,NA,NA,NA
fixed,NA,(Intercept),808.224,15.095,53.541,96.745,0
fixed,NA,X_i,83.057,24.673,3.366,50.234,0.001
ran_pars,subj_id,sd__(Intercept),89.066,NA,NA,NA,NA
ran_pars,subj_id,cor__(Intercept).X_i,0.25,NA,NA,NA,NA
ran_pars,subj_id,sd__X_i,38.196,NA,NA,NA,NA
ran_pars,item_id,sd__(Intercept),83.835,NA,NA,NA,NA
ran_pars,Residual,sd__Observation,199.734,NA,NA,NA,NA
fixed,NA,(Intercept),811.967,17.45,46.531,94.095,0
fixed,NA,X_i,18.908,28.857,0.655,49.923,0.515
ran_pars,subj_id,sd__(Intercept),100.275,NA,NA,NA,NA
ran_pars,subj_id,cor__(Intercept).X_i,-0.13,NA,NA,NA,NA
ran_pars,subj_id,sd__X_i,41.12,NA,NA,NA,NA
ran_pars,item_id,sd__(Intercept),99.011,NA,NA,NA,NA
ran_pars,Residual,sd__Observation,198.55,NA,NA,NA,NA
fixed,NA,(Intercept),811.623,14.37,56.481,114.532,0
fixed,NA,X_i,77.986,21.687,3.596,50.806,0.001
ran_pars,subj_id,sd__(Intercept),96.167,NA,NA,NA,NA
ran_pars,subj_id,cor__(Intercept).X_i,-0.082,NA,NA,NA,NA
ran_pars,subj_id,sd__X_i,37.796,NA,NA,NA,NA
ran_pars,item_id,sd__(Intercept),72.896,NA,NA,NA,NA
ran_pars,Residual,sd__Observation,196.695,NA,NA,NA,NA
fixed,NA,(Intercept),780.548,16.687,46.774,113.099,0
fixed,NA,X_i,56.166,25.51,2.202,50.895,0.032
ran_pars,subj_id,sd__(Intercept),109.881,NA,NA,NA,NA
ran_pars,subj_id,cor__(Intercept).X_i,0.332,NA,NA,NA,NA
ran_pars,subj_id,sd__X_i,44.529,NA,NA,NA,NA
ran_pars,item_id,sd__(Intercept),86.54,NA,NA,NA,NA
ran_pars,Residual,sd__Observation,199.389,NA,NA,NA,NA
fixed,NA,(Intercept),800.608,13.953,57.378,96.453,0
fixed,NA,X_i,50.041,22.804,2.194,50.311,0.033
ran_pars,subj_id,sd__(Intercept),82.437,NA,NA,NA,NA
ran_pars,subj_id,cor__(Intercept).X_i,0.17,NA,NA,NA,NA
ran_pars,subj_id,sd__X_i,36.162,NA,NA,NA,NA
ran_pars,item_id,sd__(Intercept),77.035,NA,NA,NA,NA
ran_pars,Residual,sd__Observation,200.591,NA,NA,NA,NA
fixed,NA,(Intercept),787.578,14.672,53.678,105.822,0
fixed,NA,X_i,1.83,23.204,0.079,51.658,0.937
ran_pars,subj_id,sd__(Intercept),92.658,NA,NA,NA,NA
ran_pars,subj_id,cor__(Intercept).X_i,0.143,NA,NA,NA,NA
ran_pars,subj_id,sd__X_i,45.531,NA,NA,NA,NA
ran_pars,item_id,sd__(Intercept),77.918,NA,NA,NA,NA
ran_pars,Residual,sd__Observation,199.93,NA,NA,NA,NA
fixed,NA,(Intercept),800.404,16.229,49.32,105.319,0
fixed,NA,X_i,17.381,25.736,0.675,51.251,0.502
ran_pars,subj_id,sd__(Intercept),101.684,NA,NA,NA,NA
ran_pars,subj_id,cor__(Intercept).X_i,0.153,NA,NA,NA,NA
ran_pars,subj_id,sd__X_i,47.354,NA,NA,NA,NA
ran_pars,item_id,sd__(Intercept),87.141,NA,NA,NA,NA
ran_pars,Residual,sd__Observation,201.273,NA,NA,NA,NA
fixed,NA,(Intercept),795.367,14.915,53.325,114.441,0
fixed,NA,X_i,83.902,22.629,3.708,51.5,0.001
ran_pars,subj_id,sd__(Intercept),99.598,NA,NA,NA,NA
ran_pars,subj_id,cor__(Intercept).X_i,0.502,NA,NA,NA,NA
ran_pars,subj_id,sd__X_i,43.582,NA,NA,NA,NA
ran_pars,item_id,sd__(Intercept),75.95,NA,NA,NA,NA
ran_pars,Residual,sd__Observation,198.787,NA,NA,NA,NA
fixed,NA,(Intercept),780.507,14.855,52.54,120.374,0
fixed,NA,X_i,52.083,21.57,2.415,49.397,0.02
ran_pars,subj_id,sd__(Intercept),103.067,NA,NA,NA,NA
ran_pars,subj_id,cor__(Intercept).X_i,0.424,NA,NA,NA,NA
ran_pars,subj_id,sd__X_i,27.285,NA,NA,NA,NA
ran_pars,item_id,sd__(Intercept),72.981,NA,NA,NA,NA
ran_pars,Residual,sd__Observation,199.138,NA,NA,NA,NA
fixed,NA,(Intercept),786.992,14.959,52.61,118.56,0
fixed,NA,X_i,75.281,22.022,3.418,49.974,0.001
ran_pars,subj_id,sd__(Intercept),102.555,NA,NA,NA,NA
ran_pars,subj_id,cor__(Intercept).X_i,0.185,NA,NA,NA,NA
ran_pars,subj_id,sd__X_i,32.57,NA,NA,NA,NA
ran_pars,item_id,sd__(Intercept),74.372,NA,NA,NA,NA
ran_pars,Residual,sd__Observation,199.636,NA,NA,NA,NA
fixed,NA,(Intercept),799.533,15.694,50.946,107.957,0
fixed,NA,X_i,54.329,24.407,2.226,50.088,0.031
ran_pars,subj_id,sd__(Intercept),100.372,NA,NA,NA,NA
ran_pars,subj_id,cor__(Intercept).X_i,0.436,NA,NA,NA,NA
ran_pars,subj_id,sd__X_i,36.735,NA,NA,NA,NA
ran_pars,item_id,sd__(Intercept),82.782,NA,NA,NA,NA
ran_pars,Residual,sd__Observation,206.091,NA,NA,NA,NA
fixed,NA,(Intercept),817.214,15.025,54.389,100.104,0
fixed,NA,X_i,75.613,24.258,3.117,50.663,0.003
ran_pars,subj_id,sd__(Intercept),91.009,NA,NA,NA,NA
ran_pars,subj_id,cor__(Intercept).X_i,-0.025,NA,NA,NA,NA
ran_pars,subj_id,sd__X_i,40.868,NA,NA,NA,NA
ran_pars,item_id,sd__(Intercept),82.107,NA,NA,NA,NA
ran_pars,Residual,sd__Observation,201.252,NA,NA,NA,NA
fixed,NA,(Intercept),794.371,13.722,57.888,112.707,0
fixed,NA,X_i,45.615,21.163,2.155,53.675,0.036
ran_pars,subj_id,sd__(Intercept),91.05,NA,NA,NA,NA
ran_pars,subj_id,cor__(Intercept).X_i,0.127,NA,NA,NA,NA
ran_pars,subj_id,sd__X_i,51.239,NA,NA,NA,NA
ran_pars,item_id,sd__(Intercept),69.853,NA,NA,NA,NA
ran_pars,Residual,sd__Observation,197.708,NA,NA,NA,NA
fixed,NA,(Intercept),813.436,15.518,52.42,109.309,0
fixed,NA,X_i,29.714,23.933,1.242,49.616,0.22
ran_pars,subj_id,sd__(Intercept),100.079,NA,NA,NA,NA
ran_pars,subj_id,cor__(Intercept).X_i,0.485,NA,NA,NA,NA
ran_pars,subj_id,sd__X_i,31.944,NA,NA,NA,NA
ran_pars,item_id,sd__(Intercept),81.411,NA,NA,NA,NA
ran_pars,Residual,sd__Observation,201.102,NA,NA,NA,NA
fixed,NA,(Intercept),814.762,15.606,52.209,110.104,0
fixed,NA,X_i,77.329,24.359,3.175,52.531,0.003
ran_pars,subj_id,sd__(Intercept),101.05,NA,NA,NA,NA
ran_pars,subj_id,cor__(Intercept).X_i,0.139,NA,NA,NA,NA
ran_pars,subj_id,sd__X_i,52.555,NA,NA,NA,NA
ran_pars,item_id,sd__(Intercept),81.745,NA,NA,NA,NA
ran_pars,Residual,sd__Observation,197.343,NA,NA,NA,NA
fixed,NA,(Intercept),781.002,12.758,61.215,106.938,0
fixed,NA,X_i,45.453,19.677,2.31,49.014,0.025
ran_pars,subj_id,sd__(Intercept),81.988,NA,NA,NA,NA
ran_pars,subj_id,cor__(Intercept).X_i,-0.112,NA,NA,NA,NA
ran_pars,subj_id,sd__X_i,22.251,NA,NA,NA,NA
ran_pars,item_id,sd__(Intercept),66.071,NA,NA,NA,NA
ran_pars,Residual,sd__Observation,203.068,NA,NA,NA,NA
fixed,NA,(Intercept),800.718,15.899,50.362,125.987,0
fixed,NA,X_i,71.529,22.592,3.166,51.126,0.003
ran_pars,subj_id,sd__(Intercept),113.77,NA,NA,NA,NA
ran_pars,subj_id,cor__(Intercept).X_i,0.053,NA,NA,NA,NA
ran_pars,subj_id,sd__X_i,41.213,NA,NA,NA,NA
ran_pars,item_id,sd__(Intercept),76.015,NA,NA,NA,NA
ran_pars,Residual,sd__Observation,197.333,NA,NA,NA,NA
fixed,NA,(Intercept),785.409,14.807,53.042,128.389,0
fixed,NA,X_i,38.932,20.681,1.882,52.511,0.065
ran_pars,subj_id,sd__(Intercept),108.362,NA,NA,NA,NA
ran_pars,subj_id,cor__(Intercept).X_i,0.37,NA,NA,NA,NA
ran_pars,subj_id,sd__X_i,45.136,NA,NA,NA,NA
ran_pars,item_id,sd__(Intercept),68.571,NA,NA,NA,NA
ran_pars,Residual,sd__Observation,197.453,NA,NA,NA,NA
fixed,NA,(Intercept),802.548,16.435,48.833,115.906,0
fixed,NA,X_i,40.747,24.851,1.64,51.526,0.107
ran_pars,subj_id,sd__(Intercept),110.174,NA,NA,NA,NA
ran_pars,subj_id,cor__(Intercept).X_i,0.231,NA,NA,NA,NA
ran_pars,subj_id,sd__X_i,47.637,NA,NA,NA,NA
ran_pars,item_id,sd__(Intercept),83.928,NA,NA,NA,NA
ran_pars,Residual,sd__Observation,197.943,NA,NA,NA,NA
fixed,NA,(Intercept),787.745,16.111,48.895,101.645,0
fixed,NA,X_i,29.85,26.126,1.143,52.501,0.258
ran_pars,subj_id,sd__(Intercept),98.379,NA,NA,NA,NA
ran_pars,subj_id,cor__(Intercept).X_i,0.059,NA,NA,NA,NA
ran_pars,subj_id,sd__X_i,56.077,NA,NA,NA,NA
ran_pars,item_id,sd__(Intercept),87.996,NA,NA,NA,NA
ran_pars,Residual,sd__Observation,198.936,NA,NA,NA,NA
fixed,NA,(Intercept),780.973,15.648,49.908,100.142,0
fixed,NA,X_i,73.48,25.226,2.913,50.353,0.005
ran_pars,subj_id,sd__(Intercept),94.753,NA,NA,NA,NA
ran_pars,subj_id,cor__(Intercept).X_i,0.37,NA,NA,NA,NA
ran_pars,subj_id,sd__X_i,40.048,NA,NA,NA,NA
ran_pars,item_id,sd__(Intercept),85.596,NA,NA,NA,NA
ran_pars,Residual,sd__Observation,206.771,NA,NA,NA,NA
fixed,NA,(Intercept),787.417,15.215,51.752,99.622,0
fixed,NA,X_i,79.478,24.722,3.215,51.408,0.002
ran_pars,subj_id,sd__(Intercept),91.733,NA,NA,NA,NA
ran_pars,subj_id,cor__(Intercept).X_i,0.243,NA,NA,NA,NA
ran_pars,subj_id,sd__X_i,46.679,NA,NA,NA,NA
ran_pars,item_id,sd__(Intercept),83.497,NA,NA,NA,NA
ran_pars,Residual,sd__Observation,198.896,NA,NA,NA,NA
fixed,NA,(Intercept),795.642,13.393,59.407,122.074,0
fixed,NA,X_i,28.424,19.503,1.457,53.615,0.151
ran_pars,subj_id,sd__(Intercept),94.819,NA,NA,NA,NA
ran_pars,subj_id,cor__(Intercept).X_i,0.318,NA,NA,NA,NA
ran_pars,subj_id,sd__X_i,47.434,NA,NA,NA,NA
ran_pars,item_id,sd__(Intercept),63.831,NA,NA,NA,NA
ran_pars,Residual,sd__Observation,199.737,NA,NA,NA,NA
fixed,NA,(Intercept),790.746,15.087,52.411,112.242,0
fixed,NA,X_i,46.902,23.075,2.033,50.811,0.047
ran_pars,subj_id,sd__(Intercept),99.253,NA,NA,NA,NA
ran_pars,subj_id,cor__(Intercept).X_i,0.195,NA,NA,NA,NA
ran_pars,subj_id,sd__X_i,39.994,NA,NA,NA,NA
ran_pars,item_id,sd__(Intercept),77.862,NA,NA,NA,NA
ran_pars,Residual,sd__Observation,198.364,NA,NA,NA,NA
fixed,NA,(Intercept),784.714,14.241,55.104,120.688,0
fixed,NA,X_i,84.484,20.623,4.097,49.986,0
ran_pars,subj_id,sd__(Intercept),99.431,NA,NA,NA,NA
ran_pars,subj_id,cor__(Intercept).X_i,0.457,NA,NA,NA,NA
ran_pars,subj_id,sd__X_i,30.927,NA,NA,NA,NA
ran_pars,item_id,sd__(Intercept),69.194,NA,NA,NA,NA
ran_pars,Residual,sd__Observation,202.188,NA,NA,NA,NA
fixed,NA,(Intercept),826.838,16.991,48.664,104.916,0
fixed,NA,X_i,47.247,26.764,1.765,49.43,0.084
ran_pars,subj_id,sd__(Intercept),106.014,NA,NA,NA,NA
ran_pars,subj_id,cor__(Intercept).X_i,0.311,NA,NA,NA,NA
ran_pars,subj_id,sd__X_i,33.364,NA,NA,NA,NA
ran_pars,item_id,sd__(Intercept),91.691,NA,NA,NA,NA
ran_pars,Residual,sd__Observation,201.87,NA,NA,NA,NA
fixed,NA,(Intercept),795.964,16.311,48.799,118.516,0
fixed,NA,X_i,62.932,24.402,2.579,52.166,0.013
ran_pars,subj_id,sd__(Intercept),111.18,NA,NA,NA,NA
ran_pars,subj_id,cor__(Intercept).X_i,0.214,NA,NA,NA,NA
ran_pars,subj_id,sd__X_i,50.663,NA,NA,NA,NA
ran_pars,item_id,sd__(Intercept),82.038,NA,NA,NA,NA
ran_pars,Residual,sd__Observation,197.948,NA,NA,NA,NA
fixed,NA,(Intercept),792.446,17.491,45.305,136.093,0
fixed,NA,X_i,28.239,22.967,1.23,51.883,0.224
ran_pars,subj_id,sd__(Intercept),133.958,NA,NA,NA,NA
ran_pars,subj_id,cor__(Intercept).X_i,0.2,NA,NA,NA,NA
ran_pars,subj_id,sd__X_i,46.345,NA,NA,NA,NA
ran_pars,item_id,sd__(Intercept),77.018,NA,NA,NA,NA
ran_pars,Residual,sd__Observation,198.295,NA,NA,NA,NA
fixed,NA,(Intercept),785.709,12.976,60.549,128.366,0
fixed,NA,X_i,44.643,17.532,2.546,51.268,0.014
ran_pars,subj_id,sd__(Intercept),97.192,NA,NA,NA,NA
ran_pars,subj_id,cor__(Intercept).X_i,0.114,NA,NA,NA,NA
ran_pars,subj_id,sd__X_i,34.151,NA,NA,NA,NA
ran_pars,item_id,sd__(Intercept),57.206,NA,NA,NA,NA
ran_pars,Residual,sd__Observation,205.843,NA,NA,NA,NA
fixed,NA,(Intercept),796.723,15.623,50.998,113.64,0
fixed,NA,X_i,97.442,23.405,4.163,48.147,0
ran_pars,subj_id,sd__(Intercept),103.601,NA,NA,NA,NA
ran_pars,subj_id,cor__(Intercept).X_i,1,NA,NA,NA,NA
ran_pars,subj_id,sd__X_i,9.293,NA,NA,NA,NA
ran_pars,item_id,sd__(Intercept),80.188,NA,NA,NA,NA
ran_pars,Residual,sd__Observation,201.663,NA,NA,NA,NA
fixed,NA,(Intercept),804.317,13.404,60.006,117.434,0
fixed,NA,X_i,76.494,19.784,3.867,50.554,0
ran_pars,subj_id,sd__(Intercept),91.991,NA,NA,NA,NA
ran_pars,subj_id,cor__(Intercept).X_i,0.224,NA,NA,NA,NA
ran_pars,subj_id,sd__X_i,33.495,NA,NA,NA,NA
ran_pars,item_id,sd__(Intercept),65.967,NA,NA,NA,NA
ran_pars,Residual,sd__Observation,200.111,NA,NA,NA,NA
fixed,NA,(Intercept),808.029,15.913,50.778,110.413,0
fixed,NA,X_i,52.612,24.397,2.156,49.222,0.036
ran_pars,subj_id,sd__(Intercept),103.169,NA,NA,NA,NA
ran_pars,subj_id,cor__(Intercept).X_i,0.156,NA,NA,NA,NA
ran_pars,subj_id,sd__X_i,28.439,NA,NA,NA,NA
ran_pars,item_id,sd__(Intercept),83.357,NA,NA,NA,NA
ran_pars,Residual,sd__Observation,197.705,NA,NA,NA,NA
fixed,NA,(Intercept),798.281,14.364,55.576,134.345,0
fixed,NA,X_i,57.723,18.671,3.092,53.915,0.003
ran_pars,subj_id,sd__(Intercept),111.637,NA,NA,NA,NA
ran_pars,subj_id,cor__(Intercept).X_i,0.287,NA,NA,NA,NA
ran_pars,subj_id,sd__X_i,46.748,NA,NA,NA,NA
ran_pars,item_id,sd__(Intercept),60.681,NA,NA,NA,NA
ran_pars,Residual,sd__Observation,200.606,NA,NA,NA,NA
fixed,NA,(Intercept),794.941,14.666,54.203,90.693,0
fixed,NA,X_i,20.7,24.428,0.847,49.142,0.401
ran_pars,subj_id,sd__(Intercept),82.354,NA,NA,NA,NA
ran_pars,subj_id,cor__(Intercept).X_i,-0.02,NA,NA,NA,NA
ran_pars,subj_id,sd__X_i,27.669,NA,NA,NA,NA
ran_pars,item_id,sd__(Intercept),83.411,NA,NA,NA,NA
ran_pars,Residual,sd__Observation,201.464,NA,NA,NA,NA
fixed,NA,(Intercept),794.535,18.028,44.072,102.201,0
fixed,NA,X_i,66.116,28.681,2.305,48.881,0.025
ran_pars,subj_id,sd__(Intercept),110.158,NA,NA,NA,NA
ran_pars,subj_id,cor__(Intercept).X_i,0.231,NA,NA,NA,NA
ran_pars,subj_id,sd__X_i,28.208,NA,NA,NA,NA
ran_pars,item_id,sd__(Intercept),98.871,NA,NA,NA,NA
ran_pars,Residual,sd__Observation,201.889,NA,NA,NA,NA
fixed,NA,(Intercept),814.807,15.517,52.51,111.845,0
fixed,NA,X_i,58.671,23.661,2.48,49.674,0.017
ran_pars,subj_id,sd__(Intercept),101.685,NA,NA,NA,NA
ran_pars,subj_id,cor__(Intercept).X_i,0.102,NA,NA,NA,NA
ran_pars,subj_id,sd__X_i,32.124,NA,NA,NA,NA
ran_pars,item_id,sd__(Intercept),80.466,NA,NA,NA,NA
ran_pars,Residual,sd__Observation,198.628,NA,NA,NA,NA
fixed,NA,(Intercept),800.574,16.289,49.149,101.398,0
fixed,NA,X_i,62.802,26.322,2.386,51.609,0.021
ran_pars,subj_id,sd__(Intercept),99.295,NA,NA,NA,NA
ran_pars,subj_id,cor__(Intercept).X_i,0.53,NA,NA,NA,NA
ran_pars,subj_id,sd__X_i,50.914,NA,NA,NA,NA
ran_pars,item_id,sd__(Intercept),89.044,NA,NA,NA,NA
ran_pars,Residual,sd__Observation,201.872,NA,NA,NA,NA
fixed,NA,(Intercept),780.773,15.391,50.729,109.379,0
fixed,NA,X_i,24.75,23.816,1.039,50.392,0.304
ran_pars,subj_id,sd__(Intercept),99.373,NA,NA,NA,NA
ran_pars,subj_id,cor__(Intercept).X_i,0.209,NA,NA,NA,NA
ran_pars,subj_id,sd__X_i,38.283,NA,NA,NA,NA
ran_pars,item_id,sd__(Intercept),80.619,NA,NA,NA,NA
ran_pars,Residual,sd__Observation,201.833,NA,NA,NA,NA
fixed,NA,(Intercept),781.293,14.939,52.3,121.654,0
fixed,NA,X_i,69.816,21.526,3.243,49.367,0.002
ran_pars,subj_id,sd__(Intercept),104.47,NA,NA,NA,NA
ran_pars,subj_id,cor__(Intercept).X_i,0.102,NA,NA,NA,NA
ran_pars,subj_id,sd__X_i,26.973,NA,NA,NA,NA
ran_pars,item_id,sd__(Intercept),72.822,NA,NA,NA,NA
ran_pars,Residual,sd__Observation,199.494,NA,NA,NA,NA
fixed,NA,(Intercept),816.621,12.813,63.733,113.064,0
fixed,NA,X_i,19.589,19.256,1.017,49.685,0.314
ran_pars,subj_id,sd__(Intercept),85.626,NA,NA,NA,NA
ran_pars,subj_id,cor__(Intercept).X_i,-0.144,NA,NA,NA,NA
ran_pars,subj_id,sd__X_i,27.087,NA,NA,NA,NA
ran_pars,item_id,sd__(Intercept),64.459,NA,NA,NA,NA
ran_pars,Residual,sd__Observation,196.997,NA,NA,NA,NA
fixed,NA,(Intercept),803.948,16.204,49.613,101.207,0
fixed,NA,X_i,22.312,26.043,0.857,50.338,0.396
ran_pars,subj_id,sd__(Intercept),98.605,NA,NA,NA,NA
ran_pars,subj_id,cor__(Intercept).X_i,0.219,NA,NA,NA,NA
ran_pars,subj_id,sd__X_i,40.996,NA,NA,NA,NA
ran_pars,item_id,sd__(Intercept),88.729,NA,NA,NA,NA
ran_pars,Residual,sd__Observation,198.704,NA,NA,NA,NA
fixed,NA,(Intercept),829.692,14.423,57.526,114.447,0
fixed,NA,X_i,35.058,21.857,1.604,51.864,0.115
ran_pars,subj_id,sd__(Intercept),96.698,NA,NA,NA,NA
ran_pars,subj_id,cor__(Intercept).X_i,0.073,NA,NA,NA,NA
ran_pars,subj_id,sd__X_i,44.317,NA,NA,NA,NA
ran_pars,item_id,sd__(Intercept),72.843,NA,NA,NA,NA
ran_pars,Residual,sd__Observation,204.91,NA,NA,NA,NA
fixed,NA,(Intercept),806.485,14.955,53.928,110.938,0
fixed,NA,X_i,4.589,22.856,0.201,49.502,0.842
ran_pars,subj_id,sd__(Intercept),97.594,NA,NA,NA,NA
ran_pars,subj_id,cor__(Intercept).X_i,0.449,NA,NA,NA,NA
ran_pars,subj_id,sd__X_i,29.605,NA,NA,NA,NA
ran_pars,item_id,sd__(Intercept),77.639,NA,NA,NA,NA
ran_pars,Residual,sd__Observation,198.099,NA,NA,NA,NA
fixed,NA,(Intercept),803.285,14.565,55.151,111.815,0
fixed,NA,X_i,25.361,22.209,1.142,50.145,0.259
ran_pars,subj_id,sd__(Intercept),95.783,NA,NA,NA,NA
ran_pars,subj_id,cor__(Intercept).X_i,0.28,NA,NA,NA,NA
ran_pars,subj_id,sd__X_i,34.077,NA,NA,NA,NA
ran_pars,item_id,sd__(Intercept),74.969,NA,NA,NA,NA
ran_pars,Residual,sd__Observation,199.991,NA,NA,NA,NA
fixed,NA,(Intercept),822.698,14.831,55.472,101.556,0
fixed,NA,X_i,31.714,23.947,1.324,51.921,0.191
ran_pars,subj_id,sd__(Intercept),90.798,NA,NA,NA,NA
ran_pars,subj_id,cor__(Intercept).X_i,0.293,NA,NA,NA,NA
ran_pars,subj_id,sd__X_i,48.386,NA,NA,NA,NA
ran_pars,item_id,sd__(Intercept),80.504,NA,NA,NA,NA
ran_pars,Residual,sd__Observation,198.715,NA,NA,NA,NA
fixed,NA,(Intercept),798.204,14.382,55.502,116.87,0
fixed,NA,X_i,58.312,21.222,2.748,49.048,0.008
ran_pars,subj_id,sd__(Intercept),97.797,NA,NA,NA,NA
ran_pars,subj_id,cor__(Intercept).X_i,0.481,NA,NA,NA,NA
ran_pars,subj_id,sd__X_i,23.69,NA,NA,NA,NA
ran_pars,item_id,sd__(Intercept),71.832,NA,NA,NA,NA
ran_pars,Residual,sd__Observation,199.844,NA,NA,NA,NA
fixed,NA,(Intercept),812.981,15.626,52.028,105.803,0
fixed,NA,X_i,26.872,24.699,1.088,51.181,0.282
ran_pars,subj_id,sd__(Intercept),98.363,NA,NA,NA,NA
ran_pars,subj_id,cor__(Intercept).X_i,0.129,NA,NA,NA,NA
ran_pars,subj_id,sd__X_i,45.16,NA,NA,NA,NA
ran_pars,item_id,sd__(Intercept),83.507,NA,NA,NA,NA
ran_pars,Residual,sd__Observation,199.334,NA,NA,NA,NA
fixed,NA,(Intercept),834.53,15.001,55.63,119.558,0
fixed,NA,X_i,78.882,22.256,3.544,52.503,0.001
ran_pars,subj_id,sd__(Intercept),103.454,NA,NA,NA,NA
ran_pars,subj_id,cor__(Intercept).X_i,0.172,NA,NA,NA,NA
ran_pars,subj_id,sd__X_i,48.231,NA,NA,NA,NA
ran_pars,item_id,sd__(Intercept),74.2,NA,NA,NA,NA
ran_pars,Residual,sd__Observation,198.799,NA,NA,NA,NA
fixed,NA,(Intercept),799.842,15.375,52.022,111.57,0
fixed,NA,X_i,40.587,23.544,1.724,50.27,0.091
ran_pars,subj_id,sd__(Intercept),100.602,NA,NA,NA,NA
ran_pars,subj_id,cor__(Intercept).X_i,0.232,NA,NA,NA,NA
ran_pars,subj_id,sd__X_i,36.84,NA,NA,NA,NA
ran_pars,item_id,sd__(Intercept),79.795,NA,NA,NA,NA
ran_pars,Residual,sd__Observation,198.024,NA,NA,NA,NA
fixed,NA,(Intercept),792.691,14.285,55.49,108.234,0
fixed,NA,X_i,72.439,22.108,3.277,49.806,0.002
ran_pars,subj_id,sd__(Intercept),91.834,NA,NA,NA,NA
ran_pars,subj_id,cor__(Intercept).X_i,0.167,NA,NA,NA,NA
ran_pars,subj_id,sd__X_i,31.354,NA,NA,NA,NA
ran_pars,item_id,sd__(Intercept),74.749,NA,NA,NA,NA
ran_pars,Residual,sd__Observation,199.792,NA,NA,NA,NA
fixed,NA,(Intercept),823.768,15.17,54.301,111.679,0
fixed,NA,X_i,48.695,23.191,2.1,50.312,0.041
ran_pars,subj_id,sd__(Intercept),99.532,NA,NA,NA,NA
ran_pars,subj_id,cor__(Intercept).X_i,0.24,NA,NA,NA,NA
ran_pars,subj_id,sd__X_i,36.76,NA,NA,NA,NA
ran_pars,item_id,sd__(Intercept),78.368,NA,NA,NA,NA
ran_pars,Residual,sd__Observation,203.008,NA,NA,NA,NA
fixed,NA,(Intercept),795.81,16.556,48.068,104.606,0
fixed,NA,X_i,57.801,26.098,2.215,49.455,0.031
ran_pars,subj_id,sd__(Intercept),103.205,NA,NA,NA,NA
ran_pars,subj_id,cor__(Intercept).X_i,0.321,NA,NA,NA,NA
ran_pars,subj_id,sd__X_i,32.863,NA,NA,NA,NA
ran_pars,item_id,sd__(Intercept),89.249,NA,NA,NA,NA
ran_pars,Residual,sd__Observation,203.421,NA,NA,NA,NA
fixed,NA,(Intercept),795.411,14.628,54.376,118.96,0
fixed,NA,X_i,86.495,21.333,4.055,48.883,0
ran_pars,subj_id,sd__(Intercept),100.711,NA,NA,NA,NA
ran_pars,subj_id,cor__(Intercept).X_i,0.854,NA,NA,NA,NA
ran_pars,subj_id,sd__X_i,22.056,NA,NA,NA,NA
ran_pars,item_id,sd__(Intercept),72.301,NA,NA,NA,NA
ran_pars,Residual,sd__Observation,200.057,NA,NA,NA,NA
fixed,NA,(Intercept),813.261,15.013,54.171,125.291,0
fixed,NA,X_i,51.434,21.358,2.408,51.266,0.02
ran_pars,subj_id,sd__(Intercept),107.403,NA,NA,NA,NA
ran_pars,subj_id,cor__(Intercept).X_i,0.33,NA,NA,NA,NA
ran_pars,subj_id,sd__X_i,40.021,NA,NA,NA,NA
ran_pars,item_id,sd__(Intercept),71.498,NA,NA,NA,NA
ran_pars,Residual,sd__Observation,197.445,NA,NA,NA,NA
fixed,NA,(Intercept),792.138,14.288,55.44,110.25,0
fixed,NA,X_i,36.474,22.037,1.655,50.957,0.104
ran_pars,subj_id,sd__(Intercept),93.068,NA,NA,NA,NA
ran_pars,subj_id,cor__(Intercept).X_i,-0.018,NA,NA,NA,NA
ran_pars,subj_id,sd__X_i,39.316,NA,NA,NA,NA
ran_pars,item_id,sd__(Intercept),74.047,NA,NA,NA,NA
ran_pars,Residual,sd__Observation,198.493,NA,NA,NA,NA
fixed,NA,(Intercept),795.974,15.765,50.488,115.5,0
fixed,NA,X_i,35.017,24.009,1.458,52.936,0.151
ran_pars,subj_id,sd__(Intercept),105.7,NA,NA,NA,NA
ran_pars,subj_id,cor__(Intercept).X_i,0.225,NA,NA,NA,NA
ran_pars,subj_id,sd__X_i,53.984,NA,NA,NA,NA
ran_pars,item_id,sd__(Intercept),80.238,NA,NA,NA,NA
ran_pars,Residual,sd__Observation,200.752,NA,NA,NA,NA
fixed,NA,(Intercept),812.605,15.745,51.61,107.277,0
fixed,NA,X_i,52.809,24.634,2.144,50.512,0.037
ran_pars,subj_id,sd__(Intercept),100.132,NA,NA,NA,NA
ran_pars,subj_id,cor__(Intercept).X_i,0.362,NA,NA,NA,NA
ran_pars,subj_id,sd__X_i,40.337,NA,NA,NA,NA
ran_pars,item_id,sd__(Intercept),83.514,NA,NA,NA,NA
ran_pars,Residual,sd__Observation,201.937,NA,NA,NA,NA
fixed,NA,(Intercept),782.355,14.835,52.736,104.471,0
fixed,NA,X_i,25.233,23.559,1.071,51.227,0.289
ran_pars,subj_id,sd__(Intercept),92.774,NA,NA,NA,NA
ran_pars,subj_id,cor__(Intercept).X_i,-0.056,NA,NA,NA,NA
ran_pars,subj_id,sd__X_i,43.543,NA,NA,NA,NA
ran_pars,item_id,sd__(Intercept),79.366,NA,NA,NA,NA
ran_pars,Residual,sd__Observation,200.472,NA,NA,NA,NA
fixed,NA,(Intercept),821.728,17.396,47.237,118.231,0
fixed,NA,X_i,41.579,26.108,1.593,52.11,0.117
ran_pars,subj_id,sd__(Intercept),118.073,NA,NA,NA,NA
ran_pars,subj_id,cor__(Intercept).X_i,0.463,NA,NA,NA,NA
ran_pars,subj_id,sd__X_i,53.671,NA,NA,NA,NA
ran_pars,item_id,sd__(Intercept),88.074,NA,NA,NA,NA
ran_pars,Residual,sd__Observation,200.752,NA,NA,NA,NA
fixed,NA,(Intercept),787.614,17.09,46.088,101.713,0
fixed,NA,X_i,64.416,27.522,2.341,50.996,0.023
ran_pars,subj_id,sd__(Intercept),104.208,NA,NA,NA,NA
ran_pars,subj_id,cor__(Intercept).X_i,0.235,NA,NA,NA,NA
ran_pars,subj_id,sd__X_i,48.6,NA,NA,NA,NA
ran_pars,item_id,sd__(Intercept),93.657,NA,NA,NA,NA
ran_pars,Residual,sd__Observation,200.332,NA,NA,NA,NA
fixed,NA,(Intercept),790.626,17.638,44.824,92.749,0
fixed,NA,X_i,88.66,29.244,3.032,49.363,0.004
ran_pars,subj_id,sd__(Intercept),100.214,NA,NA,NA,NA
ran_pars,subj_id,cor__(Intercept).X_i,-0.101,NA,NA,NA,NA
ran_pars,subj_id,sd__X_i,35.324,NA,NA,NA,NA
ran_pars,item_id,sd__(Intercept),100.665,NA,NA,NA,NA
ran_pars,Residual,sd__Observation,200.178,NA,NA,NA,NA
fixed,NA,(Intercept),805.11,15.698,51.287,106.868,0
fixed,NA,X_i,44.632,24.717,1.806,51.356,0.077
ran_pars,subj_id,sd__(Intercept),99.536,NA,NA,NA,NA
ran_pars,subj_id,cor__(Intercept).X_i,0.238,NA,NA,NA,NA
ran_pars,subj_id,sd__X_i,46.362,NA,NA,NA,NA
ran_pars,item_id,sd__(Intercept),83.465,NA,NA,NA,NA
ran_pars,Residual,sd__Observation,200.327,NA,NA,NA,NA
fixed,NA,(Intercept),815.066,14.537,56.068,114.627,0
fixed,NA,X_i,69.857,21.826,3.201,50.171,0.002
ran_pars,subj_id,sd__(Intercept),97.524,NA,NA,NA,NA
ran_pars,subj_id,cor__(Intercept).X_i,0.421,NA,NA,NA,NA
ran_pars,subj_id,sd__X_i,33.911,NA,NA,NA,NA
ran_pars,item_id,sd__(Intercept),73.429,NA,NA,NA,NA
ran_pars,Residual,sd__Observation,204.718,NA,NA,NA,NA
fixed,NA,(Intercept),787.713,14.968,52.627,104.003,0
fixed,NA,X_i,60.348,24.11,2.503,53.574,0.015
ran_pars,subj_id,sd__(Intercept),93.255,NA,NA,NA,NA
ran_pars,subj_id,cor__(Intercept).X_i,-0.104,NA,NA,NA,NA
ran_pars,subj_id,sd__X_i,57.443,NA,NA,NA,NA
ran_pars,item_id,sd__(Intercept),80.337,NA,NA,NA,NA
ran_pars,Residual,sd__Observation,199.876,NA,NA,NA,NA
fixed,NA,(Intercept),824.14,15.39,53.55,101.698,0
fixed,NA,X_i,56.67,24.682,2.296,50.59,0.026
ran_pars,subj_id,sd__(Intercept),94.208,NA,NA,NA,NA
ran_pars,subj_id,cor__(Intercept).X_i,-0.176,NA,NA,NA,NA
ran_pars,subj_id,sd__X_i,40.977,NA,NA,NA,NA
ran_pars,item_id,sd__(Intercept),83.685,NA,NA,NA,NA
ran_pars,Residual,sd__Observation,200.554,NA,NA,NA,NA
fixed,NA,(Intercept),794.062,15.106,52.566,104.768,0
fixed,NA,X_i,66.587,23.81,2.797,50.01,0.007
ran_pars,subj_id,sd__(Intercept),94.642,NA,NA,NA,NA
ran_pars,subj_id,cor__(Intercept).X_i,0.123,NA,NA,NA,NA
ran_pars,subj_id,sd__X_i,35.243,NA,NA,NA,NA
ran_pars,item_id,sd__(Intercept),80.734,NA,NA,NA,NA
ran_pars,Residual,sd__Observation,203.238,NA,NA,NA,NA
fixed,NA,(Intercept),805.267,14.911,54.003,118.144,0
fixed,NA,X_i,88.777,22.291,3.983,52.266,0
ran_pars,subj_id,sd__(Intercept),101.808,NA,NA,NA,NA
ran_pars,subj_id,cor__(Intercept).X_i,-0.098,NA,NA,NA,NA
ran_pars,subj_id,sd__X_i,46.995,NA,NA,NA,NA
ran_pars,item_id,sd__(Intercept),74.538,NA,NA,NA,NA
ran_pars,Residual,sd__Observation,194.719,NA,NA,NA,NA
fixed,NA,(Intercept),820.131,14.328,57.239,121.246,0
fixed,NA,X_i,74.15,21.066,3.52,53.526,0.001
ran_pars,subj_id,sd__(Intercept),100.366,NA,NA,NA,NA
ran_pars,subj_id,cor__(Intercept).X_i,0.093,NA,NA,NA,NA
ran_pars,subj_id,sd__X_i,50.518,NA,NA,NA,NA
ran_pars,item_id,sd__(Intercept),69.423,NA,NA,NA,NA
ran_pars,Residual,sd__Observation,202.12,NA,NA,NA,NA
fixed,NA,(Intercept),783.753,14.668,53.432,119.28,0
fixed,NA,X_i,30.135,21.399,1.408,49.261,0.165
ran_pars,subj_id,sd__(Intercept),101.174,NA,NA,NA,NA
ran_pars,subj_id,cor__(Intercept).X_i,0.227,NA,NA,NA,NA
ran_pars,subj_id,sd__X_i,25.914,NA,NA,NA,NA
ran_pars,item_id,sd__(Intercept),72.388,NA,NA,NA,NA
ran_pars,Residual,sd__Observation,199.976,NA,NA,NA,NA
fixed,NA,(Intercept),792.906,14.666,54.064,90.945,0
fixed,NA,X_i,70.006,24.516,2.855,49.994,0.006
ran_pars,subj_id,sd__(Intercept),82.5,NA,NA,NA,NA
ran_pars,subj_id,cor__(Intercept).X_i,0.5,NA,NA,NA,NA
ran_pars,subj_id,sd__X_i,35.969,NA,NA,NA,NA
ran_pars,item_id,sd__(Intercept),83.398,NA,NA,NA,NA
ran_pars,Residual,sd__Observation,199.054,NA,NA,NA,NA
fixed,NA,(Intercept),811.406,14.261,56.896,121.445,0
fixed,NA,X_i,76.753,20.54,3.737,49.901,0
ran_pars,subj_id,sd__(Intercept),100.105,NA,NA,NA,NA
ran_pars,subj_id,cor__(Intercept).X_i,0.135,NA,NA,NA,NA
ran_pars,subj_id,sd__X_i,30.326,NA,NA,NA,NA
ran_pars,item_id,sd__(Intercept),68.897,NA,NA,NA,NA
ran_pars,Residual,sd__Observation,202.927,NA,NA,NA,NA
fixed,NA,(Intercept),833.013,15.365,54.215,110.394,0
fixed,NA,X_i,46.666,23.711,1.968,50.853,0.055
ran_pars,subj_id,sd__(Intercept),99.903,NA,NA,NA,NA
ran_pars,subj_id,cor__(Intercept).X_i,0.178,NA,NA,NA,NA
ran_pars,subj_id,sd__X_i,41.371,NA,NA,NA,NA
ran_pars,item_id,sd__(Intercept),80.001,NA,NA,NA,NA
ran_pars,Residual,sd__Observation,203.34,NA,NA,NA,NA
fixed,NA,(Intercept),835.573,15.774,52.972,94.019,0
fixed,NA,X_i,27.426,26.032,1.054,49.679,0.297
ran_pars,subj_id,sd__(Intercept),90.809,NA,NA,NA,NA
ran_pars,subj_id,cor__(Intercept).X_i,0.232,NA,NA,NA,NA
ran_pars,subj_id,sd__X_i,34.973,NA,NA,NA,NA
ran_pars,item_id,sd__(Intercept),89.096,NA,NA,NA,NA
ran_pars,Residual,sd__Observation,194.832,NA,NA,NA,NA
fixed,NA,(Intercept),769.84,16.682,46.149,105.081,0
fixed,NA,X_i,97.277,26.432,3.68,50.761,0.001
ran_pars,subj_id,sd__(Intercept),104.256,NA,NA,NA,NA
ran_pars,subj_id,cor__(Intercept).X_i,0.27,NA,NA,NA,NA
ran_pars,subj_id,sd__X_i,45.07,NA,NA,NA,NA
ran_pars,item_id,sd__(Intercept),89.867,NA,NA,NA,NA
ran_pars,Residual,sd__Observation,200.787,NA,NA,NA,NA
fixed,NA,(Intercept),776.76,13.663,56.852,107.942,0
fixed,NA,X_i,71.111,21.341,3.332,51.631,0.002
ran_pars,subj_id,sd__(Intercept),87.883,NA,NA,NA,NA
ran_pars,subj_id,cor__(Intercept).X_i,0.343,NA,NA,NA,NA
ran_pars,subj_id,sd__X_i,42.028,NA,NA,NA,NA
ran_pars,item_id,sd__(Intercept),71.233,NA,NA,NA,NA
ran_pars,Residual,sd__Observation,199.451,NA,NA,NA,NA
fixed,NA,(Intercept),789.734,14.604,54.077,118.991,0
fixed,NA,X_i,70.724,21.414,3.303,50.096,0.002
ran_pars,subj_id,sd__(Intercept),100.659,NA,NA,NA,NA
ran_pars,subj_id,cor__(Intercept).X_i,0.521,NA,NA,NA,NA
ran_pars,subj_id,sd__X_i,32.783,NA,NA,NA,NA
ran_pars,item_id,sd__(Intercept),72.034,NA,NA,NA,NA
ran_pars,Residual,sd__Observation,202.187,NA,NA,NA,NA
fixed,NA,(Intercept),788.934,14.825,53.216,109.656,0
fixed,NA,X_i,22.598,22.669,0.997,48.612,0.324
ran_pars,subj_id,sd__(Intercept),96.062,NA,NA,NA,NA
ran_pars,subj_id,cor__(Intercept).X_i,0.112,NA,NA,NA,NA
ran_pars,subj_id,sd__X_i,19.7,NA,NA,NA,NA
ran_pars,item_id,sd__(Intercept),77.261,NA,NA,NA,NA
ran_pars,Residual,sd__Observation,201.452,NA,NA,NA,NA
fixed,NA,(Intercept),804.693,13.995,57.498,93.572,0
fixed,NA,X_i,37.967,23.065,1.646,49.591,0.106
ran_pars,subj_id,sd__(Intercept),80.758,NA,NA,NA,NA
ran_pars,subj_id,cor__(Intercept).X_i,0.108,NA,NA,NA,NA
ran_pars,subj_id,sd__X_i,30.711,NA,NA,NA,NA
ran_pars,item_id,sd__(Intercept),78.258,NA,NA,NA,NA
ran_pars,Residual,sd__Observation,201.989,NA,NA,NA,NA
fixed,NA,(Intercept),806.954,18.391,43.879,106.579,0
fixed,NA,X_i,57.154,28.735,1.989,48.956,0.052
ran_pars,subj_id,sd__(Intercept),115.72,NA,NA,NA,NA
ran_pars,subj_id,cor__(Intercept).X_i,0.599,NA,NA,NA,NA
ran_pars,subj_id,sd__X_i,29.185,NA,NA,NA,NA
ran_pars,item_id,sd__(Intercept),99.031,NA,NA,NA,NA
ran_pars,Residual,sd__Observation,201.954,NA,NA,NA,NA
fixed,NA,(Intercept),800.131,15.83,50.546,102.63,0
fixed,NA,X_i,25.824,25.319,1.02,50.719,0.313
ran_pars,subj_id,sd__(Intercept),97.432,NA,NA,NA,NA
ran_pars,subj_id,cor__(Intercept).X_i,-0.141,NA,NA,NA,NA
ran_pars,subj_id,sd__X_i,42.943,NA,NA,NA,NA
ran_pars,item_id,sd__(Intercept),85.918,NA,NA,NA,NA
ran_pars,Residual,sd__Observation,200.209,NA,NA,NA,NA
fixed,NA,(Intercept),801.936,15.181,52.824,111.744,0
fixed,NA,X_i,33.332,23.211,1.436,50.28,0.157
ran_pars,subj_id,sd__(Intercept),99.557,NA,NA,NA,NA
ran_pars,subj_id,cor__(Intercept).X_i,0.096,NA,NA,NA,NA
ran_pars,subj_id,sd__X_i,36.497,NA,NA,NA,NA
ran_pars,item_id,sd__(Intercept),78.542,NA,NA,NA,NA
ran_pars,Residual,sd__Observation,199.766,NA,NA,NA,NA
fixed,NA,(Intercept),801.404,13.985,57.303,126.443,0
fixed,NA,X_i,-3.832,19.858,-0.193,54.039,0.848
ran_pars,subj_id,sd__(Intercept),101.587,NA,NA,NA,NA
ran_pars,subj_id,cor__(Intercept).X_i,0.357,NA,NA,NA,NA
ran_pars,subj_id,sd__X_i,49.767,NA,NA,NA,NA
ran_pars,item_id,sd__(Intercept),64.989,NA,NA,NA,NA
ran_pars,Residual,sd__Observation,198.989,NA,NA,NA,NA
fixed,NA,(Intercept),812.81,14.972,54.289,127.346,0
fixed,NA,X_i,49.88,20.895,2.387,50.959,0.021
ran_pars,subj_id,sd__(Intercept),108.874,NA,NA,NA,NA
ran_pars,subj_id,cor__(Intercept).X_i,0.06,NA,NA,NA,NA
ran_pars,subj_id,sd__X_i,37.582,NA,NA,NA,NA
ran_pars,item_id,sd__(Intercept),69.808,NA,NA,NA,NA
ran_pars,Residual,sd__Observation,201.932,NA,NA,NA,NA
fixed,NA,(Intercept),797.005,14.846,53.684,111.721,0
fixed,NA,X_i,54.257,22.849,2.375,51.501,0.021
ran_pars,subj_id,sd__(Intercept),97.314,NA,NA,NA,NA
ran_pars,subj_id,cor__(Intercept).X_i,0.074,NA,NA,NA,NA
ran_pars,subj_id,sd__X_i,43.869,NA,NA,NA,NA
ran_pars,item_id,sd__(Intercept),76.865,NA,NA,NA,NA
ran_pars,Residual,sd__Observation,194.237,NA,NA,NA,NA
fixed,NA,(Intercept),787.041,16.061,49.004,117.98,0
fixed,NA,X_i,75.03,23.94,3.134,51.059,0.003
ran_pars,subj_id,sd__(Intercept),109.225,NA,NA,NA,NA
ran_pars,subj_id,cor__(Intercept).X_i,0.404,NA,NA,NA,NA
ran_pars,subj_id,sd__X_i,43.074,NA,NA,NA,NA
ran_pars,item_id,sd__(Intercept),80.849,NA,NA,NA,NA
ran_pars,Residual,sd__Observation,198.908,NA,NA,NA,NA
fixed,NA,(Intercept),806.946,14.721,54.816,107.21,0
fixed,NA,X_i,33.988,23.134,1.469,51.623,0.148
ran_pars,subj_id,sd__(Intercept),93.815,NA,NA,NA,NA
ran_pars,subj_id,cor__(Intercept).X_i,0.304,NA,NA,NA,NA
ran_pars,subj_id,sd__X_i,45.177,NA,NA,NA,NA
ran_pars,item_id,sd__(Intercept),77.706,NA,NA,NA,NA
ran_pars,Residual,sd__Observation,199.125,NA,NA,NA,NA
fixed,NA,(Intercept),803.814,16.274,49.392,92.352,0
fixed,NA,X_i,65.5,27.258,2.403,51.185,0.02
ran_pars,subj_id,sd__(Intercept),92.318,NA,NA,NA,NA
ran_pars,subj_id,cor__(Intercept).X_i,0.056,NA,NA,NA,NA
ran_pars,subj_id,sd__X_i,49.515,NA,NA,NA,NA
ran_pars,item_id,sd__(Intercept),92.689,NA,NA,NA,NA
ran_pars,Residual,sd__Observation,197.406,NA,NA,NA,NA
fixed,NA,(Intercept),814.517,13.617,59.817,124.863,0
fixed,NA,X_i,70.087,19.502,3.594,54.269,0.001
ran_pars,subj_id,sd__(Intercept),98.268,NA,NA,NA,NA
ran_pars,subj_id,cor__(Intercept).X_i,0.245,NA,NA,NA,NA
ran_pars,subj_id,sd__X_i,49.916,NA,NA,NA,NA
ran_pars,item_id,sd__(Intercept),63.503,NA,NA,NA,NA
ran_pars,Residual,sd__Observation,202.432,NA,NA,NA,NA
fixed,NA,(Intercept),803.255,15.229,52.746,95.283,0
fixed,NA,X_i,41.705,25.237,1.653,51.75,0.104
ran_pars,subj_id,sd__(Intercept),88.824,NA,NA,NA,NA
ran_pars,subj_id,cor__(Intercept).X_i,0.233,NA,NA,NA,NA
ran_pars,subj_id,sd__X_i,49.829,NA,NA,NA,NA
ran_pars,item_id,sd__(Intercept),85.084,NA,NA,NA,NA
ran_pars,Residual,sd__Observation,202.833,NA,NA,NA,NA
fixed,NA,(Intercept),791.476,14.04,56.374,128.792,0
fixed,NA,X_i,50.124,19.448,2.577,53.423,0.013
ran_pars,subj_id,sd__(Intercept),103.917,NA,NA,NA,NA
ran_pars,subj_id,cor__(Intercept).X_i,0.435,NA,NA,NA,NA
ran_pars,subj_id,sd__X_i,46.614,NA,NA,NA,NA
ran_pars,item_id,sd__(Intercept),63.645,NA,NA,NA,NA
ran_pars,Residual,sd__Observation,201.44,NA,NA,NA,NA
fixed,NA,(Intercept),791.775,16.742,47.292,107.619,0
fixed,NA,X_i,38.091,26.284,1.449,51.146,0.153
ran_pars,subj_id,sd__(Intercept),106.423,NA,NA,NA,NA
ran_pars,subj_id,cor__(Intercept).X_i,0.353,NA,NA,NA,NA
ran_pars,subj_id,sd__X_i,47.62,NA,NA,NA,NA
ran_pars,item_id,sd__(Intercept),89.148,NA,NA,NA,NA
ran_pars,Residual,sd__Observation,201.2,NA,NA,NA,NA
fixed,NA,(Intercept),803.205,14.546,55.217,106.228,0
fixed,NA,X_i,41.825,22.776,1.836,50.2,0.072
ran_pars,subj_id,sd__(Intercept),92.212,NA,NA,NA,NA
ran_pars,subj_id,cor__(Intercept).X_i,0.243,NA,NA,NA,NA
ran_pars,subj_id,sd__X_i,35.307,NA,NA,NA,NA
ran_pars,item_id,sd__(Intercept),76.937,NA,NA,NA,NA
ran_pars,Residual,sd__Observation,202.242,NA,NA,NA,NA
fixed,NA,(Intercept),824.64,13.399,61.547,120.478,0
fixed,NA,X_i,56.985,19.415,2.935,50.873,0.005
ran_pars,subj_id,sd__(Intercept),93.982,NA,NA,NA,NA
ran_pars,subj_id,cor__(Intercept).X_i,-0.082,NA,NA,NA,NA
ran_pars,subj_id,sd__X_i,34.882,NA,NA,NA,NA
ran_pars,item_id,sd__(Intercept),64.397,NA,NA,NA,NA
ran_pars,Residual,sd__Observation,203.166,NA,NA,NA,NA
fixed,NA,(Intercept),809.857,13.87,58.39,125.304,0
fixed,NA,X_i,86.223,19.635,4.391,51.953,0
ran_pars,subj_id,sd__(Intercept),100.058,NA,NA,NA,NA
ran_pars,subj_id,cor__(Intercept).X_i,0.183,NA,NA,NA,NA
ran_pars,subj_id,sd__X_i,40.628,NA,NA,NA,NA
ran_pars,item_id,sd__(Intercept),64.918,NA,NA,NA,NA
ran_pars,Residual,sd__Observation,199.591,NA,NA,NA,NA
fixed,NA,(Intercept),813.918,17.2,47.321,89.674,0
fixed,NA,X_i,-10.254,28.788,-0.356,48.85,0.723
ran_pars,subj_id,sd__(Intercept),95.17,NA,NA,NA,NA
ran_pars,subj_id,cor__(Intercept).X_i,0.151,NA,NA,NA,NA
ran_pars,subj_id,sd__X_i,27.767,NA,NA,NA,NA
ran_pars,item_id,sd__(Intercept),99.305,NA,NA,NA,NA
ran_pars,Residual,sd__Observation,200.382,NA,NA,NA,NA
fixed,NA,(Intercept),789.105,14.644,53.887,99.418,0
fixed,NA,X_i,82.646,23.675,3.491,50.433,0.001
ran_pars,subj_id,sd__(Intercept),88.299,NA,NA,NA,NA
ran_pars,subj_id,cor__(Intercept).X_i,0.35,NA,NA,NA,NA
ran_pars,subj_id,sd__X_i,38.254,NA,NA,NA,NA
ran_pars,item_id,sd__(Intercept),80.166,NA,NA,NA,NA
ran_pars,Residual,sd__Observation,199.199,NA,NA,NA,NA
fixed,NA,(Intercept),798.297,16.147,49.438,115.534,0
fixed,NA,X_i,51.885,24.172,2.146,49.264,0.037
ran_pars,subj_id,sd__(Intercept),108.033,NA,NA,NA,NA
ran_pars,subj_id,cor__(Intercept).X_i,-0.113,NA,NA,NA,NA
ran_pars,subj_id,sd__X_i,28.644,NA,NA,NA,NA
ran_pars,item_id,sd__(Intercept),82.573,NA,NA,NA,NA
ran_pars,Residual,sd__Observation,195.692,NA,NA,NA,NA
fixed,NA,(Intercept),817.627,15.877,51.497,106.209,0
fixed,NA,X_i,10.737,24.991,0.43,50.733,0.669
ran_pars,subj_id,sd__(Intercept),100.238,NA,NA,NA,NA
ran_pars,subj_id,cor__(Intercept).X_i,0.197,NA,NA,NA,NA
ran_pars,subj_id,sd__X_i,42.547,NA,NA,NA,NA
ran_pars,item_id,sd__(Intercept),84.657,NA,NA,NA,NA
ran_pars,Residual,sd__Observation,203.365,NA,NA,NA,NA
fixed,NA,(Intercept),806.55,14.738,54.727,130.583,0
fixed,NA,X_i,32.763,20.001,1.638,51.348,0.108
ran_pars,subj_id,sd__(Intercept),109.935,NA,NA,NA,NA
ran_pars,subj_id,cor__(Intercept).X_i,0.299,NA,NA,NA,NA
ran_pars,subj_id,sd__X_i,38.314,NA,NA,NA,NA
ran_pars,item_id,sd__(Intercept),66.44,NA,NA,NA,NA
ran_pars,Residual,sd__Observation,200.686,NA,NA,NA,NA
fixed,NA,(Intercept),807.615,14.772,54.672,110.872,0
fixed,NA,X_i,60.809,22.736,2.675,50.87,0.01
ran_pars,subj_id,sd__(Intercept),96.411,NA,NA,NA,NA
ran_pars,subj_id,cor__(Intercept).X_i,0.328,NA,NA,NA,NA
ran_pars,subj_id,sd__X_i,39.845,NA,NA,NA,NA
ran_pars,item_id,sd__(Intercept),76.626,NA,NA,NA,NA
ran_pars,Residual,sd__Observation,197.823,NA,NA,NA,NA
fixed,NA,(Intercept),819.113,14.729,55.611,106.196,0
fixed,NA,X_i,71.946,23.291,3.089,51.924,0.003
ran_pars,subj_id,sd__(Intercept),93.217,NA,NA,NA,NA
ran_pars,subj_id,cor__(Intercept).X_i,0.253,NA,NA,NA,NA
ran_pars,subj_id,sd__X_i,47.17,NA,NA,NA,NA
ran_pars,item_id,sd__(Intercept),78.144,NA,NA,NA,NA
ran_pars,Residual,sd__Observation,199.143,NA,NA,NA,NA
fixed,NA,(Intercept),766.411,14.323,53.509,99.112,0
fixed,NA,X_i,-8.399,23.323,-0.36,51.713,0.72
ran_pars,subj_id,sd__(Intercept),86.296,NA,NA,NA,NA
ran_pars,subj_id,cor__(Intercept).X_i,-0.101,NA,NA,NA,NA
ran_pars,subj_id,sd__X_i,46.076,NA,NA,NA,NA
ran_pars,item_id,sd__(Intercept),78.292,NA,NA,NA,NA
ran_pars,Residual,sd__Observation,201.099,NA,NA,NA,NA
fixed,NA,(Intercept),803.046,14.137,56.804,119.7,0
fixed,NA,X_i,48.911,20.402,2.397,48.179,0.02
ran_pars,subj_id,sd__(Intercept),98.064,NA,NA,NA,NA
ran_pars,subj_id,cor__(Intercept).X_i,-0.106,NA,NA,NA,NA
ran_pars,subj_id,sd__X_i,12.026,NA,NA,NA,NA
ran_pars,item_id,sd__(Intercept),69.16,NA,NA,NA,NA
ran_pars,Residual,sd__Observation,200.407,NA,NA,NA,NA
fixed,NA,(Intercept),775.767,13.754,56.403,116.504,0
fixed,NA,X_i,81.33,20.416,3.984,50.139,0
ran_pars,subj_id,sd__(Intercept),93.526,NA,NA,NA,NA
ran_pars,subj_id,cor__(Intercept).X_i,-0.331,NA,NA,NA,NA
ran_pars,subj_id,sd__X_i,31.62,NA,NA,NA,NA
ran_pars,item_id,sd__(Intercept),68.521,NA,NA,NA,NA
ran_pars,Residual,sd__Observation,197.506,NA,NA,NA,NA
fixed,NA,(Intercept),805.933,15.782,51.066,115.815,0
fixed,NA,X_i,57.683,23.659,2.438,50.146,0.018
ran_pars,subj_id,sd__(Intercept),106.014,NA,NA,NA,NA
ran_pars,subj_id,cor__(Intercept).X_i,0.12,NA,NA,NA,NA
ran_pars,subj_id,sd__X_i,36.057,NA,NA,NA,NA
ran_pars,item_id,sd__(Intercept),80.21,NA,NA,NA,NA
ran_pars,Residual,sd__Observation,200.162,NA,NA,NA,NA
fixed,NA,(Intercept),812.692,15.752,51.593,103.367,0
fixed,NA,X_i,65.301,24.979,2.614,49.699,0.012
ran_pars,subj_id,sd__(Intercept),97.474,NA,NA,NA,NA
ran_pars,subj_id,cor__(Intercept).X_i,0.023,NA,NA,NA,NA
ran_pars,subj_id,sd__X_i,33.883,NA,NA,NA,NA
ran_pars,item_id,sd__(Intercept),85.172,NA,NA,NA,NA
ran_pars,Residual,sd__Observation,200.382,NA,NA,NA,NA
fixed,NA,(Intercept),800.411,15.339,52.181,108.435,0
fixed,NA,X_i,59.622,24.037,2.48,51.877,0.016
ran_pars,subj_id,sd__(Intercept),98.32,NA,NA,NA,NA
ran_pars,subj_id,cor__(Intercept).X_i,0.413,NA,NA,NA,NA
ran_pars,subj_id,sd__X_i,48.282,NA,NA,NA,NA
ran_pars,item_id,sd__(Intercept),80.881,NA,NA,NA,NA
ran_pars,Residual,sd__Observation,197.308,NA,NA,NA,NA
fixed,NA,(Intercept),806.07,14.365,56.114,97.727,0
fixed,NA,X_i,90.51,23.354,3.876,50.177,0
ran_pars,subj_id,sd__(Intercept),85.561,NA,NA,NA,NA
ran_pars,subj_id,cor__(Intercept).X_i,0.65,NA,NA,NA,NA
ran_pars,subj_id,sd__X_i,35.853,NA,NA,NA,NA
ran_pars,item_id,sd__(Intercept),79.143,NA,NA,NA,NA
ran_pars,Residual,sd__Observation,198.388,NA,NA,NA,NA
fixed,NA,(Intercept),791.981,14.616,54.186,111.93,0
fixed,NA,X_i,24.557,22.607,1.086,52.924,0.282
ran_pars,subj_id,sd__(Intercept),96.103,NA,NA,NA,NA
ran_pars,subj_id,cor__(Intercept).X_i,-0.114,NA,NA,NA,NA
ran_pars,subj_id,sd__X_i,50.984,NA,NA,NA,NA
ran_pars,item_id,sd__(Intercept),75.323,NA,NA,NA,NA
ran_pars,Residual,sd__Observation,197.492,NA,NA,NA,NA
fixed,NA,(Intercept),821.483,14.734,55.754,103.809,0
fixed,NA,X_i,42.932,23.49,1.828,51.507,0.073
ran_pars,subj_id,sd__(Intercept),91.778,NA,NA,NA,NA
ran_pars,subj_id,cor__(Intercept).X_i,0.221,NA,NA,NA,NA
ran_pars,subj_id,sd__X_i,45.112,NA,NA,NA,NA
ran_pars,item_id,sd__(Intercept),78.941,NA,NA,NA,NA
ran_pars,Residual,sd__Observation,202.777,NA,NA,NA,NA
fixed,NA,(Intercept),788.3,14.938,52.772,115.042,0
fixed,NA,X_i,10.212,22.425,0.455,50.012,0.651
ran_pars,subj_id,sd__(Intercept),100.099,NA,NA,NA,NA
ran_pars,subj_id,cor__(Intercept).X_i,0.152,NA,NA,NA,NA
ran_pars,subj_id,sd__X_i,33.339,NA,NA,NA,NA
ran_pars,item_id,sd__(Intercept),75.861,NA,NA,NA,NA
ran_pars,Residual,sd__Observation,198.042,NA,NA,NA,NA
fixed,NA,(Intercept),766.9,15.897,48.242,116.356,0
fixed,NA,X_i,59.229,23.908,2.477,51.329,0.017
ran_pars,subj_id,sd__(Intercept),107.165,NA,NA,NA,NA
ran_pars,subj_id,cor__(Intercept).X_i,0.341,NA,NA,NA,NA
ran_pars,subj_id,sd__X_i,44.816,NA,NA,NA,NA
ran_pars,item_id,sd__(Intercept),80.532,NA,NA,NA,NA
ran_pars,Residual,sd__Observation,202.056,NA,NA,NA,NA
fixed,NA,(Intercept),815.941,15.617,52.248,107.664,0
fixed,NA,X_i,35.824,24.143,1.484,48.579,0.144
ran_pars,subj_id,sd__(Intercept),99.584,NA,NA,NA,NA
ran_pars,subj_id,cor__(Intercept).X_i,0.352,NA,NA,NA,NA
ran_pars,subj_id,sd__X_i,20.141,NA,NA,NA,NA
ran_pars,item_id,sd__(Intercept),82.66,NA,NA,NA,NA
ran_pars,Residual,sd__Observation,200.678,NA,NA,NA,NA
fixed,NA,(Intercept),819.602,16.108,50.88,103.991,0
fixed,NA,X_i,25.577,25.546,1.001,50.109,0.322
ran_pars,subj_id,sd__(Intercept),100.001,NA,NA,NA,NA
ran_pars,subj_id,cor__(Intercept).X_i,-0.015,NA,NA,NA,NA
ran_pars,subj_id,sd__X_i,38.313,NA,NA,NA,NA
ran_pars,item_id,sd__(Intercept),87.055,NA,NA,NA,NA
ran_pars,Residual,sd__Observation,198.853,NA,NA,NA,NA
fixed,NA,(Intercept),816.141,15.332,53.231,102.974,0
fixed,NA,X_i,52.322,24.43,2.142,50.403,0.037
ran_pars,subj_id,sd__(Intercept),94.711,NA,NA,NA,NA
ran_pars,subj_id,cor__(Intercept).X_i,-0.072,NA,NA,NA,NA
ran_pars,subj_id,sd__X_i,39.155,NA,NA,NA,NA
ran_pars,item_id,sd__(Intercept),82.886,NA,NA,NA,NA
ran_pars,Residual,sd__Observation,199.664,NA,NA,NA,NA
fixed,NA,(Intercept),776.801,15.973,48.633,108.076,0
fixed,NA,X_i,90.795,24.808,3.66,49.7,0.001
ran_pars,subj_id,sd__(Intercept),102.039,NA,NA,NA,NA
ran_pars,subj_id,cor__(Intercept).X_i,0.051,NA,NA,NA,NA
ran_pars,subj_id,sd__X_i,33.754,NA,NA,NA,NA
ran_pars,item_id,sd__(Intercept),84.534,NA,NA,NA,NA
ran_pars,Residual,sd__Observation,201.087,NA,NA,NA,NA
fixed,NA,(Intercept),803.919,15.335,52.424,123.409,0
fixed,NA,X_i,54.816,21.879,2.505,49.165,0.016
ran_pars,subj_id,sd__(Intercept),108.212,NA,NA,NA,NA
ran_pars,subj_id,cor__(Intercept).X_i,0.219,NA,NA,NA,NA
ran_pars,subj_id,sd__X_i,25.38,NA,NA,NA,NA
ran_pars,item_id,sd__(Intercept),74.231,NA,NA,NA,NA
ran_pars,Residual,sd__Observation,198.196,NA,NA,NA,NA
fixed,NA,(Intercept),772.6,14.307,54.003,127.806,0
fixed,NA,X_i,20.074,19.524,1.028,48,0.309
ran_pars,subj_id,sd__(Intercept),104.668,NA,NA,NA,NA
ran_pars,subj_id,cor__(Intercept).X_i,0.078,NA,NA,NA,NA
ran_pars,subj_id,sd__X_i,8.123,NA,NA,NA,NA
ran_pars,item_id,sd__(Intercept),66.053,NA,NA,NA,NA
ran_pars,Residual,sd__Observation,198.328,NA,NA,NA,NA
fixed,NA,(Intercept),792.631,14.987,52.887,109.458,0
fixed,NA,X_i,43.75,23.389,1.871,52.212,0.067
ran_pars,subj_id,sd__(Intercept),96.879,NA,NA,NA,NA
ran_pars,subj_id,cor__(Intercept).X_i,0.226,NA,NA,NA,NA
ran_pars,subj_id,sd__X_i,48.968,NA,NA,NA,NA
ran_pars,item_id,sd__(Intercept),78.361,NA,NA,NA,NA
ran_pars,Residual,sd__Observation,199.427,NA,NA,NA,NA
fixed,NA,(Intercept),817.353,15.046,54.323,104.758,0
fixed,NA,X_i,51.484,23.701,2.172,49.914,0.035
ran_pars,subj_id,sd__(Intercept),94.285,NA,NA,NA,NA
ran_pars,subj_id,cor__(Intercept).X_i,0.149,NA,NA,NA,NA
ran_pars,subj_id,sd__X_i,34.315,NA,NA,NA,NA
ran_pars,item_id,sd__(Intercept),80.375,NA,NA,NA,NA
ran_pars,Residual,sd__Observation,203.557,NA,NA,NA,NA
fixed,NA,(Intercept),791.261,16.381,48.303,105.326,0
fixed,NA,X_i,31.103,25.796,1.206,49.734,0.234
ran_pars,subj_id,sd__(Intercept),102.51,NA,NA,NA,NA
ran_pars,subj_id,cor__(Intercept).X_i,0.343,NA,NA,NA,NA
ran_pars,subj_id,sd__X_i,35.227,NA,NA,NA,NA
ran_pars,item_id,sd__(Intercept),88.207,NA,NA,NA,NA
ran_pars,Residual,sd__Observation,195.528,NA,NA,NA,NA
fixed,NA,(Intercept),787.717,15.874,49.624,114.974,0
fixed,NA,X_i,63.011,23.956,2.63,50.537,0.011
ran_pars,subj_id,sd__(Intercept),106.025,NA,NA,NA,NA
ran_pars,subj_id,cor__(Intercept).X_i,0.217,NA,NA,NA,NA
ran_pars,subj_id,sd__X_i,39.53,NA,NA,NA,NA
ran_pars,item_id,sd__(Intercept),81.121,NA,NA,NA,NA
ran_pars,Residual,sd__Observation,199.418,NA,NA,NA,NA
fixed,NA,(Intercept),786.624,14.454,54.424,114.214,0
fixed,NA,X_i,34.674,21.85,1.587,50.837,0.119
ran_pars,subj_id,sd__(Intercept),96.541,NA,NA,NA,NA
ran_pars,subj_id,cor__(Intercept).X_i,0.134,NA,NA,NA,NA
ran_pars,subj_id,sd__X_i,38.209,NA,NA,NA,NA
ran_pars,item_id,sd__(Intercept),73.421,NA,NA,NA,NA
ran_pars,Residual,sd__Observation,198.666,NA,NA,NA,NA
fixed,NA,(Intercept),799.921,15.228,52.53,125.914,0
fixed,NA,X_i,13.022,21.448,0.607,50.164,0.546
ran_pars,subj_id,sd__(Intercept),109.38,NA,NA,NA,NA
ran_pars,subj_id,cor__(Intercept).X_i,-0.053,NA,NA,NA,NA
ran_pars,subj_id,sd__X_i,33.211,NA,NA,NA,NA
ran_pars,item_id,sd__(Intercept),72.195,NA,NA,NA,NA
ran_pars,Residual,sd__Observation,200.03,NA,NA,NA,NA
fixed,NA,(Intercept),821.02,13.457,61.012,122.537,0
fixed,NA,X_i,43.788,19.5,2.246,53.335,0.029
ran_pars,subj_id,sd__(Intercept),95.608,NA,NA,NA,NA
ran_pars,subj_id,cor__(Intercept).X_i,0.215,NA,NA,NA,NA
ran_pars,subj_id,sd__X_i,46.414,NA,NA,NA,NA
ran_pars,item_id,sd__(Intercept),63.859,NA,NA,NA,NA
ran_pars,Residual,sd__Observation,201.453,NA,NA,NA,NA
fixed,NA,(Intercept),797.421,13.451,59.285,132.373,0
fixed,NA,X_i,57.92,17.222,3.363,49.529,0.001
ran_pars,subj_id,sd__(Intercept),104.042,NA,NA,NA,NA
ran_pars,subj_id,cor__(Intercept).X_i,0.236,NA,NA,NA,NA
ran_pars,subj_id,sd__X_i,24.286,NA,NA,NA,NA
ran_pars,item_id,sd__(Intercept),56.726,NA,NA,NA,NA
ran_pars,Residual,sd__Observation,203.896,NA,NA,NA,NA
fixed,NA,(Intercept),792.693,15.063,52.625,126.705,0
fixed,NA,X_i,42.983,21.318,2.016,52.097,0.049
ran_pars,subj_id,sd__(Intercept),108.723,NA,NA,NA,NA
ran_pars,subj_id,cor__(Intercept).X_i,0.31,NA,NA,NA,NA
ran_pars,subj_id,sd__X_i,44.35,NA,NA,NA,NA
ran_pars,item_id,sd__(Intercept),71.052,NA,NA,NA,NA
ran_pars,Residual,sd__Observation,196.518,NA,NA,NA,NA
fixed,NA,(Intercept),807.69,15.363,52.574,114.705,0
fixed,NA,X_i,21.824,23.072,0.946,49.782,0.349
ran_pars,subj_id,sd__(Intercept),102.748,NA,NA,NA,NA
ran_pars,subj_id,cor__(Intercept).X_i,0.063,NA,NA,NA,NA
ran_pars,subj_id,sd__X_i,32.463,NA,NA,NA,NA
ran_pars,item_id,sd__(Intercept),78.135,NA,NA,NA,NA
ran_pars,Residual,sd__Observation,204.266,NA,NA,NA,NA
fixed,NA,(Intercept),814.323,16.076,50.653,93.57,0
fixed,NA,X_i,57.545,26.899,2.139,52.053,0.037
ran_pars,subj_id,sd__(Intercept),92.247,NA,NA,NA,NA
ran_pars,subj_id,cor__(Intercept).X_i,0.482,NA,NA,NA,NA
ran_pars,subj_id,sd__X_i,54.88,NA,NA,NA,NA
ran_pars,item_id,sd__(Intercept),90.896,NA,NA,NA,NA
ran_pars,Residual,sd__Observation,201.441,NA,NA,NA,NA
fixed,NA,(Intercept),803.442,15.446,52.016,106.346,0
fixed,NA,X_i,-19.613,24.334,-0.806,50.925,0.424
ran_pars,subj_id,sd__(Intercept),97.524,NA,NA,NA,NA
ran_pars,subj_id,cor__(Intercept).X_i,0.099,NA,NA,NA,NA
ran_pars,subj_id,sd__X_i,42.716,NA,NA,NA,NA
ran_pars,item_id,sd__(Intercept),82.446,NA,NA,NA,NA
ran_pars,Residual,sd__Observation,193.991,NA,NA,NA,NA
fixed,NA,(Intercept),793.609,16.07,49.384,83.677,0
fixed,NA,X_i,63.817,27.537,2.318,48.822,0.025
ran_pars,subj_id,sd__(Intercept),83.909,NA,NA,NA,NA
ran_pars,subj_id,cor__(Intercept).X_i,-0.049,NA,NA,NA,NA
ran_pars,subj_id,sd__X_i,26.25,NA,NA,NA,NA
ran_pars,item_id,sd__(Intercept),94.857,NA,NA,NA,NA
ran_pars,Residual,sd__Observation,198.591,NA,NA,NA,NA
fixed,NA,(Intercept),807.24,15.044,53.66,124.864,0
fixed,NA,X_i,89.549,21.27,4.21,49.91,0
ran_pars,subj_id,sd__(Intercept),107.54,NA,NA,NA,NA
ran_pars,subj_id,cor__(Intercept).X_i,0.421,NA,NA,NA,NA
ran_pars,subj_id,sd__X_i,31.243,NA,NA,NA,NA
ran_pars,item_id,sd__(Intercept),71.562,NA,NA,NA,NA
ran_pars,Residual,sd__Observation,202.954,NA,NA,NA,NA
fixed,NA,(Intercept),788.806,15.176,51.978,104.4,0
fixed,NA,X_i,61.245,23.839,2.569,49.068,0.013
ran_pars,subj_id,sd__(Intercept),94.851,NA,NA,NA,NA
ran_pars,subj_id,cor__(Intercept).X_i,0.32,NA,NA,NA,NA
ran_pars,subj_id,sd__X_i,26.341,NA,NA,NA,NA
ran_pars,item_id,sd__(Intercept),81.225,NA,NA,NA,NA
ran_pars,Residual,sd__Observation,204.827,NA,NA,NA,NA
fixed,NA,(Intercept),791.698,15.463,51.201,109.094,0
fixed,NA,X_i,32.698,24.066,1.359,50.996,0.18
ran_pars,subj_id,sd__(Intercept),99.434,NA,NA,NA,NA
ran_pars,subj_id,cor__(Intercept).X_i,-0.048,NA,NA,NA,NA
ran_pars,subj_id,sd__X_i,42.76,NA,NA,NA,NA
ran_pars,item_id,sd__(Intercept),81.449,NA,NA,NA,NA
ran_pars,Residual,sd__Observation,194.163,NA,NA,NA,NA
fixed,NA,(Intercept),783.984,15.818,49.562,103.576,0
fixed,NA,X_i,62.511,24.903,2.51,48.47,0.015
ran_pars,subj_id,sd__(Intercept),98.008,NA,NA,NA,NA
ran_pars,subj_id,cor__(Intercept).X_i,-0.03,NA,NA,NA,NA
ran_pars,subj_id,sd__X_i,18.729,NA,NA,NA,NA
ran_pars,item_id,sd__(Intercept),85.492,NA,NA,NA,NA
ran_pars,Residual,sd__Observation,199.853,NA,NA,NA,NA
fixed,NA,(Intercept),798.213,14.586,54.726,114.017,0
fixed,NA,X_i,51.863,22.071,2.35,50.802,0.023
ran_pars,subj_id,sd__(Intercept),97.287,NA,NA,NA,NA
ran_pars,subj_id,cor__(Intercept).X_i,0.059,NA,NA,NA,NA
ran_pars,subj_id,sd__X_i,38.405,NA,NA,NA,NA
ran_pars,item_id,sd__(Intercept),74.198,NA,NA,NA,NA
ran_pars,Residual,sd__Observation,199.812,NA,NA,NA,NA
fixed,NA,(Intercept),823.871,14.735,55.912,110.38,0
fixed,NA,X_i,21.839,22.774,0.959,51.28,0.342
ran_pars,subj_id,sd__(Intercept),95.906,NA,NA,NA,NA
ran_pars,subj_id,cor__(Intercept).X_i,0.492,NA,NA,NA,NA
ran_pars,subj_id,sd__X_i,42.53,NA,NA,NA,NA
ran_pars,item_id,sd__(Intercept),76.561,NA,NA,NA,NA
ran_pars,Residual,sd__Observation,198.892,NA,NA,NA,NA
fixed,NA,(Intercept),800.176,15.098,53,83.004,0
fixed,NA,X_i,58.127,26.02,2.234,49.564,0.03
ran_pars,subj_id,sd__(Intercept),78.456,NA,NA,NA,NA
ran_pars,subj_id,cor__(Intercept).X_i,0.351,NA,NA,NA,NA
ran_pars,subj_id,sd__X_i,33.868,NA,NA,NA,NA
ran_pars,item_id,sd__(Intercept),88.92,NA,NA,NA,NA
ran_pars,Residual,sd__Observation,203.133,NA,NA,NA,NA
fixed,NA,(Intercept),802.51,17.258,46.501,100.414,0
fixed,NA,X_i,61.369,28.026,2.19,51.553,0.033
ran_pars,subj_id,sd__(Intercept),104.252,NA,NA,NA,NA
ran_pars,subj_id,cor__(Intercept).X_i,0.23,NA,NA,NA,NA
ran_pars,subj_id,sd__X_i,53.704,NA,NA,NA,NA
ran_pars,item_id,sd__(Intercept),95.14,NA,NA,NA,NA
ran_pars,Residual,sd__Observation,201.552,NA,NA,NA,NA
fixed,NA,(Intercept),813.269,16.789,48.441,104.379,0
fixed,NA,X_i,65.737,26.659,2.466,50.591,0.017
ran_pars,subj_id,sd__(Intercept),104.424,NA,NA,NA,NA
ran_pars,subj_id,cor__(Intercept).X_i,0.312,NA,NA,NA,NA
ran_pars,subj_id,sd__X_i,44.041,NA,NA,NA,NA
ran_pars,item_id,sd__(Intercept),90.718,NA,NA,NA,NA
ran_pars,Residual,sd__Observation,202.836,NA,NA,NA,NA
fixed,NA,(Intercept),821.925,15.044,54.635,99.507,0
fixed,NA,X_i,64.821,24.151,2.684,49.078,0.01
ran_pars,subj_id,sd__(Intercept),90.707,NA,NA,NA,NA
ran_pars,subj_id,cor__(Intercept).X_i,0.299,NA,NA,NA,NA
ran_pars,subj_id,sd__X_i,26.659,NA,NA,NA,NA
ran_pars,item_id,sd__(Intercept),82.451,NA,NA,NA,NA
ran_pars,Residual,sd__Observation,200.989,NA,NA,NA,NA
fixed,NA,(Intercept),800.168,15.32,52.231,123.122,0
fixed,NA,X_i,44.831,22.029,2.035,50.47,0.047
ran_pars,subj_id,sd__(Intercept),108.004,NA,NA,NA,NA
ran_pars,subj_id,cor__(Intercept).X_i,0.518,NA,NA,NA,NA
ran_pars,subj_id,sd__X_i,36.169,NA,NA,NA,NA
ran_pars,item_id,sd__(Intercept),74.167,NA,NA,NA,NA
ran_pars,Residual,sd__Observation,200.443,NA,NA,NA,NA
fixed,NA,(Intercept),796.51,16.201,49.163,115.575,0
fixed,NA,X_i,17.856,24.349,0.733,50.188,0.467
ran_pars,subj_id,sd__(Intercept),108.512,NA,NA,NA,NA
ran_pars,subj_id,cor__(Intercept).X_i,0.45,NA,NA,NA,NA
ran_pars,subj_id,sd__X_i,37.357,NA,NA,NA,NA
ran_pars,item_id,sd__(Intercept),82.688,NA,NA,NA,NA
ran_pars,Residual,sd__Observation,199.884,NA,NA,NA,NA
fixed,NA,(Intercept),796.266,15.976,49.841,110.218,0
fixed,NA,X_i,60.088,24.699,2.433,50.678,0.019
ran_pars,subj_id,sd__(Intercept),103.474,NA,NA,NA,NA
ran_pars,subj_id,cor__(Intercept).X_i,0.204,NA,NA,NA,NA
ran_pars,subj_id,sd__X_i,41.696,NA,NA,NA,NA
ran_pars,item_id,sd__(Intercept),83.731,NA,NA,NA,NA
ran_pars,Residual,sd__Observation,199.321,NA,NA,NA,NA
fixed,NA,(Intercept),783.034,16.198,48.342,100.155,0
fixed,NA,X_i,44.684,26.243,1.703,51.019,0.095
ran_pars,subj_id,sd__(Intercept),97.785,NA,NA,NA,NA
ran_pars,subj_id,cor__(Intercept).X_i,0.311,NA,NA,NA,NA
ran_pars,subj_id,sd__X_i,46.597,NA,NA,NA,NA
ran_pars,item_id,sd__(Intercept),89.153,NA,NA,NA,NA
ran_pars,Residual,sd__Observation,197.263,NA,NA,NA,NA
fixed,NA,(Intercept),782.943,13.871,56.443,131.693,0
fixed,NA,X_i,69.235,18.568,3.729,53.7,0
ran_pars,subj_id,sd__(Intercept),105.581,NA,NA,NA,NA
ran_pars,subj_id,cor__(Intercept).X_i,0.384,NA,NA,NA,NA
ran_pars,subj_id,sd__X_i,45.821,NA,NA,NA,NA
ran_pars,item_id,sd__(Intercept),60.314,NA,NA,NA,NA
ran_pars,Residual,sd__Observation,202.279,NA,NA,NA,NA
fixed,NA,(Intercept),810.748,14,57.91,116.045,0
fixed,NA,X_i,101.933,20.951,4.865,51.089,0
ran_pars,subj_id,sd__(Intercept),94.839,NA,NA,NA,NA
ran_pars,subj_id,cor__(Intercept).X_i,-0.044,NA,NA,NA,NA
ran_pars,subj_id,sd__X_i,38.349,NA,NA,NA,NA
ran_pars,item_id,sd__(Intercept),70.058,NA,NA,NA,NA
ran_pars,Residual,sd__Observation,198.728,NA,NA,NA,NA
fixed,NA,(Intercept),800.577,15.136,52.891,113.157,0
fixed,NA,X_i,75.388,23.144,3.257,51.707,0.002
ran_pars,subj_id,sd__(Intercept),100.21,NA,NA,NA,NA
ran_pars,subj_id,cor__(Intercept).X_i,0.169,NA,NA,NA,NA
ran_pars,subj_id,sd__X_i,45.711,NA,NA,NA,NA
ran_pars,item_id,sd__(Intercept),77.664,NA,NA,NA,NA
ran_pars,Residual,sd__Observation,200.64,NA,NA,NA,NA
fixed,NA,(Intercept),789.123,16.669,47.34,119.885,0
fixed,NA,X_i,39.253,24.52,1.601,50.28,0.116
ran_pars,subj_id,sd__(Intercept),114.56,NA,NA,NA,NA
ran_pars,subj_id,cor__(Intercept).X_i,0.075,NA,NA,NA,NA
ran_pars,subj_id,sd__X_i,38.346,NA,NA,NA,NA
ran_pars,item_id,sd__(Intercept),83.225,NA,NA,NA,NA
ran_pars,Residual,sd__Observation,201.279,NA,NA,NA,NA
fixed,NA,(Intercept),767.202,15.782,48.614,121.95,0
fixed,NA,X_i,45.553,22.997,1.981,51.237,0.053
ran_pars,subj_id,sd__(Intercept),110.179,NA,NA,NA,NA
ran_pars,subj_id,cor__(Intercept).X_i,-0.041,NA,NA,NA,NA
ran_pars,subj_id,sd__X_i,42.642,NA,NA,NA,NA
ran_pars,item_id,sd__(Intercept),77.359,NA,NA,NA,NA
ran_pars,Residual,sd__Observation,199.736,NA,NA,NA,NA
fixed,NA,(Intercept),802.63,17.411,46.099,103.788,0
fixed,NA,X_i,63.049,27.698,2.276,50.225,0.027
ran_pars,subj_id,sd__(Intercept),107.631,NA,NA,NA,NA
ran_pars,subj_id,cor__(Intercept).X_i,0.317,NA,NA,NA,NA
ran_pars,subj_id,sd__X_i,42.413,NA,NA,NA,NA
ran_pars,item_id,sd__(Intercept),94.725,NA,NA,NA,NA
ran_pars,Residual,sd__Observation,198.071,NA,NA,NA,NA
fixed,NA,(Intercept),818.919,15.781,51.892,100.595,0
fixed,NA,X_i,26.541,25.43,1.044,50.489,0.302
ran_pars,subj_id,sd__(Intercept),95.736,NA,NA,NA,NA
ran_pars,subj_id,cor__(Intercept).X_i,0.227,NA,NA,NA,NA
ran_pars,subj_id,sd__X_i,41.371,NA,NA,NA,NA
ran_pars,item_id,sd__(Intercept),86.408,NA,NA,NA,NA
ran_pars,Residual,sd__Observation,200.753,NA,NA,NA,NA
fixed,NA,(Intercept),813.863,15.485,52.559,117.16,0
fixed,NA,X_i,40.588,23.313,1.741,52.58,0.088
ran_pars,subj_id,sd__(Intercept),105.05,NA,NA,NA,NA
ran_pars,subj_id,cor__(Intercept).X_i,0.3,NA,NA,NA,NA
ran_pars,subj_id,sd__X_i,50.806,NA,NA,NA,NA
ran_pars,item_id,sd__(Intercept),77.886,NA,NA,NA,NA
ran_pars,Residual,sd__Observation,201.22,NA,NA,NA,NA
fixed,NA,(Intercept),811.599,16.594,48.909,121.575,0
fixed,NA,X_i,55.024,24.284,2.266,51.06,0.028
ran_pars,subj_id,sd__(Intercept),115.196,NA,NA,NA,NA
ran_pars,subj_id,cor__(Intercept).X_i,0.321,NA,NA,NA,NA
ran_pars,subj_id,sd__X_i,43.673,NA,NA,NA,NA
ran_pars,item_id,sd__(Intercept),82.092,NA,NA,NA,NA
ran_pars,Residual,sd__Observation,198.529,NA,NA,NA,NA
fixed,NA,(Intercept),803.256,15.51,51.79,100.683,0
fixed,NA,X_i,62.191,24.797,2.508,49.163,0.015
ran_pars,subj_id,sd__(Intercept),94.248,NA,NA,NA,NA
ran_pars,subj_id,cor__(Intercept).X_i,0.135,NA,NA,NA,NA
ran_pars,subj_id,sd__X_i,28.26,NA,NA,NA,NA
ran_pars,item_id,sd__(Intercept),84.711,NA,NA,NA,NA
ran_pars,Residual,sd__Observation,202.612,NA,NA,NA,NA
fixed,NA,(Intercept),806.117,15.21,52.998,106.724,0
fixed,NA,X_i,20.456,23.875,0.857,50.863,0.396
ran_pars,subj_id,sd__(Intercept),96.532,NA,NA,NA,NA
ran_pars,subj_id,cor__(Intercept).X_i,0.036,NA,NA,NA,NA
ran_pars,subj_id,sd__X_i,41.667,NA,NA,NA,NA
ran_pars,item_id,sd__(Intercept),80.614,NA,NA,NA,NA
ran_pars,Residual,sd__Observation,202.428,NA,NA,NA,NA
fixed,NA,(Intercept),809.906,15.539,52.121,107.58,0
fixed,NA,X_i,61.878,24.201,2.557,49.837,0.014
ran_pars,subj_id,sd__(Intercept),98.972,NA,NA,NA,NA
ran_pars,subj_id,cor__(Intercept).X_i,0.534,NA,NA,NA,NA
ran_pars,subj_id,sd__X_i,34.167,NA,NA,NA,NA
ran_pars,item_id,sd__(Intercept),82.38,NA,NA,NA,NA
ran_pars,Residual,sd__Observation,197.113,NA,NA,NA,NA
fixed,NA,(Intercept),799.119,17.282,46.239,102.79,0
fixed,NA,X_i,83.741,27.614,3.033,50.281,0.004
ran_pars,subj_id,sd__(Intercept),106.122,NA,NA,NA,NA
ran_pars,subj_id,cor__(Intercept).X_i,0.322,NA,NA,NA,NA
ran_pars,subj_id,sd__X_i,42.774,NA,NA,NA,NA
ran_pars,item_id,sd__(Intercept),94.385,NA,NA,NA,NA
ran_pars,Residual,sd__Observation,198.571,NA,NA,NA,NA
fixed,NA,(Intercept),815.031,14.163,57.548,120.024,0
fixed,NA,X_i,52.232,20.952,2.493,53.538,0.016
ran_pars,subj_id,sd__(Intercept),98.572,NA,NA,NA,NA
ran_pars,subj_id,cor__(Intercept).X_i,0.351,NA,NA,NA,NA
ran_pars,subj_id,sd__X_i,50.344,NA,NA,NA,NA
ran_pars,item_id,sd__(Intercept),68.956,NA,NA,NA,NA
ran_pars,Residual,sd__Observation,203.897,NA,NA,NA,NA
fixed,NA,(Intercept),801.927,14.88,53.894,103.793,0
fixed,NA,X_i,60.102,23.696,2.536,51.14,0.014
ran_pars,subj_id,sd__(Intercept),92.571,NA,NA,NA,NA
ran_pars,subj_id,cor__(Intercept).X_i,0.374,NA,NA,NA,NA
ran_pars,subj_id,sd__X_i,43.177,NA,NA,NA,NA
ran_pars,item_id,sd__(Intercept),79.922,NA,NA,NA,NA
ran_pars,Residual,sd__Observation,199.496,NA,NA,NA,NA
fixed,NA,(Intercept),801.26,15.157,52.864,111.886,0
fixed,NA,X_i,5.667,23.262,0.244,51.182,0.808
ran_pars,subj_id,sd__(Intercept),99.515,NA,NA,NA,NA
ran_pars,subj_id,cor__(Intercept).X_i,0.215,NA,NA,NA,NA
ran_pars,subj_id,sd__X_i,42.771,NA,NA,NA,NA
ran_pars,item_id,sd__(Intercept),78.318,NA,NA,NA,NA
ran_pars,Residual,sd__Observation,200.345,NA,NA,NA,NA
fixed,NA,(Intercept),799.1,16.585,48.183,90.166,0
fixed,NA,X_i,53.78,27.784,1.936,49.48,0.059
ran_pars,subj_id,sd__(Intercept),92.269,NA,NA,NA,NA
ran_pars,subj_id,cor__(Intercept).X_i,0.407,NA,NA,NA,NA
ran_pars,subj_id,sd__X_i,35.031,NA,NA,NA,NA
ran_pars,item_id,sd__(Intercept),95.375,NA,NA,NA,NA
ran_pars,Residual,sd__Observation,199.87,NA,NA,NA,NA
fixed,NA,(Intercept),777.739,12.545,61.995,117.993,0
fixed,NA,X_i,1.134,18.425,0.062,50.969,0.951
ran_pars,subj_id,sd__(Intercept),86.809,NA,NA,NA,NA
ran_pars,subj_id,cor__(Intercept).X_i,0.405,NA,NA,NA,NA
ran_pars,subj_id,sd__X_i,33.719,NA,NA,NA,NA
ran_pars,item_id,sd__(Intercept),60.946,NA,NA,NA,NA
ran_pars,Residual,sd__Observation,196.652,NA,NA,NA,NA
fixed,NA,(Intercept),773.678,14.65,52.81,126.863,0
fixed,NA,X_i,30.847,20.518,1.503,50.962,0.139
ran_pars,subj_id,sd__(Intercept),106.199,NA,NA,NA,NA
ran_pars,subj_id,cor__(Intercept).X_i,0.417,NA,NA,NA,NA
ran_pars,subj_id,sd__X_i,36.91,NA,NA,NA,NA
ran_pars,item_id,sd__(Intercept),68.552,NA,NA,NA,NA
ran_pars,Residual,sd__Observation,198.182,NA,NA,NA,NA
fixed,NA,(Intercept),781.873,17.167,45.545,91.84,0
fixed,NA,X_i,58.198,28.608,2.034,49.704,0.047
ran_pars,subj_id,sd__(Intercept),96.85,NA,NA,NA,NA
ran_pars,subj_id,cor__(Intercept).X_i,0.186,NA,NA,NA,NA
ran_pars,subj_id,sd__X_i,38.486,NA,NA,NA,NA
ran_pars,item_id,sd__(Intercept),98.196,NA,NA,NA,NA
ran_pars,Residual,sd__Observation,200.738,NA,NA,NA,NA
fixed,NA,(Intercept),805.444,14.157,56.895,125.973,0
fixed,NA,X_i,36.333,20.251,1.794,54.484,0.078
ran_pars,subj_id,sd__(Intercept),102.34,NA,NA,NA,NA
ran_pars,subj_id,cor__(Intercept).X_i,0.218,NA,NA,NA,NA
ran_pars,subj_id,sd__X_i,52.33,NA,NA,NA,NA
ran_pars,item_id,sd__(Intercept),66.253,NA,NA,NA,NA
ran_pars,Residual,sd__Observation,198.61,NA,NA,NA,NA
fixed,NA,(Intercept),809.401,15.946,50.758,107.226,0
fixed,NA,X_i,87.765,24.892,3.526,49.961,0.001
ran_pars,subj_id,sd__(Intercept),101.32,NA,NA,NA,NA
ran_pars,subj_id,cor__(Intercept).X_i,0.046,NA,NA,NA,NA
ran_pars,subj_id,sd__X_i,36.242,NA,NA,NA,NA
ran_pars,item_id,sd__(Intercept),84.695,NA,NA,NA,NA
ran_pars,Residual,sd__Observation,201.974,NA,NA,NA,NA
fixed,NA,(Intercept),801.872,14.248,56.281,118.946,0
fixed,NA,X_i,57.157,21.276,2.686,54.001,0.01
ran_pars,subj_id,sd__(Intercept),98.409,NA,NA,NA,NA
ran_pars,subj_id,cor__(Intercept).X_i,-0.044,NA,NA,NA,NA
ran_pars,subj_id,sd__X_i,52.989,NA,NA,NA,NA
ran_pars,item_id,sd__(Intercept),69.954,NA,NA,NA,NA
ran_pars,Residual,sd__Observation,203.469,NA,NA,NA,NA
fixed,NA,(Intercept),786.844,15.527,50.677,112.702,0
fixed,NA,X_i,34.868,23.907,1.458,52.439,0.151
ran_pars,subj_id,sd__(Intercept),102.345,NA,NA,NA,NA
ran_pars,subj_id,cor__(Intercept).X_i,0.239,NA,NA,NA,NA
ran_pars,subj_id,sd__X_i,51.232,NA,NA,NA,NA
ran_pars,item_id,sd__(Intercept),80.096,NA,NA,NA,NA
ran_pars,Residual,sd__Observation,200.28,NA,NA,NA,NA
fixed,NA,(Intercept),787.234,12.991,60.597,122.866,0
fixed,NA,X_i,60.017,18.556,3.234,51.482,0.002
ran_pars,subj_id,sd__(Intercept),92.754,NA,NA,NA,NA
ran_pars,subj_id,cor__(Intercept).X_i,0.042,NA,NA,NA,NA
ran_pars,subj_id,sd__X_i,36.537,NA,NA,NA,NA
ran_pars,item_id,sd__(Intercept),61.159,NA,NA,NA,NA
ran_pars,Residual,sd__Observation,199.17,NA,NA,NA,NA
fixed,NA,(Intercept),779.308,14.41,54.081,123.642,0
fixed,NA,X_i,65.495,20.763,3.154,52.445,0.003
ran_pars,subj_id,sd__(Intercept),102.449,NA,NA,NA,NA
ran_pars,subj_id,cor__(Intercept).X_i,0.056,NA,NA,NA,NA
ran_pars,subj_id,sd__X_i,45.07,NA,NA,NA,NA
ran_pars,item_id,sd__(Intercept),68.788,NA,NA,NA,NA
ran_pars,Residual,sd__Observation,200.745,NA,NA,NA,NA
fixed,NA,(Intercept),797.54,15.707,50.775,97.122,0
fixed,NA,X_i,88.581,25.501,3.474,49.058,0.001
ran_pars,subj_id,sd__(Intercept),92.768,NA,NA,NA,NA
ran_pars,subj_id,cor__(Intercept).X_i,0.349,NA,NA,NA,NA
ran_pars,subj_id,sd__X_i,27.631,NA,NA,NA,NA
ran_pars,item_id,sd__(Intercept),87.427,NA,NA,NA,NA
ran_pars,Residual,sd__Observation,197.356,NA,NA,NA,NA
fixed,NA,(Intercept),807.779,17.573,45.967,106.135,0
fixed,NA,X_i,9.004,27.789,0.324,51.002,0.747
ran_pars,subj_id,sd__(Intercept),110.353,NA,NA,NA,NA
ran_pars,subj_id,cor__(Intercept).X_i,0.145,NA,NA,NA,NA
ran_pars,subj_id,sd__X_i,49.053,NA,NA,NA,NA
ran_pars,item_id,sd__(Intercept),94.655,NA,NA,NA,NA
ran_pars,Residual,sd__Observation,198.104,NA,NA,NA,NA
fixed,NA,(Intercept),797.468,17.109,46.611,94.769,0
fixed,NA,X_i,79.801,28.052,2.845,48.922,0.006
ran_pars,subj_id,sd__(Intercept),98.992,NA,NA,NA,NA
ran_pars,subj_id,cor__(Intercept).X_i,0.285,NA,NA,NA,NA
ran_pars,subj_id,sd__X_i,28.302,NA,NA,NA,NA
ran_pars,item_id,sd__(Intercept),96.545,NA,NA,NA,NA
ran_pars,Residual,sd__Observation,203.761,NA,NA,NA,NA
fixed,NA,(Intercept),787.785,15.475,50.908,114.11,0
fixed,NA,X_i,35.439,23.543,1.505,51.401,0.138
ran_pars,subj_id,sd__(Intercept),102.892,NA,NA,NA,NA
ran_pars,subj_id,cor__(Intercept).X_i,0.19,NA,NA,NA,NA
ran_pars,subj_id,sd__X_i,44.556,NA,NA,NA,NA
ran_pars,item_id,sd__(Intercept),79.286,NA,NA,NA,NA
ran_pars,Residual,sd__Observation,198.399,NA,NA,NA,NA
fixed,NA,(Intercept),796.46,14.181,56.164,102.775,0
fixed,NA,X_i,34.965,22.423,1.559,49.226,0.125
ran_pars,subj_id,sd__(Intercept),87.848,NA,NA,NA,NA
ran_pars,subj_id,cor__(Intercept).X_i,-0.019,NA,NA,NA,NA
ran_pars,subj_id,sd__X_i,26.626,NA,NA,NA,NA
ran_pars,item_id,sd__(Intercept),76.09,NA,NA,NA,NA
ran_pars,Residual,sd__Observation,201.677,NA,NA,NA,NA
fixed,NA,(Intercept),819.8,14.269,57.455,134.495,0
fixed,NA,X_i,46.409,18.415,2.52,53.469,0.015
ran_pars,subj_id,sd__(Intercept),111.256,NA,NA,NA,NA
ran_pars,subj_id,cor__(Intercept).X_i,0.039,NA,NA,NA,NA
ran_pars,subj_id,sd__X_i,44.567,NA,NA,NA,NA
ran_pars,item_id,sd__(Intercept),59.914,NA,NA,NA,NA
ran_pars,Residual,sd__Observation,200.232,NA,NA,NA,NA
fixed,NA,(Intercept),791.207,14.949,52.929,118.251,0
fixed,NA,X_i,78.002,21.936,3.556,49.21,0.001
ran_pars,subj_id,sd__(Intercept),102.399,NA,NA,NA,NA
ran_pars,subj_id,cor__(Intercept).X_i,0.012,NA,NA,NA,NA
ran_pars,subj_id,sd__X_i,26.006,NA,NA,NA,NA
ran_pars,item_id,sd__(Intercept),74.283,NA,NA,NA,NA
ran_pars,Residual,sd__Observation,203.022,NA,NA,NA,NA
fixed,NA,(Intercept),791.42,14.794,53.497,111.205,0
fixed,NA,X_i,80.243,22.687,3.537,50.679,0.001
ran_pars,subj_id,sd__(Intercept),96.901,NA,NA,NA,NA
ran_pars,subj_id,cor__(Intercept).X_i,-0.099,NA,NA,NA,NA
ran_pars,subj_id,sd__X_i,38.591,NA,NA,NA,NA
ran_pars,item_id,sd__(Intercept),76.381,NA,NA,NA,NA
ran_pars,Residual,sd__Observation,203.372,NA,NA,NA,NA
fixed,NA,(Intercept),813.077,17.097,47.556,92.243,0
fixed,NA,X_i,78.431,28.439,2.758,49.626,0.008
ran_pars,subj_id,sd__(Intercept),96.76,NA,NA,NA,NA
ran_pars,subj_id,cor__(Intercept).X_i,0.336,NA,NA,NA,NA
ran_pars,subj_id,sd__X_i,37.386,NA,NA,NA,NA
ran_pars,item_id,sd__(Intercept),97.702,NA,NA,NA,NA
ran_pars,Residual,sd__Observation,197.275,NA,NA,NA,NA
fixed,NA,(Intercept),812.795,17.575,46.247,97.63,0
fixed,NA,X_i,58.087,28.701,2.024,50.278,0.048
ran_pars,subj_id,sd__(Intercept),103.86,NA,NA,NA,NA
ran_pars,subj_id,cor__(Intercept).X_i,0.055,NA,NA,NA,NA
ran_pars,subj_id,sd__X_i,44.384,NA,NA,NA,NA
ran_pars,item_id,sd__(Intercept),98.261,NA,NA,NA,NA
ran_pars,Residual,sd__Observation,198.83,NA,NA,NA,NA
fixed,NA,(Intercept),804.189,14.983,53.672,114.401,0
fixed,NA,X_i,35.605,22.62,1.574,50.551,0.122
ran_pars,subj_id,sd__(Intercept),100.055,NA,NA,NA,NA
ran_pars,subj_id,cor__(Intercept).X_i,0.089,NA,NA,NA,NA
ran_pars,subj_id,sd__X_i,37.591,NA,NA,NA,NA
ran_pars,item_id,sd__(Intercept),76.261,NA,NA,NA,NA
ran_pars,Residual,sd__Observation,200.923,NA,NA,NA,NA
fixed,NA,(Intercept),808.532,15.112,53.504,126.314,0
fixed,NA,X_i,19.577,21.153,0.925,49.986,0.359
ran_pars,subj_id,sd__(Intercept),109.089,NA,NA,NA,NA
ran_pars,subj_id,cor__(Intercept).X_i,0.36,NA,NA,NA,NA
ran_pars,subj_id,sd__X_i,31.643,NA,NA,NA,NA
ran_pars,item_id,sd__(Intercept),71.082,NA,NA,NA,NA
ran_pars,Residual,sd__Observation,203.759,NA,NA,NA,NA
fixed,NA,(Intercept),769.928,15.14,50.856,102.633,0
fixed,NA,X_i,69.608,23.858,2.918,48.097,0.005
ran_pars,subj_id,sd__(Intercept),93.365,NA,NA,NA,NA
ran_pars,subj_id,cor__(Intercept).X_i,0.447,NA,NA,NA,NA
ran_pars,subj_id,sd__X_i,10.215,NA,NA,NA,NA
ran_pars,item_id,sd__(Intercept),81.849,NA,NA,NA,NA
ran_pars,Residual,sd__Observation,200.608,NA,NA,NA,NA
fixed,NA,(Intercept),804.609,16.278,49.43,114.721,0
fixed,NA,X_i,63.19,24.502,2.579,49.713,0.013
ran_pars,subj_id,sd__(Intercept),108.487,NA,NA,NA,NA
ran_pars,subj_id,cor__(Intercept).X_i,0.306,NA,NA,NA,NA
ran_pars,subj_id,sd__X_i,33.531,NA,NA,NA,NA
ran_pars,item_id,sd__(Intercept),83.385,NA,NA,NA,NA
ran_pars,Residual,sd__Observation,202.606,NA,NA,NA,NA
fixed,NA,(Intercept),787.628,15.099,52.165,120.602,0
fixed,NA,X_i,88.203,22.315,3.953,52.864,0
ran_pars,subj_id,sd__(Intercept),104.767,NA,NA,NA,NA
ran_pars,subj_id,cor__(Intercept).X_i,0.272,NA,NA,NA,NA
ran_pars,subj_id,sd__X_i,50.116,NA,NA,NA,NA
ran_pars,item_id,sd__(Intercept),74.275,NA,NA,NA,NA
ran_pars,Residual,sd__Observation,198.445,NA,NA,NA,NA
fixed,NA,(Intercept),797.169,14.824,53.775,116.506,0
fixed,NA,X_i,45.21,22.256,2.031,51.748,0.047
ran_pars,subj_id,sd__(Intercept),100.423,NA,NA,NA,NA
ran_pars,subj_id,cor__(Intercept).X_i,-0.044,NA,NA,NA,NA
ran_pars,subj_id,sd__X_i,44.396,NA,NA,NA,NA
ran_pars,item_id,sd__(Intercept),74.442,NA,NA,NA,NA
ran_pars,Residual,sd__Observation,200.99,NA,NA,NA,NA
fixed,NA,(Intercept),815.974,13.073,62.417,103.912,0
fixed,NA,X_i,65.027,20.687,3.143,50.933,0.003
ran_pars,subj_id,sd__(Intercept),82.071,NA,NA,NA,NA
ran_pars,subj_id,cor__(Intercept).X_i,0.062,NA,NA,NA,NA
ran_pars,subj_id,sd__X_i,37.132,NA,NA,NA,NA
ran_pars,item_id,sd__(Intercept),69.036,NA,NA,NA,NA
ran_pars,Residual,sd__Observation,202.793,NA,NA,NA,NA
fixed,NA,(Intercept),794.851,16.526,48.096,114.857,0
fixed,NA,X_i,36.282,25.057,1.448,51.022,0.154
ran_pars,subj_id,sd__(Intercept),110.07,NA,NA,NA,NA
ran_pars,subj_id,cor__(Intercept).X_i,0.26,NA,NA,NA,NA
ran_pars,subj_id,sd__X_i,44.676,NA,NA,NA,NA
ran_pars,item_id,sd__(Intercept),84.865,NA,NA,NA,NA
ran_pars,Residual,sd__Observation,199.107,NA,NA,NA,NA
fixed,NA,(Intercept),785.458,16.489,47.636,100.446,0
fixed,NA,X_i,25.798,26.646,0.968,50.707,0.338
ran_pars,subj_id,sd__(Intercept),99.708,NA,NA,NA,NA
ran_pars,subj_id,cor__(Intercept).X_i,0.101,NA,NA,NA,NA
ran_pars,subj_id,sd__X_i,44.894,NA,NA,NA,NA
ran_pars,item_id,sd__(Intercept),90.72,NA,NA,NA,NA
ran_pars,Residual,sd__Observation,198.199,NA,NA,NA,NA
fixed,NA,(Intercept),787.823,16.378,48.101,97.402,0
fixed,NA,X_i,42.301,26.799,1.578,50.658,0.121
ran_pars,subj_id,sd__(Intercept),96.802,NA,NA,NA,NA
ran_pars,subj_id,cor__(Intercept).X_i,-0.081,NA,NA,NA,NA
ran_pars,subj_id,sd__X_i,44.713,NA,NA,NA,NA
ran_pars,item_id,sd__(Intercept),91.308,NA,NA,NA,NA
ran_pars,Residual,sd__Observation,197.501,NA,NA,NA,NA
fixed,NA,(Intercept),820.487,15.581,52.659,108.666,0
fixed,NA,X_i,28.085,24.248,1.158,50.722,0.252
ran_pars,subj_id,sd__(Intercept),100.018,NA,NA,NA,NA
ran_pars,subj_id,cor__(Intercept).X_i,0.115,NA,NA,NA,NA
ran_pars,subj_id,sd__X_i,41.25,NA,NA,NA,NA
ran_pars,item_id,sd__(Intercept),82.073,NA,NA,NA,NA
ran_pars,Residual,sd__Observation,200.16,NA,NA,NA,NA
fixed,NA,(Intercept),787.755,17.905,43.995,107.549,0
fixed,NA,X_i,82.134,27.981,2.935,49.857,0.005
ran_pars,subj_id,sd__(Intercept),113.447,NA,NA,NA,NA
ran_pars,subj_id,cor__(Intercept).X_i,0.422,NA,NA,NA,NA
ran_pars,subj_id,sd__X_i,39.172,NA,NA,NA,NA
ran_pars,item_id,sd__(Intercept),95.9,NA,NA,NA,NA
ran_pars,Residual,sd__Observation,199.597,NA,NA,NA,NA
fixed,NA,(Intercept),820.58,14.849,55.263,131.085,0
fixed,NA,X_i,67.805,20.236,3.351,52.79,0.001
ran_pars,subj_id,sd__(Intercept),111.042,NA,NA,NA,NA
ran_pars,subj_id,cor__(Intercept).X_i,0.511,NA,NA,NA,NA
ran_pars,subj_id,sd__X_i,45.564,NA,NA,NA,NA
ran_pars,item_id,sd__(Intercept),66.781,NA,NA,NA,NA
ran_pars,Residual,sd__Observation,199.803,NA,NA,NA,NA
fixed,NA,(Intercept),798.455,14.484,55.127,100.465,0
fixed,NA,X_i,48.272,23.43,2.06,51.586,0.044
ran_pars,subj_id,sd__(Intercept),88.171,NA,NA,NA,NA
ran_pars,subj_id,cor__(Intercept).X_i,0.239,NA,NA,NA,NA
ran_pars,subj_id,sd__X_i,45.572,NA,NA,NA,NA
ran_pars,item_id,sd__(Intercept),78.652,NA,NA,NA,NA
ran_pars,Residual,sd__Observation,203.963,NA,NA,NA,NA
fixed,NA,(Intercept),814.189,16.407,49.624,106.913,0
fixed,NA,X_i,44.982,25.798,1.744,50.911,0.087
ran_pars,subj_id,sd__(Intercept),103.882,NA,NA,NA,NA
ran_pars,subj_id,cor__(Intercept).X_i,-0.145,NA,NA,NA,NA
ran_pars,subj_id,sd__X_i,45.145,NA,NA,NA,NA
ran_pars,item_id,sd__(Intercept),87.533,NA,NA,NA,NA
ran_pars,Residual,sd__Observation,200.523,NA,NA,NA,NA
fixed,NA,(Intercept),781.116,16.482,47.392,115.559,0
fixed,NA,X_i,58.322,24.93,2.339,51.29,0.023
ran_pars,subj_id,sd__(Intercept),110.289,NA,NA,NA,NA
ran_pars,subj_id,cor__(Intercept).X_i,0.073,NA,NA,NA,NA
ran_pars,subj_id,sd__X_i,46.288,NA,NA,NA,NA
ran_pars,item_id,sd__(Intercept),84.27,NA,NA,NA,NA
ran_pars,Residual,sd__Observation,199.846,NA,NA,NA,NA
fixed,NA,(Intercept),793.169,15.549,51.011,107.78,0
fixed,NA,X_i,45.533,23.947,1.901,48.039,0.063
ran_pars,subj_id,sd__(Intercept),99.246,NA,NA,NA,NA
ran_pars,subj_id,cor__(Intercept).X_i,1,NA,NA,NA,NA
ran_pars,subj_id,sd__X_i,5.888,NA,NA,NA,NA
ran_pars,item_id,sd__(Intercept),82.248,NA,NA,NA,NA
ran_pars,Residual,sd__Observation,199.766,NA,NA,NA,NA
fixed,NA,(Intercept),797.901,12.971,61.513,106.208,0
fixed,NA,X_i,22.648,20.611,1.099,53.923,0.277
ran_pars,subj_id,sd__(Intercept),82.816,NA,NA,NA,NA
ran_pars,subj_id,cor__(Intercept).X_i,-0.024,NA,NA,NA,NA
ran_pars,subj_id,sd__X_i,51.12,NA,NA,NA,NA
ran_pars,item_id,sd__(Intercept),67.622,NA,NA,NA,NA
ran_pars,Residual,sd__Observation,202.672,NA,NA,NA,NA
fixed,NA,(Intercept),791.292,15.576,50.803,109.726,0
fixed,NA,X_i,89.666,24.099,3.721,50.437,0.001
ran_pars,subj_id,sd__(Intercept),100.598,NA,NA,NA,NA
ran_pars,subj_id,cor__(Intercept).X_i,0.314,NA,NA,NA,NA
ran_pars,subj_id,sd__X_i,38.914,NA,NA,NA,NA
ran_pars,item_id,sd__(Intercept),81.763,NA,NA,NA,NA
ran_pars,Residual,sd__Observation,196.18,NA,NA,NA,NA
fixed,NA,(Intercept),815.433,15.989,50.998,103.222,0
fixed,NA,X_i,87.192,25.694,3.394,52.05,0.001
ran_pars,subj_id,sd__(Intercept),98.747,NA,NA,NA,NA
ran_pars,subj_id,cor__(Intercept).X_i,0.349,NA,NA,NA,NA
ran_pars,subj_id,sd__X_i,52.481,NA,NA,NA,NA
ran_pars,item_id,sd__(Intercept),86.692,NA,NA,NA,NA
ran_pars,Residual,sd__Observation,198.042,NA,NA,NA,NA
fixed,NA,(Intercept),790.304,14.875,53.128,112.481,0
fixed,NA,X_i,49.788,22.906,2.174,52.709,0.034
ran_pars,subj_id,sd__(Intercept),98.249,NA,NA,NA,NA
ran_pars,subj_id,cor__(Intercept).X_i,0.246,NA,NA,NA,NA
ran_pars,subj_id,sd__X_i,50.678,NA,NA,NA,NA
ran_pars,item_id,sd__(Intercept),76.293,NA,NA,NA,NA
ran_pars,Residual,sd__Observation,204.179,NA,NA,NA,NA
fixed,NA,(Intercept),788.954,14.334,55.039,115.186,0
fixed,NA,X_i,56.809,21.688,2.619,51.928,0.012
ran_pars,subj_id,sd__(Intercept),96.31,NA,NA,NA,NA
ran_pars,subj_id,cor__(Intercept).X_i,0.291,NA,NA,NA,NA
ran_pars,subj_id,sd__X_i,44.157,NA,NA,NA,NA
ran_pars,item_id,sd__(Intercept),72.483,NA,NA,NA,NA
ran_pars,Residual,sd__Observation,195.532,NA,NA,NA,NA
fixed,NA,(Intercept),802.167,14.535,55.19,93.608,0
fixed,NA,X_i,51.336,24.022,2.137,50.069,0.037
ran_pars,subj_id,sd__(Intercept),83.813,NA,NA,NA,NA
ran_pars,subj_id,cor__(Intercept).X_i,0.433,NA,NA,NA,NA
ran_pars,subj_id,sd__X_i,36.057,NA,NA,NA,NA
ran_pars,item_id,sd__(Intercept),81.423,NA,NA,NA,NA
ran_pars,Residual,sd__Observation,205.105,NA,NA,NA,NA
fixed,NA,(Intercept),782.861,14.553,53.794,117.282,0
fixed,NA,X_i,57.921,21.527,2.691,49.957,0.01
ran_pars,subj_id,sd__(Intercept),99.235,NA,NA,NA,NA
ran_pars,subj_id,cor__(Intercept).X_i,0.718,NA,NA,NA,NA
ran_pars,subj_id,sd__X_i,31.9,NA,NA,NA,NA
ran_pars,item_id,sd__(Intercept),72.502,NA,NA,NA,NA
ran_pars,Residual,sd__Observation,202.263,NA,NA,NA,NA
fixed,NA,(Intercept),799.053,17.122,46.668,101.64,0
fixed,NA,X_i,53.021,27.675,1.916,51.632,0.061
ran_pars,subj_id,sd__(Intercept),104.333,NA,NA,NA,NA
ran_pars,subj_id,cor__(Intercept).X_i,0.148,NA,NA,NA,NA
ran_pars,subj_id,sd__X_i,53.51,NA,NA,NA,NA
ran_pars,item_id,sd__(Intercept),93.9,NA,NA,NA,NA
ran_pars,Residual,sd__Observation,199.651,NA,NA,NA,NA
fixed,NA,(Intercept),791.076,15.841,49.938,114.966,0
fixed,NA,X_i,69.579,23.705,2.935,48.96,0.005
ran_pars,subj_id,sd__(Intercept),105.836,NA,NA,NA,NA
ran_pars,subj_id,cor__(Intercept).X_i,0.347,NA,NA,NA,NA
ran_pars,subj_id,sd__X_i,24.912,NA,NA,NA,NA
ran_pars,item_id,sd__(Intercept),80.9,NA,NA,NA,NA
ran_pars,Residual,sd__Observation,200.479,NA,NA,NA,NA
fixed,NA,(Intercept),812.714,12.782,63.583,115.086,0
fixed,NA,X_i,50.999,19.252,2.649,52.327,0.011
ran_pars,subj_id,sd__(Intercept),86.623,NA,NA,NA,NA
ran_pars,subj_id,cor__(Intercept).X_i,0.401,NA,NA,NA,NA
ran_pars,subj_id,sd__X_i,41.57,NA,NA,NA,NA
ran_pars,item_id,sd__(Intercept),63.455,NA,NA,NA,NA
ran_pars,Residual,sd__Observation,197.654,NA,NA,NA,NA
fixed,NA,(Intercept),798.855,14.327,55.759,113.921,0
fixed,NA,X_i,67.052,21.756,3.082,51.443,0.003
ran_pars,subj_id,sd__(Intercept),95.534,NA,NA,NA,NA
ran_pars,subj_id,cor__(Intercept).X_i,0.095,NA,NA,NA,NA
ran_pars,subj_id,sd__X_i,41.667,NA,NA,NA,NA
ran_pars,item_id,sd__(Intercept),72.871,NA,NA,NA,NA
ran_pars,Residual,sd__Observation,197.39,NA,NA,NA,NA
fixed,NA,(Intercept),786.471,15.864,49.577,114.726,0
fixed,NA,X_i,60.931,23.763,2.564,48.854,0.013
ran_pars,subj_id,sd__(Intercept),105.772,NA,NA,NA,NA
ran_pars,subj_id,cor__(Intercept).X_i,0.422,NA,NA,NA,NA
ran_pars,subj_id,sd__X_i,23.658,NA,NA,NA,NA
ran_pars,item_id,sd__(Intercept),81.2,NA,NA,NA,NA
ran_pars,Residual,sd__Observation,198.798,NA,NA,NA,NA
fixed,NA,(Intercept),783.133,13.21,59.282,109.435,0
fixed,NA,X_i,78.106,20.424,3.824,51.462,0
ran_pars,subj_id,sd__(Intercept),86.111,NA,NA,NA,NA
ran_pars,subj_id,cor__(Intercept).X_i,-0.067,NA,NA,NA,NA
ran_pars,subj_id,sd__X_i,39.61,NA,NA,NA,NA
ran_pars,item_id,sd__(Intercept),67.898,NA,NA,NA,NA
ran_pars,Residual,sd__Observation,201.98,NA,NA,NA,NA
fixed,NA,(Intercept),804.645,14.282,56.341,102.888,0
fixed,NA,X_i,60.263,22.85,2.637,51.399,0.011
ran_pars,subj_id,sd__(Intercept),88.384,NA,NA,NA,NA
ran_pars,subj_id,cor__(Intercept).X_i,-0.059,NA,NA,NA,NA
ran_pars,subj_id,sd__X_i,43.303,NA,NA,NA,NA
ran_pars,item_id,sd__(Intercept),76.863,NA,NA,NA,NA
ran_pars,Residual,sd__Observation,196.067,NA,NA,NA,NA
fixed,NA,(Intercept),803.9,14.539,55.292,106.78,0
fixed,NA,X_i,30.323,22.775,1.331,50.73,0.189
ran_pars,subj_id,sd__(Intercept),92.48,NA,NA,NA,NA
ran_pars,subj_id,cor__(Intercept).X_i,0.322,NA,NA,NA,NA
ran_pars,subj_id,sd__X_i,39.036,NA,NA,NA,NA
ran_pars,item_id,sd__(Intercept),76.754,NA,NA,NA,NA
ran_pars,Residual,sd__Observation,200.5,NA,NA,NA,NA
fixed,NA,(Intercept),774.629,15.563,49.774,95.565,0
fixed,NA,X_i,86.115,25.639,3.359,50.667,0.001
ran_pars,subj_id,sd__(Intercept),90.817,NA,NA,NA,NA
ran_pars,subj_id,cor__(Intercept).X_i,0.03,NA,NA,NA,NA
ran_pars,subj_id,sd__X_i,42.99,NA,NA,NA,NA
ran_pars,item_id,sd__(Intercept),87.154,NA,NA,NA,NA
ran_pars,Residual,sd__Observation,197.574,NA,NA,NA,NA
fixed,NA,(Intercept),824.197,15.977,51.586,122.842,0
fixed,NA,X_i,83.612,23.185,3.606,51.49,0.001
ran_pars,subj_id,sd__(Intercept),112.175,NA,NA,NA,NA
ran_pars,subj_id,cor__(Intercept).X_i,0.367,NA,NA,NA,NA
ran_pars,subj_id,sd__X_i,44.534,NA,NA,NA,NA
ran_pars,item_id,sd__(Intercept),77.861,NA,NA,NA,NA
ran_pars,Residual,sd__Observation,202.282,NA,NA,NA,NA
fixed,NA,(Intercept),809.579,15.84,51.11,108.769,0
fixed,NA,X_i,46.118,24.707,1.867,51.165,0.068
ran_pars,subj_id,sd__(Intercept),101.674,NA,NA,NA,NA
ran_pars,subj_id,cor__(Intercept).X_i,0.161,NA,NA,NA,NA
ran_pars,subj_id,sd__X_i,45.079,NA,NA,NA,NA
ran_pars,item_id,sd__(Intercept),83.52,NA,NA,NA,NA
ran_pars,Residual,sd__Observation,200.157,NA,NA,NA,NA
fixed,NA,(Intercept),820.378,14.632,56.066,103.789,0
fixed,NA,X_i,45.614,23.164,1.969,50.15,0.054
ran_pars,subj_id,sd__(Intercept),91.165,NA,NA,NA,NA
ran_pars,subj_id,cor__(Intercept).X_i,0.156,NA,NA,NA,NA
ran_pars,subj_id,sd__X_i,35.496,NA,NA,NA,NA
ran_pars,item_id,sd__(Intercept),78.37,NA,NA,NA,NA
ran_pars,Residual,sd__Observation,201.927,NA,NA,NA,NA
fixed,NA,(Intercept),776.204,15.817,49.076,100.676,0
fixed,NA,X_i,29.798,25.334,1.176,49.349,0.245
ran_pars,subj_id,sd__(Intercept),95.961,NA,NA,NA,NA
ran_pars,subj_id,cor__(Intercept).X_i,-0.234,NA,NA,NA,NA
ran_pars,subj_id,sd__X_i,30.787,NA,NA,NA,NA
ran_pars,item_id,sd__(Intercept),86.648,NA,NA,NA,NA
ran_pars,Residual,sd__Observation,199.005,NA,NA,NA,NA
fixed,NA,(Intercept),797.365,14.655,54.408,115.85,0
fixed,NA,X_i,27.904,22.037,1.266,51.317,0.211
ran_pars,subj_id,sd__(Intercept),98.825,NA,NA,NA,NA
ran_pars,subj_id,cor__(Intercept).X_i,0.283,NA,NA,NA,NA
ran_pars,subj_id,sd__X_i,41.452,NA,NA,NA,NA
ran_pars,item_id,sd__(Intercept),73.916,NA,NA,NA,NA
ran_pars,Residual,sd__Observation,197.974,NA,NA,NA,NA
fixed,NA,(Intercept),802.449,17.351,46.248,100.931,0
fixed,NA,X_i,67.428,28.148,2.395,51.761,0.02
ran_pars,subj_id,sd__(Intercept),105.175,NA,NA,NA,NA
ran_pars,subj_id,cor__(Intercept).X_i,0.178,NA,NA,NA,NA
ran_pars,subj_id,sd__X_i,55.309,NA,NA,NA,NA
ran_pars,item_id,sd__(Intercept),95.471,NA,NA,NA,NA
ran_pars,Residual,sd__Observation,201.727,NA,NA,NA,NA
fixed,NA,(Intercept),786.354,15.309,51.365,119.346,0
fixed,NA,X_i,21.995,22.571,0.974,50.809,0.334
ran_pars,subj_id,sd__(Intercept),105.291,NA,NA,NA,NA
ran_pars,subj_id,cor__(Intercept).X_i,0.174,NA,NA,NA,NA
ran_pars,subj_id,sd__X_i,39.251,NA,NA,NA,NA
ran_pars,item_id,sd__(Intercept),76.038,NA,NA,NA,NA
ran_pars,Residual,sd__Observation,198.422,NA,NA,NA,NA
fixed,NA,(Intercept),793.065,14.275,55.557,105.61,0
fixed,NA,X_i,51.716,22.633,2.285,52.106,0.026
ran_pars,subj_id,sd__(Intercept),90.118,NA,NA,NA,NA
ran_pars,subj_id,cor__(Intercept).X_i,-0.013,NA,NA,NA,NA
ran_pars,subj_id,sd__X_i,46.944,NA,NA,NA,NA
ran_pars,item_id,sd__(Intercept),75.713,NA,NA,NA,NA
ran_pars,Residual,sd__Observation,198.811,NA,NA,NA,NA
fixed,NA,(Intercept),801.235,14.848,53.962,104.716,0
fixed,NA,X_i,43.233,23.417,1.846,50.157,0.071
ran_pars,subj_id,sd__(Intercept),93.096,NA,NA,NA,NA
ran_pars,subj_id,cor__(Intercept).X_i,0.098,NA,NA,NA,NA
ran_pars,subj_id,sd__X_i,36.243,NA,NA,NA,NA
ran_pars,item_id,sd__(Intercept),79.276,NA,NA,NA,NA
ran_pars,Residual,sd__Observation,201.34,NA,NA,NA,NA
fixed,NA,(Intercept),825.111,15.845,52.073,100.601,0
fixed,NA,X_i,49.655,25.572,1.942,50.745,0.058
ran_pars,subj_id,sd__(Intercept),96.085,NA,NA,NA,NA
ran_pars,subj_id,cor__(Intercept).X_i,0.078,NA,NA,NA,NA
ran_pars,subj_id,sd__X_i,43.492,NA,NA,NA,NA
ran_pars,item_id,sd__(Intercept),86.833,NA,NA,NA,NA
ran_pars,Residual,sd__Observation,199.398,NA,NA,NA,NA
fixed,NA,(Intercept),813.872,16.642,48.904,97.038,0
fixed,NA,X_i,44.466,27.354,1.626,51.234,0.11
ran_pars,subj_id,sd__(Intercept),98.076,NA,NA,NA,NA
ran_pars,subj_id,cor__(Intercept).X_i,0.303,NA,NA,NA,NA
ran_pars,subj_id,sd__X_i,50.127,NA,NA,NA,NA
ran_pars,item_id,sd__(Intercept),92.949,NA,NA,NA,NA
ran_pars,Residual,sd__Observation,199.809,NA,NA,NA,NA
fixed,NA,(Intercept),787.156,14.982,52.538,92.226,0
fixed,NA,X_i,33.157,25.215,1.315,52.287,0.194
ran_pars,subj_id,sd__(Intercept),85.173,NA,NA,NA,NA
ran_pars,subj_id,cor__(Intercept).X_i,0.146,NA,NA,NA,NA
ran_pars,subj_id,sd__X_i,52.968,NA,NA,NA,NA
ran_pars,item_id,sd__(Intercept),84.845,NA,NA,NA,NA
ran_pars,Residual,sd__Observation,199.467,NA,NA,NA,NA
fixed,NA,(Intercept),784.621,15.746,49.83,92.532,0
fixed,NA,X_i,34.748,26.168,1.328,49.947,0.19
ran_pars,subj_id,sd__(Intercept),89.618,NA,NA,NA,NA
ran_pars,subj_id,cor__(Intercept).X_i,0.28,NA,NA,NA,NA
ran_pars,subj_id,sd__X_i,37.784,NA,NA,NA,NA
ran_pars,item_id,sd__(Intercept),89.307,NA,NA,NA,NA
ran_pars,Residual,sd__Observation,201.299,NA,NA,NA,NA
fixed,NA,(Intercept),796.063,16.114,49.402,119.426,0
fixed,NA,X_i,62.272,23.66,2.632,49.653,0.011
ran_pars,subj_id,sd__(Intercept),110.573,NA,NA,NA,NA
ran_pars,subj_id,cor__(Intercept).X_i,0.713,NA,NA,NA,NA
ran_pars,subj_id,sd__X_i,31.923,NA,NA,NA,NA
ran_pars,item_id,sd__(Intercept),80.455,NA,NA,NA,NA
ran_pars,Residual,sd__Observation,199.187,NA,NA,NA,NA
fixed,NA,(Intercept),809.933,14.789,54.765,119.616,0
fixed,NA,X_i,80.474,21.718,3.705,50.657,0.001
ran_pars,subj_id,sd__(Intercept),102.084,NA,NA,NA,NA
ran_pars,subj_id,cor__(Intercept).X_i,-0.077,NA,NA,NA,NA
ran_pars,subj_id,sd__X_i,36.891,NA,NA,NA,NA
ran_pars,item_id,sd__(Intercept),73.043,NA,NA,NA,NA
ran_pars,Residual,sd__Observation,197.578,NA,NA,NA,NA
fixed,NA,(Intercept),826.424,14.797,55.853,114.385,0
fixed,NA,X_i,72.804,22.41,3.249,51.119,0.002
ran_pars,subj_id,sd__(Intercept),98.773,NA,NA,NA,NA
ran_pars,subj_id,cor__(Intercept).X_i,0.296,NA,NA,NA,NA
ran_pars,subj_id,sd__X_i,40.862,NA,NA,NA,NA
ran_pars,item_id,sd__(Intercept),75.355,NA,NA,NA,NA
ran_pars,Residual,sd__Observation,197.57,NA,NA,NA,NA
fixed,NA,(Intercept),813.759,14.731,55.241,101.532,0
fixed,NA,X_i,14.925,23.539,0.634,49.934,0.529
ran_pars,subj_id,sd__(Intercept),90.227,NA,NA,NA,NA
ran_pars,subj_id,cor__(Intercept).X_i,-0.116,NA,NA,NA,NA
ran_pars,subj_id,sd__X_i,34.198,NA,NA,NA,NA
ran_pars,item_id,sd__(Intercept),79.871,NA,NA,NA,NA
ran_pars,Residual,sd__Observation,200.078,NA,NA,NA,NA
fixed,NA,(Intercept),785.359,12.883,60.961,115.777,0
fixed,NA,X_i,9.459,19.52,0.485,54.249,0.63
ran_pars,subj_id,sd__(Intercept),87.699,NA,NA,NA,NA
ran_pars,subj_id,cor__(Intercept).X_i,0.033,NA,NA,NA,NA
ran_pars,subj_id,sd__X_i,49.795,NA,NA,NA,NA
ran_pars,item_id,sd__(Intercept),63.701,NA,NA,NA,NA
ran_pars,Residual,sd__Observation,198.8,NA,NA,NA,NA
fixed,NA,(Intercept),804.225,16.797,47.878,115.571,0
fixed,NA,X_i,60.327,25.354,2.379,50.751,0.021
ran_pars,subj_id,sd__(Intercept),112.299,NA,NA,NA,NA
ran_pars,subj_id,cor__(Intercept).X_i,0.411,NA,NA,NA,NA
ran_pars,subj_id,sd__X_i,43.204,NA,NA,NA,NA
ran_pars,item_id,sd__(Intercept),86.049,NA,NA,NA,NA
ran_pars,Residual,sd__Observation,199.457,NA,NA,NA,NA
fixed,NA,(Intercept),779.927,15.982,48.8,116.16,0
fixed,NA,X_i,37.477,24.019,1.56,50.925,0.125
ran_pars,subj_id,sd__(Intercept),107.555,NA,NA,NA,NA
ran_pars,subj_id,cor__(Intercept).X_i,0.037,NA,NA,NA,NA
ran_pars,subj_id,sd__X_i,42.324,NA,NA,NA,NA
ran_pars,item_id,sd__(Intercept),81.127,NA,NA,NA,NA
ran_pars,Residual,sd__Observation,201.429,NA,NA,NA,NA
fixed,NA,(Intercept),798.544,14.753,54.129,114.658,0
fixed,NA,X_i,56.946,22.178,2.568,50.073,0.013
ran_pars,subj_id,sd__(Intercept),98.735,NA,NA,NA,NA
ran_pars,subj_id,cor__(Intercept).X_i,0.102,NA,NA,NA,NA
ran_pars,subj_id,sd__X_i,33.524,NA,NA,NA,NA
ran_pars,item_id,sd__(Intercept),74.894,NA,NA,NA,NA
ran_pars,Residual,sd__Observation,199.635,NA,NA,NA,NA
fixed,NA,(Intercept),821.492,16.044,51.202,100.108,0
fixed,NA,X_i,72.902,26.004,2.804,51.18,0.007
ran_pars,subj_id,sd__(Intercept),96.944,NA,NA,NA,NA
ran_pars,subj_id,cor__(Intercept).X_i,0.025,NA,NA,NA,NA
ran_pars,subj_id,sd__X_i,47.399,NA,NA,NA,NA
ran_pars,item_id,sd__(Intercept),88.101,NA,NA,NA,NA
ran_pars,Residual,sd__Observation,202.426,NA,NA,NA,NA
fixed,NA,(Intercept),757.819,15.281,49.593,116.51,0
fixed,NA,X_i,54.978,22.795,2.412,50.201,0.02
ran_pars,subj_id,sd__(Intercept),103.307,NA,NA,NA,NA
ran_pars,subj_id,cor__(Intercept).X_i,-0.14,NA,NA,NA,NA
ran_pars,subj_id,sd__X_i,35.335,NA,NA,NA,NA
ran_pars,item_id,sd__(Intercept),77.04,NA,NA,NA,NA
ran_pars,Residual,sd__Observation,200.912,NA,NA,NA,NA
fixed,NA,(Intercept),801.491,16.081,49.84,105.845,0
fixed,NA,X_i,49.009,25.345,1.934,50.479,0.059
ran_pars,subj_id,sd__(Intercept),101.108,NA,NA,NA,NA
ran_pars,subj_id,cor__(Intercept).X_i,0.528,NA,NA,NA,NA
ran_pars,subj_id,sd__X_i,41.086,NA,NA,NA,NA
ran_pars,item_id,sd__(Intercept),86.179,NA,NA,NA,NA
ran_pars,Residual,sd__Observation,197.987,NA,NA,NA,NA
fixed,NA,(Intercept),741.926,17.047,43.522,120.816,0
fixed,NA,X_i,80.2,25.087,3.197,51.033,0.002
ran_pars,subj_id,sd__(Intercept),117.595,NA,NA,NA,NA
ran_pars,subj_id,cor__(Intercept).X_i,0.064,NA,NA,NA,NA
ran_pars,subj_id,sd__X_i,44.786,NA,NA,NA,NA
ran_pars,item_id,sd__(Intercept),85.002,NA,NA,NA,NA
ran_pars,Residual,sd__Observation,197.664,NA,NA,NA,NA
fixed,NA,(Intercept),817.538,16.061,50.902,102.979,0
fixed,NA,X_i,41.404,25.538,1.621,49.757,0.111
ran_pars,subj_id,sd__(Intercept),98.998,NA,NA,NA,NA
ran_pars,subj_id,cor__(Intercept).X_i,0.07,NA,NA,NA,NA
ran_pars,subj_id,sd__X_i,35.144,NA,NA,NA,NA
ran_pars,item_id,sd__(Intercept),87.215,NA,NA,NA,NA
ran_pars,Residual,sd__Observation,197.807,NA,NA,NA,NA
fixed,NA,(Intercept),768.418,15.251,50.383,106.089,0
fixed,NA,X_i,22.802,23.96,0.952,50.433,0.346
ran_pars,subj_id,sd__(Intercept),96.351,NA,NA,NA,NA
ran_pars,subj_id,cor__(Intercept).X_i,-0.142,NA,NA,NA,NA
ran_pars,subj_id,sd__X_i,38.726,NA,NA,NA,NA
ran_pars,item_id,sd__(Intercept),81.125,NA,NA,NA,NA
ran_pars,Residual,sd__Observation,201.805,NA,NA,NA,NA
fixed,NA,(Intercept),785.509,16.665,47.135,89.498,0
fixed,NA,X_i,85.005,28.031,3.033,49.683,0.004
ran_pars,subj_id,sd__(Intercept),92.086,NA,NA,NA,NA
ran_pars,subj_id,cor__(Intercept).X_i,0.452,NA,NA,NA,NA
ran_pars,subj_id,sd__X_i,37.482,NA,NA,NA,NA
ran_pars,item_id,sd__(Intercept),96.238,NA,NA,NA,NA
ran_pars,Residual,sd__Observation,196.039,NA,NA,NA,NA
fixed,NA,(Intercept),778.149,15.181,51.258,109.29,0
fixed,NA,X_i,21.343,23.489,0.909,50.256,0.368
ran_pars,subj_id,sd__(Intercept),97.927,NA,NA,NA,NA
ran_pars,subj_id,cor__(Intercept).X_i,-0.115,NA,NA,NA,NA
ran_pars,subj_id,sd__X_i,36.662,NA,NA,NA,NA
ran_pars,item_id,sd__(Intercept),79.6,NA,NA,NA,NA
ran_pars,Residual,sd__Observation,198.077,NA,NA,NA,NA
fixed,NA,(Intercept),789.717,15.533,50.84,125.28,0
fixed,NA,X_i,87.016,22.14,3.93,51.123,0
ran_pars,subj_id,sd__(Intercept),110.828,NA,NA,NA,NA
ran_pars,subj_id,cor__(Intercept).X_i,0.218,NA,NA,NA,NA
ran_pars,subj_id,sd__X_i,40.46,NA,NA,NA,NA
ran_pars,item_id,sd__(Intercept),74.381,NA,NA,NA,NA
ran_pars,Residual,sd__Observation,197.567,NA,NA,NA,NA
fixed,NA,(Intercept),782.36,15.681,49.893,106.49,0
fixed,NA,X_i,36.982,24.426,1.514,48.998,0.136
ran_pars,subj_id,sd__(Intercept),99.206,NA,NA,NA,NA
ran_pars,subj_id,cor__(Intercept).X_i,0.201,NA,NA,NA,NA
ran_pars,subj_id,sd__X_i,25.981,NA,NA,NA,NA
ran_pars,item_id,sd__(Intercept),83.466,NA,NA,NA,NA
ran_pars,Residual,sd__Observation,201.692,NA,NA,NA,NA
fixed,NA,(Intercept),798.515,14.352,55.637,110.692,0
fixed,NA,X_i,39.125,22.009,1.778,50.35,0.081
ran_pars,subj_id,sd__(Intercept),93.811,NA,NA,NA,NA
ran_pars,subj_id,cor__(Intercept).X_i,0.536,NA,NA,NA,NA
ran_pars,subj_id,sd__X_i,35.333,NA,NA,NA,NA
ran_pars,item_id,sd__(Intercept),74.119,NA,NA,NA,NA
ran_pars,Residual,sd__Observation,201.343,NA,NA,NA,NA
fixed,NA,(Intercept),822.419,14.367,57.242,115.632,0
fixed,NA,X_i,69.62,21.544,3.232,50.979,0.002
ran_pars,subj_id,sd__(Intercept),97.025,NA,NA,NA,NA
ran_pars,subj_id,cor__(Intercept).X_i,0.097,NA,NA,NA,NA
ran_pars,subj_id,sd__X_i,38.751,NA,NA,NA,NA
ran_pars,item_id,sd__(Intercept),72.136,NA,NA,NA,NA
ran_pars,Residual,sd__Observation,202.6,NA,NA,NA,NA
fixed,NA,(Intercept),808.462,15.728,51.402,124.268,0
fixed,NA,X_i,89.089,22.638,3.935,51.912,0
ran_pars,subj_id,sd__(Intercept),111.599,NA,NA,NA,NA
ran_pars,subj_id,cor__(Intercept).X_i,0.214,NA,NA,NA,NA
ran_pars,subj_id,sd__X_i,45.979,NA,NA,NA,NA
ran_pars,item_id,sd__(Intercept),75.694,NA,NA,NA,NA
ran_pars,Residual,sd__Observation,202.998,NA,NA,NA,NA
fixed,NA,(Intercept),815.423,15.299,53.301,114.621,0
fixed,NA,X_i,70.461,23.113,3.049,50.781,0.004
ran_pars,subj_id,sd__(Intercept),102.216,NA,NA,NA,NA
ran_pars,subj_id,cor__(Intercept).X_i,0.359,NA,NA,NA,NA
ran_pars,subj_id,sd__X_i,39.929,NA,NA,NA,NA
ran_pars,item_id,sd__(Intercept),77.914,NA,NA,NA,NA
ran_pars,Residual,sd__Observation,201.927,NA,NA,NA,NA
fixed,NA,(Intercept),789.458,16.488,47.88,99.825,0
fixed,NA,X_i,51.577,26.765,1.927,51.116,0.06
ran_pars,subj_id,sd__(Intercept),99.289,NA,NA,NA,NA
ran_pars,subj_id,cor__(Intercept).X_i,-0.07,NA,NA,NA,NA
ran_pars,subj_id,sd__X_i,48.231,NA,NA,NA,NA
ran_pars,item_id,sd__(Intercept),90.896,NA,NA,NA,NA
ran_pars,Residual,sd__Observation,200.47,NA,NA,NA,NA
fixed,NA,(Intercept),792.522,15.943,49.71,106.067,0
fixed,NA,X_i,60.455,25.026,2.416,49.995,0.019
ran_pars,subj_id,sd__(Intercept),100.48,NA,NA,NA,NA
ran_pars,subj_id,cor__(Intercept).X_i,0.13,NA,NA,NA,NA
ran_pars,subj_id,sd__X_i,36.684,NA,NA,NA,NA
ran_pars,item_id,sd__(Intercept),85.194,NA,NA,NA,NA
ran_pars,Residual,sd__Observation,200.631,NA,NA,NA,NA
fixed,NA,(Intercept),824.483,15.534,53.076,108.508,0
fixed,NA,X_i,100.08,24.093,4.154,49.965,0
ran_pars,subj_id,sd__(Intercept),99.642,NA,NA,NA,NA
ran_pars,subj_id,cor__(Intercept).X_i,0.44,NA,NA,NA,NA
ran_pars,subj_id,sd__X_i,35.171,NA,NA,NA,NA
ran_pars,item_id,sd__(Intercept),81.839,NA,NA,NA,NA
ran_pars,Residual,sd__Observation,200.891,NA,NA,NA,NA
fixed,NA,(Intercept),801.15,15.876,50.464,116.216,0
fixed,NA,X_i,18.528,23.922,0.774,51.44,0.442
ran_pars,subj_id,sd__(Intercept),106.831,NA,NA,NA,NA
ran_pars,subj_id,cor__(Intercept).X_i,0.115,NA,NA,NA,NA
ran_pars,subj_id,sd__X_i,45.442,NA,NA,NA,NA
ran_pars,item_id,sd__(Intercept),80.631,NA,NA,NA,NA
ran_pars,Residual,sd__Observation,198.523,NA,NA,NA,NA
fixed,NA,(Intercept),812.715,15.566,52.212,111.779,0
fixed,NA,X_i,41.021,23.935,1.714,51.176,0.093
ran_pars,subj_id,sd__(Intercept),101.913,NA,NA,NA,NA
ran_pars,subj_id,cor__(Intercept).X_i,0.144,NA,NA,NA,NA
ran_pars,subj_id,sd__X_i,43.789,NA,NA,NA,NA
ran_pars,item_id,sd__(Intercept),80.813,NA,NA,NA,NA
ran_pars,Residual,sd__Observation,197.617,NA,NA,NA,NA
fixed,NA,(Intercept),811.574,16.791,48.335,104.343,0
fixed,NA,X_i,64.899,26.646,2.436,50.436,0.018
ran_pars,subj_id,sd__(Intercept),104.402,NA,NA,NA,NA
ran_pars,subj_id,cor__(Intercept).X_i,0.077,NA,NA,NA,NA
ran_pars,subj_id,sd__X_i,42.766,NA,NA,NA,NA
ran_pars,item_id,sd__(Intercept),90.764,NA,NA,NA,NA
ran_pars,Residual,sd__Observation,202.109,NA,NA,NA,NA
fixed,NA,(Intercept),780.627,13.857,56.333,119.399,0
fixed,NA,X_i,50.805,20.207,2.514,50.41,0.015
ran_pars,subj_id,sd__(Intercept),96.293,NA,NA,NA,NA
ran_pars,subj_id,cor__(Intercept).X_i,0.626,NA,NA,NA,NA
ran_pars,subj_id,sd__X_i,33.337,NA,NA,NA,NA
ran_pars,item_id,sd__(Intercept),67.402,NA,NA,NA,NA
ran_pars,Residual,sd__Observation,205.479,NA,NA,NA,NA
fixed,NA,(Intercept),820.078,14.598,56.179,118.398,0
fixed,NA,X_i,75.143,21.791,3.448,52.747,0.001
ran_pars,subj_id,sd__(Intercept),100.131,NA,NA,NA,NA
ran_pars,subj_id,cor__(Intercept).X_i,0.165,NA,NA,NA,NA
ran_pars,subj_id,sd__X_i,48.502,NA,NA,NA,NA
ran_pars,item_id,sd__(Intercept),72.414,NA,NA,NA,NA
ran_pars,Residual,sd__Observation,199.419,NA,NA,NA,NA
fixed,NA,(Intercept),790.54,14.365,55.032,111.043,0
fixed,NA,X_i,47.567,22.033,2.159,50.676,0.036
ran_pars,subj_id,sd__(Intercept),94.083,NA,NA,NA,NA
ran_pars,subj_id,cor__(Intercept).X_i,0.347,NA,NA,NA,NA
ran_pars,subj_id,sd__X_i,37.543,NA,NA,NA,NA
ran_pars,item_id,sd__(Intercept),74.094,NA,NA,NA,NA
ran_pars,Residual,sd__Observation,200.538,NA,NA,NA,NA
fixed,NA,(Intercept),804.567,15.69,51.278,124.551,0
fixed,NA,X_i,48.291,22.202,2.175,49.028,0.034
ran_pars,subj_id,sd__(Intercept),111.556,NA,NA,NA,NA
ran_pars,subj_id,cor__(Intercept).X_i,0.22,NA,NA,NA,NA
ran_pars,subj_id,sd__X_i,24.431,NA,NA,NA,NA
ran_pars,item_id,sd__(Intercept),75.334,NA,NA,NA,NA
ran_pars,Residual,sd__Observation,202.948,NA,NA,NA,NA
fixed,NA,(Intercept),817.847,14.297,57.204,122.582,0
fixed,NA,X_i,26.241,20.674,1.269,51.99,0.21
ran_pars,subj_id,sd__(Intercept),101.052,NA,NA,NA,NA
ran_pars,subj_id,cor__(Intercept).X_i,0.062,NA,NA,NA,NA
ran_pars,subj_id,sd__X_i,42.753,NA,NA,NA,NA
ran_pars,item_id,sd__(Intercept),68.6,NA,NA,NA,NA
ran_pars,Residual,sd__Observation,202.075,NA,NA,NA,NA
fixed,NA,(Intercept),811.346,13.943,58.189,112.613,0
fixed,NA,X_i,45.195,21.3,2.122,51.715,0.039
ran_pars,subj_id,sd__(Intercept),92.464,NA,NA,NA,NA
ran_pars,subj_id,cor__(Intercept).X_i,-0.015,NA,NA,NA,NA
ran_pars,subj_id,sd__X_i,42.444,NA,NA,NA,NA
ran_pars,item_id,sd__(Intercept),71,NA,NA,NA,NA
ran_pars,Residual,sd__Observation,201.229,NA,NA,NA,NA
fixed,NA,(Intercept),826.343,14.138,58.447,111.072,0
fixed,NA,X_i,34.815,21.767,1.599,51.591,0.116
ran_pars,subj_id,sd__(Intercept),92.72,NA,NA,NA,NA
ran_pars,subj_id,cor__(Intercept).X_i,0.275,NA,NA,NA,NA
ran_pars,subj_id,sd__X_i,42.565,NA,NA,NA,NA
ran_pars,item_id,sd__(Intercept),72.74,NA,NA,NA,NA
ran_pars,Residual,sd__Observation,201.252,NA,NA,NA,NA
fixed,NA,(Intercept),800.132,15.468,51.728,120.721,0
fixed,NA,X_i,85.394,22.459,3.802,49.194,0
ran_pars,subj_id,sd__(Intercept),107.18,NA,NA,NA,NA
ran_pars,subj_id,cor__(Intercept).X_i,0.169,NA,NA,NA,NA
ran_pars,subj_id,sd__X_i,26.228,NA,NA,NA,NA
ran_pars,item_id,sd__(Intercept),76.369,NA,NA,NA,NA
ran_pars,Residual,sd__Observation,196.688,NA,NA,NA,NA
fixed,NA,(Intercept),797.452,15.992,49.867,99.631,0
fixed,NA,X_i,25.34,26.076,0.972,51.869,0.336
ran_pars,subj_id,sd__(Intercept),96.187,NA,NA,NA,NA
ran_pars,subj_id,cor__(Intercept).X_i,0.332,NA,NA,NA,NA
ran_pars,subj_id,sd__X_i,52.05,NA,NA,NA,NA
ran_pars,item_id,sd__(Intercept),88.182,NA,NA,NA,NA
ran_pars,Residual,sd__Observation,196.136,NA,NA,NA,NA
fixed,NA,(Intercept),795.467,15.363,51.777,115.841,0
fixed,NA,X_i,48.635,23.069,2.108,50.909,0.04
ran_pars,subj_id,sd__(Intercept),103.504,NA,NA,NA,NA
ran_pars,subj_id,cor__(Intercept).X_i,-0.02,NA,NA,NA,NA
ran_pars,subj_id,sd__X_i,40.748,NA,NA,NA,NA
ran_pars,item_id,sd__(Intercept),77.626,NA,NA,NA,NA
ran_pars,Residual,sd__Observation,204.718,NA,NA,NA,NA
fixed,NA,(Intercept),793.032,16.485,48.105,103.051,0
fixed,NA,X_i,69.204,26.309,2.63,50.507,0.011
ran_pars,subj_id,sd__(Intercept),101.644,NA,NA,NA,NA
ran_pars,subj_id,cor__(Intercept).X_i,0.154,NA,NA,NA,NA
ran_pars,subj_id,sd__X_i,42.86,NA,NA,NA,NA
ran_pars,item_id,sd__(Intercept),89.53,NA,NA,NA,NA
ran_pars,Residual,sd__Observation,201.719,NA,NA,NA,NA
fixed,NA,(Intercept),807.193,15.357,52.562,108.391,0
fixed,NA,X_i,85.386,24.053,3.55,51.739,0.001
ran_pars,subj_id,sd__(Intercept),98.408,NA,NA,NA,NA
ran_pars,subj_id,cor__(Intercept).X_i,0.04,NA,NA,NA,NA
ran_pars,subj_id,sd__X_i,47.507,NA,NA,NA,NA
ran_pars,item_id,sd__(Intercept),80.989,NA,NA,NA,NA
ran_pars,Residual,sd__Observation,197.605,NA,NA,NA,NA
fixed,NA,(Intercept),800.087,14.292,55.98,98.871,0
fixed,NA,X_i,55.961,23.319,2.4,51.884,0.02
ran_pars,subj_id,sd__(Intercept),85.943,NA,NA,NA,NA
ran_pars,subj_id,cor__(Intercept).X_i,-0.014,NA,NA,NA,NA
ran_pars,subj_id,sd__X_i,47.034,NA,NA,NA,NA
ran_pars,item_id,sd__(Intercept),78.228,NA,NA,NA,NA
ran_pars,Residual,sd__Observation,200.181,NA,NA,NA,NA
fixed,NA,(Intercept),799.774,14.703,54.394,109.491,0
fixed,NA,X_i,39.869,22.591,1.765,49.334,0.084
ran_pars,subj_id,sd__(Intercept),95.141,NA,NA,NA,NA
ran_pars,subj_id,cor__(Intercept).X_i,0.37,NA,NA,NA,NA
ran_pars,subj_id,sd__X_i,27.735,NA,NA,NA,NA
ran_pars,item_id,sd__(Intercept),76.736,NA,NA,NA,NA
ran_pars,Residual,sd__Observation,198.764,NA,NA,NA,NA
fixed,NA,(Intercept),805.038,15.162,53.094,111.01,0
fixed,NA,X_i,87.412,23.324,3.748,50.849,0
ran_pars,subj_id,sd__(Intercept),99.017,NA,NA,NA,NA
ran_pars,subj_id,cor__(Intercept).X_i,0.111,NA,NA,NA,NA
ran_pars,subj_id,sd__X_i,40.719,NA,NA,NA,NA
ran_pars,item_id,sd__(Intercept),78.648,NA,NA,NA,NA
ran_pars,Residual,sd__Observation,201.798,NA,NA,NA,NA
fixed,NA,(Intercept),802.116,14.14,56.725,98.398,0
fixed,NA,X_i,67.412,23.244,2.9,52.975,0.005
ran_pars,subj_id,sd__(Intercept),84.736,NA,NA,NA,NA
ran_pars,subj_id,cor__(Intercept).X_i,0.463,NA,NA,NA,NA
ran_pars,subj_id,sd__X_i,52.602,NA,NA,NA,NA
ran_pars,item_id,sd__(Intercept),77.541,NA,NA,NA,NA
ran_pars,Residual,sd__Observation,198.708,NA,NA,NA,NA
fixed,NA,(Intercept),803.417,14.081,57.058,126.626,0
fixed,NA,X_i,97.21,19.431,5.003,49.141,0
ran_pars,subj_id,sd__(Intercept),102.58,NA,NA,NA,NA
ran_pars,subj_id,cor__(Intercept).X_i,0.611,NA,NA,NA,NA
ran_pars,subj_id,sd__X_i,23.238,NA,NA,NA,NA
ran_pars,item_id,sd__(Intercept),65.113,NA,NA,NA,NA
ran_pars,Residual,sd__Observation,203.077,NA,NA,NA,NA
fixed,NA,(Intercept),782.438,15.029,52.062,122.544,0
fixed,NA,X_i,22.728,21.893,1.038,52.626,0.304
ran_pars,subj_id,sd__(Intercept),105.752,NA,NA,NA,NA
ran_pars,subj_id,cor__(Intercept).X_i,0.231,NA,NA,NA,NA
ran_pars,subj_id,sd__X_i,48.163,NA,NA,NA,NA
ran_pars,item_id,sd__(Intercept),72.761,NA,NA,NA,NA
ran_pars,Residual,sd__Observation,201.834,NA,NA,NA,NA
fixed,NA,(Intercept),815.378,14.56,56.003,132.165,0
fixed,NA,X_i,104.654,19.32,5.417,50.922,0
ran_pars,subj_id,sd__(Intercept),110.327,NA,NA,NA,NA
ran_pars,subj_id,cor__(Intercept).X_i,0.001,NA,NA,NA,NA
ran_pars,subj_id,sd__X_i,34.952,NA,NA,NA,NA
ran_pars,item_id,sd__(Intercept),64.091,NA,NA,NA,NA
ran_pars,Residual,sd__Observation,201.341,NA,NA,NA,NA
fixed,NA,(Intercept),812.836,14.744,55.131,107.156,0
fixed,NA,X_i,59.568,23.015,2.588,50.428,0.013
ran_pars,subj_id,sd__(Intercept),94.046,NA,NA,NA,NA
ran_pars,subj_id,cor__(Intercept).X_i,0.218,NA,NA,NA,NA
ran_pars,subj_id,sd__X_i,37.37,NA,NA,NA,NA
ran_pars,item_id,sd__(Intercept),77.644,NA,NA,NA,NA
ran_pars,Residual,sd__Observation,204.431,NA,NA,NA,NA
fixed,NA,(Intercept),804.936,16.855,47.756,114.987,0
fixed,NA,X_i,51.809,25.373,2.042,49.836,0.046
ran_pars,subj_id,sd__(Intercept),112.407,NA,NA,NA,NA
ran_pars,subj_id,cor__(Intercept).X_i,0.347,NA,NA,NA,NA
ran_pars,subj_id,sd__X_i,35.795,NA,NA,NA,NA
ran_pars,item_id,sd__(Intercept),86.41,NA,NA,NA,NA
ran_pars,Residual,sd__Observation,205.14,NA,NA,NA,NA
fixed,NA,(Intercept),784.028,14.696,53.348,108.613,0
fixed,NA,X_i,53.743,22.79,2.358,50.308,0.022
ran_pars,subj_id,sd__(Intercept),94.546,NA,NA,NA,NA
ran_pars,subj_id,cor__(Intercept).X_i,0.251,NA,NA,NA,NA
ran_pars,subj_id,sd__X_i,36.068,NA,NA,NA,NA
ran_pars,item_id,sd__(Intercept),77.036,NA,NA,NA,NA
ran_pars,Residual,sd__Observation,198.799,NA,NA,NA,NA
fixed,NA,(Intercept),760.578,14.187,53.612,110.104,0
fixed,NA,X_i,60.328,22.081,2.732,52.725,0.009
ran_pars,subj_id,sd__(Intercept),92.395,NA,NA,NA,NA
ran_pars,subj_id,cor__(Intercept).X_i,0.232,NA,NA,NA,NA
ran_pars,subj_id,sd__X_i,48.986,NA,NA,NA,NA
ran_pars,item_id,sd__(Intercept),73.447,NA,NA,NA,NA
ran_pars,Residual,sd__Observation,200.088,NA,NA,NA,NA
fixed,NA,(Intercept),798.896,13.868,57.606,101.231,0
fixed,NA,X_i,59.878,22.359,2.678,51.705,0.01
ran_pars,subj_id,sd__(Intercept),84.997,NA,NA,NA,NA
ran_pars,subj_id,cor__(Intercept).X_i,0.12,NA,NA,NA,NA
ran_pars,subj_id,sd__X_i,44.26,NA,NA,NA,NA
ran_pars,item_id,sd__(Intercept),74.88,NA,NA,NA,NA
ran_pars,Residual,sd__Observation,199.356,NA,NA,NA,NA
fixed,NA,(Intercept),816.329,14.437,56.543,117.764,0
fixed,NA,X_i,30.62,21.221,1.443,49.143,0.155
ran_pars,subj_id,sd__(Intercept),98.673,NA,NA,NA,NA
ran_pars,subj_id,cor__(Intercept).X_i,0.459,NA,NA,NA,NA
ran_pars,subj_id,sd__X_i,24.596,NA,NA,NA,NA
ran_pars,item_id,sd__(Intercept),71.829,NA,NA,NA,NA
ran_pars,Residual,sd__Observation,198.55,NA,NA,NA,NA
fixed,NA,(Intercept),790.625,15.002,52.701,110.458,0
fixed,NA,X_i,66.773,22.978,2.906,49.587,0.005
ran_pars,subj_id,sd__(Intercept),97.677,NA,NA,NA,NA
ran_pars,subj_id,cor__(Intercept).X_i,0.184,NA,NA,NA,NA
ran_pars,subj_id,sd__X_i,30.567,NA,NA,NA,NA
ran_pars,item_id,sd__(Intercept),77.941,NA,NA,NA,NA
ran_pars,Residual,sd__Observation,202.012,NA,NA,NA,NA
fixed,NA,(Intercept),788.562,14.308,55.113,122.31,0
fixed,NA,X_i,40.534,20.576,1.97,50.516,0.054
ran_pars,subj_id,sd__(Intercept),100.918,NA,NA,NA,NA
ran_pars,subj_id,cor__(Intercept).X_i,0.106,NA,NA,NA,NA
ran_pars,subj_id,sd__X_i,34.433,NA,NA,NA,NA
ran_pars,item_id,sd__(Intercept),68.831,NA,NA,NA,NA
ran_pars,Residual,sd__Observation,201.501,NA,NA,NA,NA
fixed,NA,(Intercept),754.237,14.736,51.184,117.212,0
fixed,NA,X_i,56.369,22.011,2.561,51.488,0.013
ran_pars,subj_id,sd__(Intercept),100.259,NA,NA,NA,NA
ran_pars,subj_id,cor__(Intercept).X_i,-0.045,NA,NA,NA,NA
ran_pars,subj_id,sd__X_i,42.424,NA,NA,NA,NA
ran_pars,item_id,sd__(Intercept),73.702,NA,NA,NA,NA
ran_pars,Residual,sd__Observation,199.789,NA,NA,NA,NA
fixed,NA,(Intercept),787.147,14.535,54.156,115.89,0
fixed,NA,X_i,74.355,22.059,3.371,53.182,0.001
ran_pars,subj_id,sd__(Intercept),98.038,NA,NA,NA,NA
ran_pars,subj_id,cor__(Intercept).X_i,0.311,NA,NA,NA,NA
ran_pars,subj_id,sd__X_i,51.011,NA,NA,NA,NA
ran_pars,item_id,sd__(Intercept),73.291,NA,NA,NA,NA
ran_pars,Residual,sd__Observation,196.394,NA,NA,NA,NA
fixed,NA,(Intercept),814.485,15.194,53.605,107.478,0
fixed,NA,X_i,79.291,23.469,3.379,48.432,0.001
ran_pars,subj_id,sd__(Intercept),96.914,NA,NA,NA,NA
ran_pars,subj_id,cor__(Intercept).X_i,0.69,NA,NA,NA,NA
ran_pars,subj_id,sd__X_i,17.414,NA,NA,NA,NA
ran_pars,item_id,sd__(Intercept),80.254,NA,NA,NA,NA
ran_pars,Residual,sd__Observation,201.606,NA,NA,NA,NA
fixed,NA,(Intercept),793.237,16.59,47.813,109.929,0
fixed,NA,X_i,20.599,25.654,0.803,50.264,0.426
ran_pars,subj_id,sd__(Intercept),107.084,NA,NA,NA,NA
ran_pars,subj_id,cor__(Intercept).X_i,0.398,NA,NA,NA,NA
ran_pars,subj_id,sd__X_i,39.831,NA,NA,NA,NA
ran_pars,item_id,sd__(Intercept),87.341,NA,NA,NA,NA
ran_pars,Residual,sd__Observation,199.966,NA,NA,NA,NA
fixed,NA,(Intercept),823.076,15.485,53.153,123.515,0
fixed,NA,X_i,84.756,22.179,3.821,50.049,0
ran_pars,subj_id,sd__(Intercept),109.354,NA,NA,NA,NA
ran_pars,subj_id,cor__(Intercept).X_i,0.552,NA,NA,NA,NA
ran_pars,subj_id,sd__X_i,33.315,NA,NA,NA,NA
ran_pars,item_id,sd__(Intercept),74.889,NA,NA,NA,NA
ran_pars,Residual,sd__Observation,200.415,NA,NA,NA,NA
fixed,NA,(Intercept),775.959,13.623,56.96,121.972,0
fixed,NA,X_i,44.683,19.878,2.248,53.721,0.029
ran_pars,subj_id,sd__(Intercept),96.295,NA,NA,NA,NA
ran_pars,subj_id,cor__(Intercept).X_i,0.18,NA,NA,NA,NA
ran_pars,subj_id,sd__X_i,48.682,NA,NA,NA,NA
ran_pars,item_id,sd__(Intercept),65.089,NA,NA,NA,NA
ran_pars,Residual,sd__Observation,201.533,NA,NA,NA,NA
fixed,NA,(Intercept),782.986,15.017,52.14,109.008,0
fixed,NA,X_i,64.426,23.351,2.759,51.23,0.008
ran_pars,subj_id,sd__(Intercept),96.885,NA,NA,NA,NA
ran_pars,subj_id,cor__(Intercept).X_i,0.406,NA,NA,NA,NA
ran_pars,subj_id,sd__X_i,43.257,NA,NA,NA,NA
ran_pars,item_id,sd__(Intercept),78.522,NA,NA,NA,NA
ran_pars,Residual,sd__Observation,204.037,NA,NA,NA,NA
fixed,NA,(Intercept),784.15,16.634,47.142,109.741,0
fixed,NA,X_i,49.849,25.86,1.928,51.164,0.059
ran_pars,subj_id,sd__(Intercept),107.252,NA,NA,NA,NA
ran_pars,subj_id,cor__(Intercept).X_i,-0.078,NA,NA,NA,NA
ran_pars,subj_id,sd__X_i,47.049,NA,NA,NA,NA
ran_pars,item_id,sd__(Intercept),87.621,NA,NA,NA,NA
ran_pars,Residual,sd__Observation,201.274,NA,NA,NA,NA
fixed,NA,(Intercept),812.13,15.937,50.959,122.113,0
fixed,NA,X_i,52.732,22.939,2.299,48.959,0.026
ran_pars,subj_id,sd__(Intercept),111.306,NA,NA,NA,NA
ran_pars,subj_id,cor__(Intercept).X_i,0.215,NA,NA,NA,NA
ran_pars,subj_id,sd__X_i,24.139,NA,NA,NA,NA
ran_pars,item_id,sd__(Intercept),78.134,NA,NA,NA,NA
ran_pars,Residual,sd__Observation,199.966,NA,NA,NA,NA
fixed,NA,(Intercept),796.265,15.555,51.191,100.495,0
fixed,NA,X_i,53.234,24.936,2.135,49.429,0.038
ran_pars,subj_id,sd__(Intercept),94.305,NA,NA,NA,NA
ran_pars,subj_id,cor__(Intercept).X_i,0.634,NA,NA,NA,NA
ran_pars,subj_id,sd__X_i,31.192,NA,NA,NA,NA
ran_pars,item_id,sd__(Intercept),85.181,NA,NA,NA,NA
ran_pars,Residual,sd__Observation,198.781,NA,NA,NA,NA
fixed,NA,(Intercept),778.189,15.599,49.886,110.968,0
fixed,NA,X_i,31.973,24.038,1.33,50.827,0.189
ran_pars,subj_id,sd__(Intercept),101.593,NA,NA,NA,NA
ran_pars,subj_id,cor__(Intercept).X_i,0.622,NA,NA,NA,NA
ran_pars,subj_id,sd__X_i,41.625,NA,NA,NA,NA
ran_pars,item_id,sd__(Intercept),81.334,NA,NA,NA,NA
ran_pars,Residual,sd__Observation,197.741,NA,NA,NA,NA
fixed,NA,(Intercept),818.319,14.787,55.341,99.535,0
fixed,NA,X_i,40.979,23.986,1.708,51.095,0.094
ran_pars,subj_id,sd__(Intercept),89.161,NA,NA,NA,NA
ran_pars,subj_id,cor__(Intercept).X_i,0.388,NA,NA,NA,NA
ran_pars,subj_id,sd__X_i,43.251,NA,NA,NA,NA
ran_pars,item_id,sd__(Intercept),81.031,NA,NA,NA,NA
ran_pars,Residual,sd__Observation,197.923,NA,NA,NA,NA
fixed,NA,(Intercept),797.336,16.561,48.146,103.623,0
fixed,NA,X_i,71.917,26.259,2.739,49.674,0.009
ran_pars,subj_id,sd__(Intercept),102.459,NA,NA,NA,NA
ran_pars,subj_id,cor__(Intercept).X_i,0.288,NA,NA,NA,NA
ran_pars,subj_id,sd__X_i,35.283,NA,NA,NA,NA
ran_pars,item_id,sd__(Intercept),89.809,NA,NA,NA,NA
ran_pars,Residual,sd__Observation,199.542,NA,NA,NA,NA
fixed,NA,(Intercept),834.704,13.996,59.639,120.849,0
fixed,NA,X_i,77.215,20.444,3.777,52.329,0
ran_pars,subj_id,sd__(Intercept),98.108,NA,NA,NA,NA
ran_pars,subj_id,cor__(Intercept).X_i,0.429,NA,NA,NA,NA
ran_pars,subj_id,sd__X_i,44.032,NA,NA,NA,NA
ran_pars,item_id,sd__(Intercept),67.531,NA,NA,NA,NA
ran_pars,Residual,sd__Observation,205.283,NA,NA,NA,NA
fixed,NA,(Intercept),796.32,15.151,52.557,114.157,0
fixed,NA,X_i,67.337,22.813,2.952,49.752,0.005
ran_pars,subj_id,sd__(Intercept),100.991,NA,NA,NA,NA
ran_pars,subj_id,cor__(Intercept).X_i,0.153,NA,NA,NA,NA
ran_pars,subj_id,sd__X_i,31.833,NA,NA,NA,NA
ran_pars,item_id,sd__(Intercept),77.271,NA,NA,NA,NA
ran_pars,Residual,sd__Observation,201.976,NA,NA,NA,NA
fixed,NA,(Intercept),803.785,16.135,49.817,115.239,0
fixed,NA,X_i,-6.129,24.602,-0.249,52.715,0.804
ran_pars,subj_id,sd__(Intercept),107.854,NA,NA,NA,NA
ran_pars,subj_id,cor__(Intercept).X_i,0.197,NA,NA,NA,NA
ran_pars,subj_id,sd__X_i,54.089,NA,NA,NA,NA
ran_pars,item_id,sd__(Intercept),82.464,NA,NA,NA,NA
ran_pars,Residual,sd__Observation,199.951,NA,NA,NA,NA
fixed,NA,(Intercept),770.974,15.706,49.087,104.928,0
fixed,NA,X_i,7.619,24.675,0.309,49.152,0.759
ran_pars,subj_id,sd__(Intercept),98.196,NA,NA,NA,NA
ran_pars,subj_id,cor__(Intercept).X_i,0.09,NA,NA,NA,NA
ran_pars,subj_id,sd__X_i,27.915,NA,NA,NA,NA
ran_pars,item_id,sd__(Intercept),84.422,NA,NA,NA,NA
ran_pars,Residual,sd__Observation,196.489,NA,NA,NA,NA
fixed,NA,(Intercept),764.572,14.755,51.816,102.988,0
fixed,NA,X_i,44.242,23.372,1.893,49.486,0.064
ran_pars,subj_id,sd__(Intercept),91.333,NA,NA,NA,NA
ran_pars,subj_id,cor__(Intercept).X_i,0.105,NA,NA,NA,NA
ran_pars,subj_id,sd__X_i,30.046,NA,NA,NA,NA
ran_pars,item_id,sd__(Intercept),79.456,NA,NA,NA,NA
ran_pars,Residual,sd__Observation,200.487,NA,NA,NA,NA
fixed,NA,(Intercept),805.067,16.151,49.847,119.607,0
fixed,NA,X_i,69.451,23.752,2.924,50.298,0.005
ran_pars,subj_id,sd__(Intercept),111.043,NA,NA,NA,NA
ran_pars,subj_id,cor__(Intercept).X_i,0.293,NA,NA,NA,NA
ran_pars,subj_id,sd__X_i,37.442,NA,NA,NA,NA
ran_pars,item_id,sd__(Intercept),80.411,NA,NA,NA,NA
ran_pars,Residual,sd__Observation,202.748,NA,NA,NA,NA
fixed,NA,(Intercept),808.639,14.337,56.403,110.877,0
fixed,NA,X_i,94.773,21.853,4.337,49.312,0
ran_pars,subj_id,sd__(Intercept),93.785,NA,NA,NA,NA
ran_pars,subj_id,cor__(Intercept).X_i,0.504,NA,NA,NA,NA
ran_pars,subj_id,sd__X_i,26.835,NA,NA,NA,NA
ran_pars,item_id,sd__(Intercept),74.031,NA,NA,NA,NA
ran_pars,Residual,sd__Observation,199.703,NA,NA,NA,NA
fixed,NA,(Intercept),806.175,14.639,55.071,102.794,0
fixed,NA,X_i,56.844,23.264,2.443,49.976,0.018
ran_pars,subj_id,sd__(Intercept),90.5,NA,NA,NA,NA
ran_pars,subj_id,cor__(Intercept).X_i,0.09,NA,NA,NA,NA
ran_pars,subj_id,sd__X_i,34.151,NA,NA,NA,NA
ran_pars,item_id,sd__(Intercept),78.871,NA,NA,NA,NA
ran_pars,Residual,sd__Observation,199.749,NA,NA,NA,NA
fixed,NA,(Intercept),787.83,16.672,47.255,107.189,0
fixed,NA,X_i,60.424,26.068,2.318,50.036,0.025
ran_pars,subj_id,sd__(Intercept),105.72,NA,NA,NA,NA
ran_pars,subj_id,cor__(Intercept).X_i,-0.09,NA,NA,NA,NA
ran_pars,subj_id,sd__X_i,38.476,NA,NA,NA,NA
ran_pars,item_id,sd__(Intercept),88.875,NA,NA,NA,NA
ran_pars,Residual,sd__Observation,202.554,NA,NA,NA,NA
fixed,NA,(Intercept),792.067,15.15,52.283,117.396,0
fixed,NA,X_i,76.222,22.45,3.395,49.75,0.001
ran_pars,subj_id,sd__(Intercept),102.932,NA,NA,NA,NA
ran_pars,subj_id,cor__(Intercept).X_i,-0.228,NA,NA,NA,NA
ran_pars,subj_id,sd__X_i,31.26,NA,NA,NA,NA
ran_pars,item_id,sd__(Intercept),76.092,NA,NA,NA,NA
ran_pars,Residual,sd__Observation,197.015,NA,NA,NA,NA
fixed,NA,(Intercept),803.369,16.72,48.049,106.172,0
fixed,NA,X_i,36.708,26.626,1.379,52.626,0.174
ran_pars,subj_id,sd__(Intercept),105.198,NA,NA,NA,NA
ran_pars,subj_id,cor__(Intercept).X_i,0.11,NA,NA,NA,NA
ran_pars,subj_id,sd__X_i,57.778,NA,NA,NA,NA
ran_pars,item_id,sd__(Intercept),89.738,NA,NA,NA,NA
ran_pars,Residual,sd__Observation,197.878,NA,NA,NA,NA
fixed,NA,(Intercept),790.89,15.622,50.627,115.146,0
fixed,NA,X_i,42.165,23.401,1.802,49.512,0.078
ran_pars,subj_id,sd__(Intercept),104.618,NA,NA,NA,NA
ran_pars,subj_id,cor__(Intercept).X_i,-0.386,NA,NA,NA,NA
ran_pars,subj_id,sd__X_i,30.36,NA,NA,NA,NA
ran_pars,item_id,sd__(Intercept),79.494,NA,NA,NA,NA
ran_pars,Residual,sd__Observation,202.571,NA,NA,NA,NA
fixed,NA,(Intercept),785.199,16.547,47.453,99.238,0
fixed,NA,X_i,52.012,26.786,1.942,50.074,0.058
ran_pars,subj_id,sd__(Intercept),99.186,NA,NA,NA,NA
ran_pars,subj_id,cor__(Intercept).X_i,0.215,NA,NA,NA,NA
ran_pars,subj_id,sd__X_i,39.775,NA,NA,NA,NA
ran_pars,item_id,sd__(Intercept),91.494,NA,NA,NA,NA
ran_pars,Residual,sd__Observation,199.924,NA,NA,NA,NA
fixed,NA,(Intercept),815.857,15.661,52.096,126.311,0
fixed,NA,X_i,36.78,21.885,1.681,49.142,0.099
ran_pars,subj_id,sd__(Intercept),112.751,NA,NA,NA,NA
ran_pars,subj_id,cor__(Intercept).X_i,0.62,NA,NA,NA,NA
ran_pars,subj_id,sd__X_i,25.374,NA,NA,NA,NA
ran_pars,item_id,sd__(Intercept),74.079,NA,NA,NA,NA
ran_pars,Residual,sd__Observation,204.676,NA,NA,NA,NA
fixed,NA,(Intercept),822.666,14.942,55.059,89.843,0
fixed,NA,X_i,30.761,25.265,1.218,51.308,0.229
ran_pars,subj_id,sd__(Intercept),83.181,NA,NA,NA,NA
ran_pars,subj_id,cor__(Intercept).X_i,0.064,NA,NA,NA,NA
ran_pars,subj_id,sd__X_i,46.988,NA,NA,NA,NA
ran_pars,item_id,sd__(Intercept),85.438,NA,NA,NA,NA
ran_pars,Residual,sd__Observation,200.841,NA,NA,NA,NA
fixed,NA,(Intercept),815.319,15.583,52.321,115.798,0
fixed,NA,X_i,23.903,23.375,1.023,50.201,0.311
ran_pars,subj_id,sd__(Intercept),104.64,NA,NA,NA,NA
ran_pars,subj_id,cor__(Intercept).X_i,0.193,NA,NA,NA,NA
ran_pars,subj_id,sd__X_i,36.124,NA,NA,NA,NA
ran_pars,item_id,sd__(Intercept),79.252,NA,NA,NA,NA
ran_pars,Residual,sd__Observation,196.384,NA,NA,NA,NA
fixed,NA,(Intercept),806.388,17.053,47.286,93.251,0
fixed,NA,X_i,-10.342,28.244,-0.366,49.623,0.716
ran_pars,subj_id,sd__(Intercept),97.386,NA,NA,NA,NA
ran_pars,subj_id,cor__(Intercept).X_i,0.215,NA,NA,NA,NA
ran_pars,subj_id,sd__X_i,37.153,NA,NA,NA,NA
ran_pars,item_id,sd__(Intercept),96.952,NA,NA,NA,NA
ran_pars,Residual,sd__Observation,199.811,NA,NA,NA,NA
fixed,NA,(Intercept),800.033,14.021,57.058,112.841,0
fixed,NA,X_i,56.126,21.031,2.669,48.433,0.01
ran_pars,subj_id,sd__(Intercept),93.1,NA,NA,NA,NA
ran_pars,subj_id,cor__(Intercept).X_i,0.159,NA,NA,NA,NA
ran_pars,subj_id,sd__X_i,16.238,NA,NA,NA,NA
ran_pars,item_id,sd__(Intercept),71.332,NA,NA,NA,NA
ran_pars,Residual,sd__Observation,201.936,NA,NA,NA,NA
fixed,NA,(Intercept),795.275,16.728,47.54,108.702,0
fixed,NA,X_i,55.546,25.929,2.142,49.569,0.037
ran_pars,subj_id,sd__(Intercept),107.061,NA,NA,NA,NA
ran_pars,subj_id,cor__(Intercept).X_i,0.531,NA,NA,NA,NA
ran_pars,subj_id,sd__X_i,33.788,NA,NA,NA,NA
ran_pars,item_id,sd__(Intercept),88.683,NA,NA,NA,NA
ran_pars,Residual,sd__Observation,199.064,NA,NA,NA,NA
fixed,NA,(Intercept),815.691,15.444,52.815,122.328,0
fixed,NA,X_i,71.547,22.42,3.191,51.297,0.002
ran_pars,subj_id,sd__(Intercept),108.297,NA,NA,NA,NA
ran_pars,subj_id,cor__(Intercept).X_i,0.171,NA,NA,NA,NA
ran_pars,subj_id,sd__X_i,42.067,NA,NA,NA,NA
ran_pars,item_id,sd__(Intercept),75.21,NA,NA,NA,NA
ran_pars,Residual,sd__Observation,201.406,NA,NA,NA,NA
fixed,NA,(Intercept),816.337,14.071,58.014,112.169,0
fixed,NA,X_i,28.926,21.898,1.321,54.765,0.192
ran_pars,subj_id,sd__(Intercept),92.918,NA,NA,NA,NA
ran_pars,subj_id,cor__(Intercept).X_i,0.029,NA,NA,NA,NA
ran_pars,subj_id,sd__X_i,57.322,NA,NA,NA,NA
ran_pars,item_id,sd__(Intercept),72.025,NA,NA,NA,NA
ran_pars,Residual,sd__Observation,198.937,NA,NA,NA,NA
fixed,NA,(Intercept),822.745,13.776,59.725,113.904,0
fixed,NA,X_i,34.782,20.982,1.658,52.571,0.103
ran_pars,subj_id,sd__(Intercept),92.206,NA,NA,NA,NA
ran_pars,subj_id,cor__(Intercept).X_i,0.262,NA,NA,NA,NA
ran_pars,subj_id,sd__X_i,46.08,NA,NA,NA,NA
ran_pars,item_id,sd__(Intercept),69.517,NA,NA,NA,NA
ran_pars,Residual,sd__Observation,201.2,NA,NA,NA,NA
fixed,NA,(Intercept),793.795,15.359,51.684,118.986,0
fixed,NA,X_i,84.157,22.506,3.739,49.378,0
ran_pars,subj_id,sd__(Intercept),105.471,NA,NA,NA,NA
ran_pars,subj_id,cor__(Intercept).X_i,0.178,NA,NA,NA,NA
ran_pars,subj_id,sd__X_i,28.17,NA,NA,NA,NA
ran_pars,item_id,sd__(Intercept),76.328,NA,NA,NA,NA
ran_pars,Residual,sd__Observation,201.625,NA,NA,NA,NA
fixed,NA,(Intercept),808.62,15.946,50.709,123.244,0
fixed,NA,X_i,84.089,23.021,3.653,50.523,0.001
ran_pars,subj_id,sd__(Intercept),111.97,NA,NA,NA,NA
ran_pars,subj_id,cor__(Intercept).X_i,0.263,NA,NA,NA,NA
ran_pars,subj_id,sd__X_i,37.854,NA,NA,NA,NA
ran_pars,item_id,sd__(Intercept),77.901,NA,NA,NA,NA
ran_pars,Residual,sd__Observation,194.134,NA,NA,NA,NA
fixed,NA,(Intercept),788.463,15.7,50.219,113.678,0
fixed,NA,X_i,92.22,23.927,3.854,51.252,0
ran_pars,subj_id,sd__(Intercept),104.057,NA,NA,NA,NA
ran_pars,subj_id,cor__(Intercept).X_i,0.392,NA,NA,NA,NA
ran_pars,subj_id,sd__X_i,44.295,NA,NA,NA,NA
ran_pars,item_id,sd__(Intercept),80.703,NA,NA,NA,NA
ran_pars,Residual,sd__Observation,199.557,NA,NA,NA,NA
fixed,NA,(Intercept),807.802,15.087,53.543,103.725,0
fixed,NA,X_i,84.623,23.877,3.544,49.782,0.001
ran_pars,subj_id,sd__(Intercept),93.736,NA,NA,NA,NA
ran_pars,subj_id,cor__(Intercept).X_i,0.346,NA,NA,NA,NA
ran_pars,subj_id,sd__X_i,33.317,NA,NA,NA,NA
ran_pars,item_id,sd__(Intercept),81.204,NA,NA,NA,NA
ran_pars,Residual,sd__Observation,198.347,NA,NA,NA,NA
fixed,NA,(Intercept),805.512,13.322,60.466,105.465,0
fixed,NA,X_i,25.623,20.965,1.222,50.961,0.227
ran_pars,subj_id,sd__(Intercept),84.333,NA,NA,NA,NA
ran_pars,subj_id,cor__(Intercept).X_i,0.36,NA,NA,NA,NA
ran_pars,subj_id,sd__X_i,37.62,NA,NA,NA,NA
ran_pars,item_id,sd__(Intercept),70.176,NA,NA,NA,NA
ran_pars,Residual,sd__Observation,198.182,NA,NA,NA,NA
fixed,NA,(Intercept),790.768,13.874,56.997,128.267,0
fixed,NA,X_i,41.54,19.134,2.171,51.707,0.035
ran_pars,subj_id,sd__(Intercept),102.311,NA,NA,NA,NA
ran_pars,subj_id,cor__(Intercept).X_i,0.369,NA,NA,NA,NA
ran_pars,subj_id,sd__X_i,38.589,NA,NA,NA,NA
ran_pars,item_id,sd__(Intercept),63.175,NA,NA,NA,NA
ran_pars,Residual,sd__Observation,199.818,NA,NA,NA,NA
fixed,NA,(Intercept),802.914,15.476,51.88,101.226,0
fixed,NA,X_i,37.439,24.78,1.511,49.806,0.137
ran_pars,subj_id,sd__(Intercept),94.341,NA,NA,NA,NA
ran_pars,subj_id,cor__(Intercept).X_i,0.425,NA,NA,NA,NA
ran_pars,subj_id,sd__X_i,34.633,NA,NA,NA,NA
ran_pars,item_id,sd__(Intercept),84.458,NA,NA,NA,NA
ran_pars,Residual,sd__Observation,198.172,NA,NA,NA,NA
fixed,NA,(Intercept),795.341,15.698,50.664,108.479,0
fixed,NA,X_i,38.163,24.438,1.562,50.647,0.125
ran_pars,subj_id,sd__(Intercept),100.67,NA,NA,NA,NA
ran_pars,subj_id,cor__(Intercept).X_i,0.137,NA,NA,NA,NA
ran_pars,subj_id,sd__X_i,41.061,NA,NA,NA,NA
ran_pars,item_id,sd__(Intercept),82.729,NA,NA,NA,NA
ran_pars,Residual,sd__Observation,202.65,NA,NA,NA,NA
fixed,NA,(Intercept),805.784,16.15,49.893,110.043,0
fixed,NA,X_i,39.071,25.021,1.562,50.862,0.125
ran_pars,subj_id,sd__(Intercept),104.42,NA,NA,NA,NA
ran_pars,subj_id,cor__(Intercept).X_i,0.382,NA,NA,NA,NA
ran_pars,subj_id,sd__X_i,43.473,NA,NA,NA,NA
ran_pars,item_id,sd__(Intercept),84.811,NA,NA,NA,NA
ran_pars,Residual,sd__Observation,199.16,NA,NA,NA,NA
fixed,NA,(Intercept),769.24,13.281,57.922,117.056,0
fixed,NA,X_i,28.75,20.056,1.433,54.423,0.157
ran_pars,subj_id,sd__(Intercept),90.809,NA,NA,NA,NA
ran_pars,subj_id,cor__(Intercept).X_i,0.285,NA,NA,NA,NA
ran_pars,subj_id,sd__X_i,51.575,NA,NA,NA,NA
ran_pars,item_id,sd__(Intercept),65.679,NA,NA,NA,NA
ran_pars,Residual,sd__Observation,195.398,NA,NA,NA,NA
fixed,NA,(Intercept),784.53,16.549,47.406,98.503,0
fixed,NA,X_i,57.469,26.733,2.15,49.121,0.037
ran_pars,subj_id,sd__(Intercept),98.698,NA,NA,NA,NA
ran_pars,subj_id,cor__(Intercept).X_i,0.731,NA,NA,NA,NA
ran_pars,subj_id,sd__X_i,29.685,NA,NA,NA,NA
ran_pars,item_id,sd__(Intercept),91.717,NA,NA,NA,NA
ran_pars,Residual,sd__Observation,202.781,NA,NA,NA,NA
fixed,NA,(Intercept),788.942,15.512,50.859,102.386,0
fixed,NA,X_i,59.066,24.853,2.377,50.938,0.021
ran_pars,subj_id,sd__(Intercept),95.394,NA,NA,NA,NA
ran_pars,subj_id,cor__(Intercept).X_i,0.282,NA,NA,NA,NA
ran_pars,subj_id,sd__X_i,43.759,NA,NA,NA,NA
ran_pars,item_id,sd__(Intercept),84.14,NA,NA,NA,NA
ran_pars,Residual,sd__Observation,200.527,NA,NA,NA,NA
fixed,NA,(Intercept),809.377,14.591,55.469,119.187,0
fixed,NA,X_i,50.65,21.386,2.368,50.097,0.022
ran_pars,subj_id,sd__(Intercept),100.616,NA,NA,NA,NA
ran_pars,subj_id,cor__(Intercept).X_i,0.241,NA,NA,NA,NA
ran_pars,subj_id,sd__X_i,32.67,NA,NA,NA,NA
ran_pars,item_id,sd__(Intercept),72.004,NA,NA,NA,NA
ran_pars,Residual,sd__Observation,199.824,NA,NA,NA,NA
fixed,NA,(Intercept),787.84,17.93,43.94,101.471,0
fixed,NA,X_i,47.175,28.704,1.643,49.459,0.107
ran_pars,subj_id,sd__(Intercept),108.954,NA,NA,NA,NA
ran_pars,subj_id,cor__(Intercept).X_i,0.239,NA,NA,NA,NA
ran_pars,subj_id,sd__X_i,35.841,NA,NA,NA,NA
ran_pars,item_id,sd__(Intercept),98.712,NA,NA,NA,NA
ran_pars,Residual,sd__Observation,198.665,NA,NA,NA,NA
fixed,NA,(Intercept),803.52,14.972,53.669,109.312,0
fixed,NA,X_i,63.169,23.168,2.727,50.458,0.009
ran_pars,subj_id,sd__(Intercept),96.71,NA,NA,NA,NA
ran_pars,subj_id,cor__(Intercept).X_i,0.381,NA,NA,NA,NA
ran_pars,subj_id,sd__X_i,37.749,NA,NA,NA,NA
ran_pars,item_id,sd__(Intercept),78.301,NA,NA,NA,NA
ran_pars,Residual,sd__Observation,200.094,NA,NA,NA,NA
fixed,NA,(Intercept),814.511,14.448,56.374,127.862,0
fixed,NA,X_i,42.776,20.302,2.107,53.714,0.04
ran_pars,subj_id,sd__(Intercept),105.76,NA,NA,NA,NA
ran_pars,subj_id,cor__(Intercept).X_i,0.271,NA,NA,NA,NA
ran_pars,subj_id,sd__X_i,49.555,NA,NA,NA,NA
ran_pars,item_id,sd__(Intercept),66.659,NA,NA,NA,NA
ran_pars,Residual,sd__Observation,200.455,NA,NA,NA,NA
fixed,NA,(Intercept),833.066,15.856,52.538,99.081,0
fixed,NA,X_i,17.408,25.471,0.683,48.557,0.498
ran_pars,subj_id,sd__(Intercept),95.017,NA,NA,NA,NA
ran_pars,subj_id,cor__(Intercept).X_i,-0.048,NA,NA,NA,NA
ran_pars,subj_id,sd__X_i,20.503,NA,NA,NA,NA
ran_pars,item_id,sd__(Intercept),87.587,NA,NA,NA,NA
ran_pars,Residual,sd__Observation,196.4,NA,NA,NA,NA
fixed,NA,(Intercept),818.307,15.572,52.551,110.72,0
fixed,NA,X_i,119.517,24.045,4.971,51.057,0
ran_pars,subj_id,sd__(Intercept),101.299,NA,NA,NA,NA
ran_pars,subj_id,cor__(Intercept).X_i,0.265,NA,NA,NA,NA
ran_pars,subj_id,sd__X_i,43.237,NA,NA,NA,NA
ran_pars,item_id,sd__(Intercept),81.215,NA,NA,NA,NA
ran_pars,Residual,sd__Observation,199.338,NA,NA,NA,NA
fixed,NA,(Intercept),816.101,13.801,59.135,114.243,0
fixed,NA,X_i,78.822,20.692,3.809,49.701,0
ran_pars,subj_id,sd__(Intercept),92.461,NA,NA,NA,NA
ran_pars,subj_id,cor__(Intercept).X_i,0.478,NA,NA,NA,NA
ran_pars,subj_id,sd__X_i,28.803,NA,NA,NA,NA
ran_pars,item_id,sd__(Intercept),69.691,NA,NA,NA,NA
ran_pars,Residual,sd__Observation,197.874,NA,NA,NA,NA
fixed,NA,(Intercept),803.682,15.492,51.876,110.851,0
fixed,NA,X_i,36.643,23.638,1.55,49.012,0.128
ran_pars,subj_id,sd__(Intercept),100.968,NA,NA,NA,NA
ran_pars,subj_id,cor__(Intercept).X_i,0.45,NA,NA,NA,NA
ran_pars,subj_id,sd__X_i,25.476,NA,NA,NA,NA
ran_pars,item_id,sd__(Intercept),80.584,NA,NA,NA,NA
ran_pars,Residual,sd__Observation,202.344,NA,NA,NA,NA
fixed,NA,(Intercept),792.06,14.305,55.369,118.441,0
fixed,NA,X_i,43.406,21.596,2.01,55.443,0.049
ran_pars,subj_id,sd__(Intercept),98.38,NA,NA,NA,NA
ran_pars,subj_id,cor__(Intercept).X_i,0.232,NA,NA,NA,NA
ran_pars,subj_id,sd__X_i,59.142,NA,NA,NA,NA
ran_pars,item_id,sd__(Intercept),70.6,NA,NA,NA,NA
ran_pars,Residual,sd__Observation,202.023,NA,NA,NA,NA
fixed,NA,(Intercept),794.528,14.726,53.954,127.538,0
fixed,NA,X_i,47.344,20.385,2.322,49.898,0.024
ran_pars,subj_id,sd__(Intercept),107.34,NA,NA,NA,NA
ran_pars,subj_id,cor__(Intercept).X_i,0.177,NA,NA,NA,NA
ran_pars,subj_id,sd__X_i,30.016,NA,NA,NA,NA
ran_pars,item_id,sd__(Intercept),68.406,NA,NA,NA,NA
ran_pars,Residual,sd__Observation,200.635,NA,NA,NA,NA
fixed,NA,(Intercept),809.698,14.248,56.83,109.201,0
fixed,NA,X_i,51.309,21.778,2.356,48.375,0.023
ran_pars,subj_id,sd__(Intercept),92.218,NA,NA,NA,NA
ran_pars,subj_id,cor__(Intercept).X_i,-0.048,NA,NA,NA,NA
ran_pars,subj_id,sd__X_i,15.667,NA,NA,NA,NA
ran_pars,item_id,sd__(Intercept),74.138,NA,NA,NA,NA
ran_pars,Residual,sd__Observation,200.358,NA,NA,NA,NA
fixed,NA,(Intercept),788.326,15.097,52.219,104.971,0
fixed,NA,X_i,75.187,23.673,3.176,49.138,0.003
ran_pars,subj_id,sd__(Intercept),94.661,NA,NA,NA,NA
ran_pars,subj_id,cor__(Intercept).X_i,0.094,NA,NA,NA,NA
ran_pars,subj_id,sd__X_i,26.894,NA,NA,NA,NA
ran_pars,item_id,sd__(Intercept),80.705,NA,NA,NA,NA
ran_pars,Residual,sd__Observation,200.424,NA,NA,NA,NA
fixed,NA,(Intercept),804.805,14.148,56.886,120.005,0
fixed,NA,X_i,48.696,20.773,2.344,51.662,0.023
ran_pars,subj_id,sd__(Intercept),98.248,NA,NA,NA,NA
ran_pars,subj_id,cor__(Intercept).X_i,0.118,NA,NA,NA,NA
ran_pars,subj_id,sd__X_i,41.222,NA,NA,NA,NA
ran_pars,item_id,sd__(Intercept),69.199,NA,NA,NA,NA
ran_pars,Residual,sd__Observation,198.249,NA,NA,NA,NA
fixed,NA,(Intercept),815.39,15.65,52.103,110.215,0
fixed,NA,X_i,49.113,24.152,2.033,50.326,0.047
ran_pars,subj_id,sd__(Intercept),101.347,NA,NA,NA,NA
ran_pars,subj_id,cor__(Intercept).X_i,0.353,NA,NA,NA,NA
ran_pars,subj_id,sd__X_i,38.111,NA,NA,NA,NA
ran_pars,item_id,sd__(Intercept),82.036,NA,NA,NA,NA
ran_pars,Residual,sd__Observation,194.992,NA,NA,NA,NA
fixed,NA,(Intercept),789.562,16.638,47.456,82.911,0
fixed,NA,X_i,76.073,28.709,2.65,49.522,0.011
ran_pars,subj_id,sd__(Intercept),86.089,NA,NA,NA,NA
ran_pars,subj_id,cor__(Intercept).X_i,0.213,NA,NA,NA,NA
ran_pars,subj_id,sd__X_i,36.583,NA,NA,NA,NA
ran_pars,item_id,sd__(Intercept),98.651,NA,NA,NA,NA
ran_pars,Residual,sd__Observation,200.761,NA,NA,NA,NA
fixed,NA,(Intercept),781.2,17.481,44.689,92.14,0
fixed,NA,X_i,68.798,29.044,2.369,49.315,0.022
ran_pars,subj_id,sd__(Intercept),98.823,NA,NA,NA,NA
ran_pars,subj_id,cor__(Intercept).X_i,0.301,NA,NA,NA,NA
ran_pars,subj_id,sd__X_i,34.481,NA,NA,NA,NA
ran_pars,item_id,sd__(Intercept),99.976,NA,NA,NA,NA
ran_pars,Residual,sd__Observation,200.211,NA,NA,NA,NA
fixed,NA,(Intercept),806.918,13.901,58.048,104.34,0
fixed,NA,X_i,77.643,21.817,3.559,49.262,0.001
ran_pars,subj_id,sd__(Intercept),87.163,NA,NA,NA,NA
ran_pars,subj_id,cor__(Intercept).X_i,0.38,NA,NA,NA,NA
ran_pars,subj_id,sd__X_i,26.323,NA,NA,NA,NA
ran_pars,item_id,sd__(Intercept),73.875,NA,NA,NA,NA
ran_pars,Residual,sd__Observation,201.369,NA,NA,NA,NA
fixed,NA,(Intercept),807.715,14.497,55.715,106.003,0
fixed,NA,X_i,40.775,22.925,1.779,51.919,0.081
ran_pars,subj_id,sd__(Intercept),91.756,NA,NA,NA,NA
ran_pars,subj_id,cor__(Intercept).X_i,0.03,NA,NA,NA,NA
ran_pars,subj_id,sd__X_i,46.514,NA,NA,NA,NA
ran_pars,item_id,sd__(Intercept),76.767,NA,NA,NA,NA
ran_pars,Residual,sd__Observation,201.41,NA,NA,NA,NA
fixed,NA,(Intercept),802.088,15.945,50.302,108.961,0
fixed,NA,X_i,32.774,24.799,1.322,50.763,0.192
ran_pars,subj_id,sd__(Intercept),102.471,NA,NA,NA,NA
ran_pars,subj_id,cor__(Intercept).X_i,-0.055,NA,NA,NA,NA
ran_pars,subj_id,sd__X_i,42.43,NA,NA,NA,NA
ran_pars,item_id,sd__(Intercept),84.012,NA,NA,NA,NA
ran_pars,Residual,sd__Observation,201.144,NA,NA,NA,NA
fixed,NA,(Intercept),800.343,14.343,55.801,119.076,0
fixed,NA,X_i,80.249,21.206,3.784,51.638,0
ran_pars,subj_id,sd__(Intercept),98.819,NA,NA,NA,NA
ran_pars,subj_id,cor__(Intercept).X_i,0.017,NA,NA,NA,NA
ran_pars,subj_id,sd__X_i,41.757,NA,NA,NA,NA
ran_pars,item_id,sd__(Intercept),70.843,NA,NA,NA,NA
ran_pars,Residual,sd__Observation,196.1,NA,NA,NA,NA
fixed,NA,(Intercept),789.606,13.568,58.198,98.39,0
fixed,NA,X_i,89.745,22.482,3.992,54.857,0
ran_pars,subj_id,sd__(Intercept),81.527,NA,NA,NA,NA
ran_pars,subj_id,cor__(Intercept).X_i,0.049,NA,NA,NA,NA
ran_pars,subj_id,sd__X_i,59.156,NA,NA,NA,NA
ran_pars,item_id,sd__(Intercept),73.989,NA,NA,NA,NA
ran_pars,Residual,sd__Observation,201.555,NA,NA,NA,NA
fixed,NA,(Intercept),782.524,13.344,58.643,129.508,0
fixed,NA,X_i,69.819,18.294,3.817,54.306,0
ran_pars,subj_id,sd__(Intercept),99.987,NA,NA,NA,NA
ran_pars,subj_id,cor__(Intercept).X_i,0.198,NA,NA,NA,NA
ran_pars,subj_id,sd__X_i,47.259,NA,NA,NA,NA
ran_pars,item_id,sd__(Intercept),59.194,NA,NA,NA,NA
ran_pars,Residual,sd__Observation,200.051,NA,NA,NA,NA
fixed,NA,(Intercept),803.812,16.032,50.137,93.566,0
fixed,NA,X_i,96.514,26.359,3.662,48.621,0.001
ran_pars,subj_id,sd__(Intercept),91.958,NA,NA,NA,NA
ran_pars,subj_id,cor__(Intercept).X_i,0.374,NA,NA,NA,NA
ran_pars,subj_id,sd__X_i,22.19,NA,NA,NA,NA
ran_pars,item_id,sd__(Intercept),90.709,NA,NA,NA,NA
ran_pars,Residual,sd__Observation,198.824,NA,NA,NA,NA
fixed,NA,(Intercept),814.246,15.326,53.129,96.917,0
fixed,NA,X_i,25.836,24.996,1.034,50.001,0.306
ran_pars,subj_id,sd__(Intercept),90.582,NA,NA,NA,NA
ran_pars,subj_id,cor__(Intercept).X_i,0.01,NA,NA,NA,NA
ran_pars,subj_id,sd__X_i,36.757,NA,NA,NA,NA
ran_pars,item_id,sd__(Intercept),84.981,NA,NA,NA,NA
ran_pars,Residual,sd__Observation,204.853,NA,NA,NA,NA
fixed,NA,(Intercept),817.08,16.573,49.303,122.18,0
fixed,NA,X_i,43.205,24.04,1.797,50.019,0.078
ran_pars,subj_id,sd__(Intercept),115.469,NA,NA,NA,NA
ran_pars,subj_id,cor__(Intercept).X_i,0.284,NA,NA,NA,NA
ran_pars,subj_id,sd__X_i,35.531,NA,NA,NA,NA
ran_pars,item_id,sd__(Intercept),81.694,NA,NA,NA,NA
ran_pars,Residual,sd__Observation,198.033,NA,NA,NA,NA
fixed,NA,(Intercept),797.058,14.346,55.56,118.942,0
fixed,NA,X_i,54.502,20.929,2.604,49.464,0.012
ran_pars,subj_id,sd__(Intercept),99.079,NA,NA,NA,NA
ran_pars,subj_id,cor__(Intercept).X_i,0.617,NA,NA,NA,NA
ran_pars,subj_id,sd__X_i,27.383,NA,NA,NA,NA
ran_pars,item_id,sd__(Intercept),70.44,NA,NA,NA,NA
ran_pars,Residual,sd__Observation,204.935,NA,NA,NA,NA
fixed,NA,(Intercept),790.419,16.622,47.552,109.124,0
fixed,NA,X_i,57.864,25.843,2.239,50.525,0.03
ran_pars,subj_id,sd__(Intercept),106.673,NA,NA,NA,NA
ran_pars,subj_id,cor__(Intercept).X_i,0.196,NA,NA,NA,NA
ran_pars,subj_id,sd__X_i,42.212,NA,NA,NA,NA
ran_pars,item_id,sd__(Intercept),87.947,NA,NA,NA,NA
ran_pars,Residual,sd__Observation,197.676,NA,NA,NA,NA
fixed,NA,(Intercept),794.496,18.114,43.862,109.251,0
fixed,NA,X_i,49.368,28.008,1.763,49.289,0.084
ran_pars,subj_id,sd__(Intercept),116.073,NA,NA,NA,NA
ran_pars,subj_id,cor__(Intercept).X_i,0.17,NA,NA,NA,NA
ran_pars,subj_id,sd__X_i,33.069,NA,NA,NA,NA
ran_pars,item_id,sd__(Intercept),96.225,NA,NA,NA,NA
ran_pars,Residual,sd__Observation,202.316,NA,NA,NA,NA
fixed,NA,(Intercept),817.611,16.574,49.332,94.326,0
fixed,NA,X_i,24.619,27.345,0.9,49.791,0.372
ran_pars,subj_id,sd__(Intercept),95.554,NA,NA,NA,NA
ran_pars,subj_id,cor__(Intercept).X_i,0.093,NA,NA,NA,NA
ran_pars,subj_id,sd__X_i,37.77,NA,NA,NA,NA
ran_pars,item_id,sd__(Intercept),93.681,NA,NA,NA,NA
ran_pars,Residual,sd__Observation,198.18,NA,NA,NA,NA
fixed,NA,(Intercept),807.175,14.362,56.201,127.995,0
fixed,NA,X_i,26.044,19.798,1.316,50.058,0.194
ran_pars,subj_id,sd__(Intercept),105.16,NA,NA,NA,NA
ran_pars,subj_id,cor__(Intercept).X_i,0.271,NA,NA,NA,NA
ran_pars,subj_id,sd__X_i,30.323,NA,NA,NA,NA
ran_pars,item_id,sd__(Intercept),66.276,NA,NA,NA,NA
ran_pars,Residual,sd__Observation,197.967,NA,NA,NA,NA
fixed,NA,(Intercept),799.599,15.676,51.007,92.586,0
fixed,NA,X_i,31.926,25.987,1.229,49.488,0.225
ran_pars,subj_id,sd__(Intercept),89.239,NA,NA,NA,NA
ran_pars,subj_id,cor__(Intercept).X_i,-0.034,NA,NA,NA,NA
ran_pars,subj_id,sd__X_i,32.995,NA,NA,NA,NA
ran_pars,item_id,sd__(Intercept),88.933,NA,NA,NA,NA
ran_pars,Residual,sd__Observation,199.048,NA,NA,NA,NA
fixed,NA,(Intercept),772.372,14.095,54.798,125.394,0
fixed,NA,X_i,56.275,20.03,2.81,52.852,0.007
ran_pars,subj_id,sd__(Intercept),101.756,NA,NA,NA,NA
ran_pars,subj_id,cor__(Intercept).X_i,0.084,NA,NA,NA,NA
ran_pars,subj_id,sd__X_i,45.504,NA,NA,NA,NA
ran_pars,item_id,sd__(Intercept),65.909,NA,NA,NA,NA
ran_pars,Residual,sd__Observation,203.039,NA,NA,NA,NA
fixed,NA,(Intercept),794.311,17.126,46.381,114.495,0
fixed,NA,X_i,64.891,26.074,2.489,51.33,0.016
ran_pars,subj_id,sd__(Intercept),113.678,NA,NA,NA,NA
ran_pars,subj_id,cor__(Intercept).X_i,0.276,NA,NA,NA,NA
ran_pars,subj_id,sd__X_i,48.587,NA,NA,NA,NA
ran_pars,item_id,sd__(Intercept),88.307,NA,NA,NA,NA
ran_pars,Residual,sd__Observation,201.227,NA,NA,NA,NA
fixed,NA,(Intercept),783.434,15.508,50.517,118.159,0
fixed,NA,X_i,68.214,23.013,2.964,50.561,0.005
ran_pars,subj_id,sd__(Intercept),105.711,NA,NA,NA,NA
ran_pars,subj_id,cor__(Intercept).X_i,0.066,NA,NA,NA,NA
ran_pars,subj_id,sd__X_i,38.17,NA,NA,NA,NA
ran_pars,item_id,sd__(Intercept),77.798,NA,NA,NA,NA
ran_pars,Residual,sd__Observation,196.292,NA,NA,NA,NA
fixed,NA,(Intercept),789.061,14.698,53.683,102.427,0
fixed,NA,X_i,63.135,23.241,2.717,48.744,0.009
ran_pars,subj_id,sd__(Intercept),90.664,NA,NA,NA,NA
ran_pars,subj_id,cor__(Intercept).X_i,0.661,NA,NA,NA,NA
ran_pars,subj_id,sd__X_i,21.843,NA,NA,NA,NA
ran_pars,item_id,sd__(Intercept),79.273,NA,NA,NA,NA
ran_pars,Residual,sd__Observation,201.985,NA,NA,NA,NA
fixed,NA,(Intercept),806.579,15.174,53.154,115.903,0
fixed,NA,X_i,23.248,23.054,1.008,53.151,0.318
ran_pars,subj_id,sd__(Intercept),102.193,NA,NA,NA,NA
ran_pars,subj_id,cor__(Intercept).X_i,0.135,NA,NA,NA,NA
ran_pars,subj_id,sd__X_i,53.065,NA,NA,NA,NA
ran_pars,item_id,sd__(Intercept),76.776,NA,NA,NA,NA
ran_pars,Residual,sd__Observation,199.218,NA,NA,NA,NA
fixed,NA,(Intercept),820.785,15.106,54.335,109.697,0
fixed,NA,X_i,29.178,23.181,1.259,49.303,0.214
ran_pars,subj_id,sd__(Intercept),97.898,NA,NA,NA,NA
ran_pars,subj_id,cor__(Intercept).X_i,0.403,NA,NA,NA,NA
ran_pars,subj_id,sd__X_i,28.184,NA,NA,NA,NA
ran_pars,item_id,sd__(Intercept),78.727,NA,NA,NA,NA
ran_pars,Residual,sd__Observation,204.809,NA,NA,NA,NA
fixed,NA,(Intercept),774.884,14.418,53.744,106.474,0
fixed,NA,X_i,71.454,22.573,3.165,50.254,0.003
ran_pars,subj_id,sd__(Intercept),91.443,NA,NA,NA,NA
ran_pars,subj_id,cor__(Intercept).X_i,0.122,NA,NA,NA,NA
ran_pars,subj_id,sd__X_i,35.331,NA,NA,NA,NA
ran_pars,item_id,sd__(Intercept),76.357,NA,NA,NA,NA
ran_pars,Residual,sd__Observation,195.658,NA,NA,NA,NA
fixed,NA,(Intercept),790.785,16.635,47.538,84.738,0
fixed,NA,X_i,43.071,28.512,1.511,49.668,0.137
ran_pars,subj_id,sd__(Intercept),87.804,NA,NA,NA,NA
ran_pars,subj_id,cor__(Intercept).X_i,-0.043,NA,NA,NA,NA
ran_pars,subj_id,sd__X_i,38.013,NA,NA,NA,NA
ran_pars,item_id,sd__(Intercept),97.844,NA,NA,NA,NA
ran_pars,Residual,sd__Observation,201.968,NA,NA,NA,NA
fixed,NA,(Intercept),800.006,16.733,47.81,108.963,0
fixed,NA,X_i,35.859,25.961,1.381,50.004,0.173
ran_pars,subj_id,sd__(Intercept),107.288,NA,NA,NA,NA
ran_pars,subj_id,cor__(Intercept).X_i,0.014,NA,NA,NA,NA
ran_pars,subj_id,sd__X_i,38.015,NA,NA,NA,NA
ran_pars,item_id,sd__(Intercept),88.572,NA,NA,NA,NA
ran_pars,Residual,sd__Observation,199.805,NA,NA,NA,NA
fixed,NA,(Intercept),760.407,15.639,48.624,118.657,0
fixed,NA,X_i,29.591,23.116,1.28,50.46,0.206
ran_pars,subj_id,sd__(Intercept),107.017,NA,NA,NA,NA
ran_pars,subj_id,cor__(Intercept).X_i,0.576,NA,NA,NA,NA
ran_pars,subj_id,sd__X_i,37.694,NA,NA,NA,NA
ran_pars,item_id,sd__(Intercept),78.099,NA,NA,NA,NA
ran_pars,Residual,sd__Observation,200.617,NA,NA,NA,NA
fixed,NA,(Intercept),793.811,16.185,49.046,115.209,0
fixed,NA,X_i,54.52,24.503,2.225,51.212,0.031
ran_pars,subj_id,sd__(Intercept),108.125,NA,NA,NA,NA
ran_pars,subj_id,cor__(Intercept).X_i,0.297,NA,NA,NA,NA
ran_pars,subj_id,sd__X_i,44.97,NA,NA,NA,NA
ran_pars,item_id,sd__(Intercept),82.805,NA,NA,NA,NA
ran_pars,Residual,sd__Observation,198.859,NA,NA,NA,NA
fixed,NA,(Intercept),810.556,15.343,52.83,130.634,0
fixed,NA,X_i,53.065,21.047,2.521,52.442,0.015
ran_pars,subj_id,sd__(Intercept),113.954,NA,NA,NA,NA
ran_pars,subj_id,cor__(Intercept).X_i,0.263,NA,NA,NA,NA
ran_pars,subj_id,sd__X_i,45.603,NA,NA,NA,NA
ran_pars,item_id,sd__(Intercept),69.821,NA,NA,NA,NA
ran_pars,Residual,sd__Observation,200.6,NA,NA,NA,NA
fixed,NA,(Intercept),808.139,14.54,55.581,100.738,0
fixed,NA,X_i,105.539,23.307,4.528,49.903,0
ran_pars,subj_id,sd__(Intercept),88.565,NA,NA,NA,NA
ran_pars,subj_id,cor__(Intercept).X_i,0.346,NA,NA,NA,NA
ran_pars,subj_id,sd__X_i,33.63,NA,NA,NA,NA
ran_pars,item_id,sd__(Intercept),79.082,NA,NA,NA,NA
ran_pars,Residual,sd__Observation,198.639,NA,NA,NA,NA
fixed,NA,(Intercept),802.177,15.347,52.271,103.359,0
fixed,NA,X_i,72.278,24.395,2.963,50.222,0.005
ran_pars,subj_id,sd__(Intercept),95.02,NA,NA,NA,NA
ran_pars,subj_id,cor__(Intercept).X_i,0.329,NA,NA,NA,NA
ran_pars,subj_id,sd__X_i,37.671,NA,NA,NA,NA
ran_pars,item_id,sd__(Intercept),82.889,NA,NA,NA,NA
ran_pars,Residual,sd__Observation,197.708,NA,NA,NA,NA
fixed,NA,(Intercept),813.335,16.323,49.828,107.816,0
fixed,NA,X_i,8.904,25.202,0.353,48.129,0.725
ran_pars,subj_id,sd__(Intercept),103.907,NA,NA,NA,NA
ran_pars,subj_id,cor__(Intercept).X_i,0.686,NA,NA,NA,NA
ran_pars,subj_id,sd__X_i,11.311,NA,NA,NA,NA
ran_pars,item_id,sd__(Intercept),86.815,NA,NA,NA,NA
ran_pars,Residual,sd__Observation,196.614,NA,NA,NA,NA
fixed,NA,(Intercept),794.243,14.377,55.243,128.702,0
fixed,NA,X_i,75.852,19.963,3.8,52.529,0
ran_pars,subj_id,sd__(Intercept),105.772,NA,NA,NA,NA
ran_pars,subj_id,cor__(Intercept).X_i,0.423,NA,NA,NA,NA
ran_pars,subj_id,sd__X_i,43.813,NA,NA,NA,NA
ran_pars,item_id,sd__(Intercept),65.973,NA,NA,NA,NA
ran_pars,Residual,sd__Observation,197.244,NA,NA,NA,NA
fixed,NA,(Intercept),809.441,13.561,59.688,107.661,0
fixed,NA,X_i,49.738,21.271,2.338,52.2,0.023
ran_pars,subj_id,sd__(Intercept),87.069,NA,NA,NA,NA
ran_pars,subj_id,cor__(Intercept).X_i,0.098,NA,NA,NA,NA
ran_pars,subj_id,sd__X_i,44.816,NA,NA,NA,NA
ran_pars,item_id,sd__(Intercept),70.797,NA,NA,NA,NA
ran_pars,Residual,sd__Observation,198.145,NA,NA,NA,NA
fixed,NA,(Intercept),807.795,13.184,61.27,107.184,0
fixed,NA,X_i,80.84,20.848,3.878,53.543,0
ran_pars,subj_id,sd__(Intercept),84.508,NA,NA,NA,NA
ran_pars,subj_id,cor__(Intercept).X_i,0.271,NA,NA,NA,NA
ran_pars,subj_id,sd__X_i,49.988,NA,NA,NA,NA
ran_pars,item_id,sd__(Intercept),68.776,NA,NA,NA,NA
ran_pars,Residual,sd__Observation,197.578,NA,NA,NA,NA
fixed,NA,(Intercept),772.488,14.137,54.643,122.027,0
fixed,NA,X_i,63.542,20.506,3.099,52.13,0.003
ran_pars,subj_id,sd__(Intercept),99.695,NA,NA,NA,NA
ran_pars,subj_id,cor__(Intercept).X_i,0.34,NA,NA,NA,NA
ran_pars,subj_id,sd__X_i,43.154,NA,NA,NA,NA
ran_pars,item_id,sd__(Intercept),67.905,NA,NA,NA,NA
ran_pars,Residual,sd__Observation,203.04,NA,NA,NA,NA
fixed,NA,(Intercept),783.3,15.514,50.491,108.729,0
fixed,NA,X_i,41.243,24.086,1.712,50.341,0.093
ran_pars,subj_id,sd__(Intercept),99.645,NA,NA,NA,NA
ran_pars,subj_id,cor__(Intercept).X_i,0.102,NA,NA,NA,NA
ran_pars,subj_id,sd__X_i,38.202,NA,NA,NA,NA
ran_pars,item_id,sd__(Intercept),81.666,NA,NA,NA,NA
ran_pars,Residual,sd__Observation,199.962,NA,NA,NA,NA
fixed,NA,(Intercept),795.8,14.007,56.813,120.728,0
fixed,NA,X_i,13.751,20.729,0.663,54.107,0.51
ran_pars,subj_id,sd__(Intercept),97.743,NA,NA,NA,NA
ran_pars,subj_id,cor__(Intercept).X_i,0.094,NA,NA,NA,NA
ran_pars,subj_id,sd__X_i,51.959,NA,NA,NA,NA
ran_pars,item_id,sd__(Intercept),68.168,NA,NA,NA,NA
ran_pars,Residual,sd__Observation,196.648,NA,NA,NA,NA
fixed,NA,(Intercept),775.424,14.517,53.414,111.093,0
fixed,NA,X_i,27.182,22.522,1.207,52.841,0.233
ran_pars,subj_id,sd__(Intercept),95.035,NA,NA,NA,NA
ran_pars,subj_id,cor__(Intercept).X_i,0.201,NA,NA,NA,NA
ran_pars,subj_id,sd__X_i,50.478,NA,NA,NA,NA
ran_pars,item_id,sd__(Intercept),74.985,NA,NA,NA,NA
ran_pars,Residual,sd__Observation,199.737,NA,NA,NA,NA
fixed,NA,(Intercept),809.065,15.279,52.953,111.272,0
fixed,NA,X_i,79.96,23.355,3.424,49.751,0.001
ran_pars,subj_id,sd__(Intercept),99.85,NA,NA,NA,NA
ran_pars,subj_id,cor__(Intercept).X_i,0.704,NA,NA,NA,NA
ran_pars,subj_id,sd__X_i,32.415,NA,NA,NA,NA
ran_pars,item_id,sd__(Intercept),79.302,NA,NA,NA,NA
ran_pars,Residual,sd__Observation,199.555,NA,NA,NA,NA
fixed,NA,(Intercept),795.06,13.993,56.817,112.23,0
fixed,NA,X_i,44.168,21.72,2.034,54.301,0.047
ran_pars,subj_id,sd__(Intercept),92.437,NA,NA,NA,NA
ran_pars,subj_id,cor__(Intercept).X_i,0.151,NA,NA,NA,NA
ran_pars,subj_id,sd__X_i,55.047,NA,NA,NA,NA
ran_pars,item_id,sd__(Intercept),71.604,NA,NA,NA,NA
ran_pars,Residual,sd__Observation,197.763,NA,NA,NA,NA
fixed,NA,(Intercept),792.096,14.135,56.039,116.186,0
fixed,NA,X_i,32.37,21.517,1.504,54.481,0.138
ran_pars,subj_id,sd__(Intercept),95.753,NA,NA,NA,NA
ran_pars,subj_id,cor__(Intercept).X_i,0.221,NA,NA,NA,NA
ran_pars,subj_id,sd__X_i,55.297,NA,NA,NA,NA
ran_pars,item_id,sd__(Intercept),70.803,NA,NA,NA,NA
ran_pars,Residual,sd__Observation,198.007,NA,NA,NA,NA
fixed,NA,(Intercept),808.509,16.05,50.374,115.461,0
fixed,NA,X_i,35.768,24.202,1.478,50.905,0.146
ran_pars,subj_id,sd__(Intercept),107.563,NA,NA,NA,NA
ran_pars,subj_id,cor__(Intercept).X_i,-0.101,NA,NA,NA,NA
ran_pars,subj_id,sd__X_i,42.548,NA,NA,NA,NA
ran_pars,item_id,sd__(Intercept),81.752,NA,NA,NA,NA
ran_pars,Residual,sd__Observation,202.976,NA,NA,NA,NA
fixed,NA,(Intercept),800.651,16.547,48.386,120.674,0
fixed,NA,X_i,79.52,24.271,3.276,50.668,0.002
ran_pars,subj_id,sd__(Intercept),114.336,NA,NA,NA,NA
ran_pars,subj_id,cor__(Intercept).X_i,0.304,NA,NA,NA,NA
ran_pars,subj_id,sd__X_i,40.947,NA,NA,NA,NA
ran_pars,item_id,sd__(Intercept),82.146,NA,NA,NA,NA
ran_pars,Residual,sd__Observation,201.517,NA,NA,NA,NA
fixed,NA,(Intercept),804.301,14.725,54.621,130.464,0
fixed,NA,X_i,73.585,20,3.679,51.147,0.001
ran_pars,subj_id,sd__(Intercept),109.677,NA,NA,NA,NA
ran_pars,subj_id,cor__(Intercept).X_i,0.134,NA,NA,NA,NA
ran_pars,subj_id,sd__X_i,37.188,NA,NA,NA,NA
ran_pars,item_id,sd__(Intercept),66.545,NA,NA,NA,NA
ran_pars,Residual,sd__Observation,199.696,NA,NA,NA,NA
fixed,NA,(Intercept),790.461,14.55,54.326,105.741,0
fixed,NA,X_i,64.656,22.933,2.819,51.057,0.007
ran_pars,subj_id,sd__(Intercept),91.943,NA,NA,NA,NA
ran_pars,subj_id,cor__(Intercept).X_i,0.102,NA,NA,NA,NA
ran_pars,subj_id,sd__X_i,41.478,NA,NA,NA,NA
ran_pars,item_id,sd__(Intercept),77.124,NA,NA,NA,NA
ran_pars,Residual,sd__Observation,202.674,NA,NA,NA,NA
fixed,NA,(Intercept),786.073,14.75,53.291,115.739,0
fixed,NA,X_i,11.65,22.173,0.525,51.105,0.602
ran_pars,subj_id,sd__(Intercept),99.375,NA,NA,NA,NA
ran_pars,subj_id,cor__(Intercept).X_i,-0.181,NA,NA,NA,NA
ran_pars,subj_id,sd__X_i,40.42,NA,NA,NA,NA
ran_pars,item_id,sd__(Intercept),74.475,NA,NA,NA,NA
ran_pars,Residual,sd__Observation,198.622,NA,NA,NA,NA
fixed,NA,(Intercept),789.873,14.443,54.689,114.418,0
fixed,NA,X_i,20.674,21.737,0.951,50.23,0.346
ran_pars,subj_id,sd__(Intercept),96.632,NA,NA,NA,NA
ran_pars,subj_id,cor__(Intercept).X_i,-0.136,NA,NA,NA,NA
ran_pars,subj_id,sd__X_i,34.085,NA,NA,NA,NA
ran_pars,item_id,sd__(Intercept),73.24,NA,NA,NA,NA
ran_pars,Residual,sd__Observation,199.289,NA,NA,NA,NA
fixed,NA,(Intercept),803.384,15.515,51.78,110.575,0
fixed,NA,X_i,33.483,24.076,1.391,51.945,0.17
ran_pars,subj_id,sd__(Intercept),100.877,NA,NA,NA,NA
ran_pars,subj_id,cor__(Intercept).X_i,0.021,NA,NA,NA,NA
ran_pars,subj_id,sd__X_i,48.819,NA,NA,NA,NA
ran_pars,item_id,sd__(Intercept),80.916,NA,NA,NA,NA
ran_pars,Residual,sd__Observation,200.142,NA,NA,NA,NA
fixed,NA,(Intercept),796.073,16.53,48.16,92.169,0
fixed,NA,X_i,45.836,27.515,1.666,49.81,0.102
ran_pars,subj_id,sd__(Intercept),93.599,NA,NA,NA,NA
ran_pars,subj_id,cor__(Intercept).X_i,0.291,NA,NA,NA,NA
ran_pars,subj_id,sd__X_i,38.211,NA,NA,NA,NA
ran_pars,item_id,sd__(Intercept),94.266,NA,NA,NA,NA
ran_pars,Residual,sd__Observation,198.689,NA,NA,NA,NA
fixed,NA,(Intercept),837.545,16.132,51.918,110.811,0
fixed,NA,X_i,66.233,24.926,2.657,51.126,0.01
ran_pars,subj_id,sd__(Intercept),104.896,NA,NA,NA,NA
ran_pars,subj_id,cor__(Intercept).X_i,0.169,NA,NA,NA,NA
ran_pars,subj_id,sd__X_i,45.201,NA,NA,NA,NA
ran_pars,item_id,sd__(Intercept),84.277,NA,NA,NA,NA
ran_pars,Residual,sd__Observation,201.996,NA,NA,NA,NA
fixed,NA,(Intercept),785.301,15.997,49.091,111.924,0
fixed,NA,X_i,69.65,24.262,2.871,48.558,0.006
ran_pars,subj_id,sd__(Intercept),104.746,NA,NA,NA,NA
ran_pars,subj_id,cor__(Intercept).X_i,0.253,NA,NA,NA,NA
ran_pars,subj_id,sd__X_i,19.813,NA,NA,NA,NA
ran_pars,item_id,sd__(Intercept),83.133,NA,NA,NA,NA
ran_pars,Residual,sd__Observation,199.528,NA,NA,NA,NA
fixed,NA,(Intercept),812.207,16.614,48.885,99.751,0
fixed,NA,X_i,88.876,26.993,3.293,51.148,0.002
ran_pars,subj_id,sd__(Intercept),99.923,NA,NA,NA,NA
ran_pars,subj_id,cor__(Intercept).X_i,0.501,NA,NA,NA,NA
ran_pars,subj_id,sd__X_i,48.834,NA,NA,NA,NA
ran_pars,item_id,sd__(Intercept),91.756,NA,NA,NA,NA
ran_pars,Residual,sd__Observation,197.63,NA,NA,NA,NA
fixed,NA,(Intercept),787.992,15.198,51.849,114.174,0
fixed,NA,X_i,46.453,23.086,2.012,51.303,0.049
ran_pars,subj_id,sd__(Intercept),101.188,NA,NA,NA,NA
ran_pars,subj_id,cor__(Intercept).X_i,0.325,NA,NA,NA,NA
ran_pars,subj_id,sd__X_i,43.176,NA,NA,NA,NA
ran_pars,item_id,sd__(Intercept),77.692,NA,NA,NA,NA
ran_pars,Residual,sd__Observation,198.26,NA,NA,NA,NA
fixed,NA,(Intercept),797.574,14.64,54.479,121.316,0
fixed,NA,X_i,29.4,21.418,1.373,52.254,0.176
ran_pars,subj_id,sd__(Intercept),102.374,NA,NA,NA,NA
ran_pars,subj_id,cor__(Intercept).X_i,0.225,NA,NA,NA,NA
ran_pars,subj_id,sd__X_i,45.408,NA,NA,NA,NA
ran_pars,item_id,sd__(Intercept),71.214,NA,NA,NA,NA
ran_pars,Residual,sd__Observation,201.198,NA,NA,NA,NA
fixed,NA,(Intercept),795.756,13.388,59.44,125.632,0
fixed,NA,X_i,53.459,18.84,2.838,51.975,0.006
ran_pars,subj_id,sd__(Intercept),97.134,NA,NA,NA,NA
ran_pars,subj_id,cor__(Intercept).X_i,0.038,NA,NA,NA,NA
ran_pars,subj_id,sd__X_i,39.276,NA,NA,NA,NA
ran_pars,item_id,sd__(Intercept),62.042,NA,NA,NA,NA
ran_pars,Residual,sd__Observation,198.67,NA,NA,NA,NA
fixed,NA,(Intercept),806.797,15.564,51.838,98.982,0
fixed,NA,X_i,80.666,25.025,3.223,48.816,0.002
ran_pars,subj_id,sd__(Intercept),93.345,NA,NA,NA,NA
ran_pars,subj_id,cor__(Intercept).X_i,0.217,NA,NA,NA,NA
ran_pars,subj_id,sd__X_i,24.161,NA,NA,NA,NA
ran_pars,item_id,sd__(Intercept),85.733,NA,NA,NA,NA
ran_pars,Residual,sd__Observation,201.238,NA,NA,NA,NA
fixed,NA,(Intercept),814.57,16.422,49.602,100.656,0
fixed,NA,X_i,41.454,26.405,1.57,49.989,0.123
ran_pars,subj_id,sd__(Intercept),99.544,NA,NA,NA,NA
ran_pars,subj_id,cor__(Intercept).X_i,0.092,NA,NA,NA,NA
ran_pars,subj_id,sd__X_i,38.482,NA,NA,NA,NA
ran_pars,item_id,sd__(Intercept),90.114,NA,NA,NA,NA
ran_pars,Residual,sd__Observation,202.351,NA,NA,NA,NA
fixed,NA,(Intercept),807.251,16.146,49.998,98.917,0
fixed,NA,X_i,67.108,26.302,2.551,51.16,0.014
ran_pars,subj_id,sd__(Intercept),96.658,NA,NA,NA,NA
ran_pars,subj_id,cor__(Intercept).X_i,0.237,NA,NA,NA,NA
ran_pars,subj_id,sd__X_i,47.75,NA,NA,NA,NA
ran_pars,item_id,sd__(Intercept),89.193,NA,NA,NA,NA
ran_pars,Residual,sd__Observation,201.846,NA,NA,NA,NA
fixed,NA,(Intercept),782.57,16.134,48.504,112.85,0
fixed,NA,X_i,62.736,24.677,2.542,50.995,0.014
ran_pars,subj_id,sd__(Intercept),106.247,NA,NA,NA,NA
ran_pars,subj_id,cor__(Intercept).X_i,0.585,NA,NA,NA,NA
ran_pars,subj_id,sd__X_i,43.871,NA,NA,NA,NA
ran_pars,item_id,sd__(Intercept),83.493,NA,NA,NA,NA
ran_pars,Residual,sd__Observation,200.085,NA,NA,NA,NA
fixed,NA,(Intercept),788.127,14.359,54.889,102.679,0
fixed,NA,X_i,36.861,22.968,1.605,51.276,0.115
ran_pars,subj_id,sd__(Intercept),88.809,NA,NA,NA,NA
ran_pars,subj_id,cor__(Intercept).X_i,0.141,NA,NA,NA,NA
ran_pars,subj_id,sd__X_i,42.837,NA,NA,NA,NA
ran_pars,item_id,sd__(Intercept),77.207,NA,NA,NA,NA
ran_pars,Residual,sd__Observation,200.987,NA,NA,NA,NA
fixed,NA,(Intercept),813.245,16.52,49.227,114.235,0
fixed,NA,X_i,40.376,25.369,1.592,52.946,0.117
ran_pars,subj_id,sd__(Intercept),109.605,NA,NA,NA,NA
ran_pars,subj_id,cor__(Intercept).X_i,0.116,NA,NA,NA,NA
ran_pars,subj_id,sd__X_i,56.952,NA,NA,NA,NA
ran_pars,item_id,sd__(Intercept),85.104,NA,NA,NA,NA
ran_pars,Residual,sd__Observation,199.246,NA,NA,NA,NA
fixed,NA,(Intercept),761.537,16.152,47.147,112.017,0
fixed,NA,X_i,27.056,24.734,1.094,50.405,0.279
ran_pars,subj_id,sd__(Intercept),105.776,NA,NA,NA,NA
ran_pars,subj_id,cor__(Intercept).X_i,-0.002,NA,NA,NA,NA
ran_pars,subj_id,sd__X_i,39.619,NA,NA,NA,NA
ran_pars,item_id,sd__(Intercept),83.985,NA,NA,NA,NA
ran_pars,Residual,sd__Observation,199.34,NA,NA,NA,NA
fixed,NA,(Intercept),776.971,14.567,53.338,117.285,0
fixed,NA,X_i,35.387,21.655,1.634,50.591,0.108
ran_pars,subj_id,sd__(Intercept),99.128,NA,NA,NA,NA
ran_pars,subj_id,cor__(Intercept).X_i,0.315,NA,NA,NA,NA
ran_pars,subj_id,sd__X_i,36.346,NA,NA,NA,NA
ran_pars,item_id,sd__(Intercept),72.873,NA,NA,NA,NA
ran_pars,Residual,sd__Observation,196.534,NA,NA,NA,NA
fixed,NA,(Intercept),820.77,17.4,47.17,101.76,0
fixed,NA,X_i,59.406,27.806,2.136,49.461,0.038
ran_pars,subj_id,sd__(Intercept),106.068,NA,NA,NA,NA
ran_pars,subj_id,cor__(Intercept).X_i,0.486,NA,NA,NA,NA
ran_pars,subj_id,sd__X_i,34.837,NA,NA,NA,NA
ran_pars,item_id,sd__(Intercept),95.467,NA,NA,NA,NA
ran_pars,Residual,sd__Observation,199.754,NA,NA,NA,NA
fixed,NA,(Intercept),799.337,15.789,50.626,106.916,0
fixed,NA,X_i,34.889,24.5,1.424,48.516,0.161
ran_pars,subj_id,sd__(Intercept),100.088,NA,NA,NA,NA
ran_pars,subj_id,cor__(Intercept).X_i,0.744,NA,NA,NA,NA
ran_pars,subj_id,sd__X_i,19.369,NA,NA,NA,NA
ran_pars,item_id,sd__(Intercept),84.035,NA,NA,NA,NA
ran_pars,Residual,sd__Observation,198.502,NA,NA,NA,NA
fixed,NA,(Intercept),805.471,14.568,55.291,121.186,0
fixed,NA,X_i,67.335,21.224,3.173,51.215,0.003
ran_pars,subj_id,sd__(Intercept),101.742,NA,NA,NA,NA
ran_pars,subj_id,cor__(Intercept).X_i,0.412,NA,NA,NA,NA
ran_pars,subj_id,sd__X_i,39.532,NA,NA,NA,NA
ran_pars,item_id,sd__(Intercept),70.987,NA,NA,NA,NA
ran_pars,Residual,sd__Observation,199.019,NA,NA,NA,NA
fixed,NA,(Intercept),818.654,16.685,49.065,108.563,0
fixed,NA,X_i,55.768,25.877,2.155,49.654,0.036
ran_pars,subj_id,sd__(Intercept),106.765,NA,NA,NA,NA
ran_pars,subj_id,cor__(Intercept).X_i,-0.187,NA,NA,NA,NA
ran_pars,subj_id,sd__X_i,34.653,NA,NA,NA,NA
ran_pars,item_id,sd__(Intercept),88.383,NA,NA,NA,NA
ran_pars,Residual,sd__Observation,202.164,NA,NA,NA,NA
fixed,NA,(Intercept),814.492,15.956,51.047,102.519,0
fixed,NA,X_i,34.902,25.618,1.362,51.386,0.179
ran_pars,subj_id,sd__(Intercept),98.151,NA,NA,NA,NA
ran_pars,subj_id,cor__(Intercept).X_i,0.208,NA,NA,NA,NA
ran_pars,subj_id,sd__X_i,48.243,NA,NA,NA,NA
ran_pars,item_id,sd__(Intercept),86.619,NA,NA,NA,NA
ran_pars,Residual,sd__Observation,202.343,NA,NA,NA,NA
fixed,NA,(Intercept),766.179,13.945,54.943,112.826,0
fixed,NA,X_i,42.839,21.453,1.997,53.21,0.051
ran_pars,subj_id,sd__(Intercept),92.537,NA,NA,NA,NA
ran_pars,subj_id,cor__(Intercept).X_i,0.057,NA,NA,NA,NA
ran_pars,subj_id,sd__X_i,49.907,NA,NA,NA,NA
ran_pars,item_id,sd__(Intercept),71.034,NA,NA,NA,NA
ran_pars,Residual,sd__Observation,198.921,NA,NA,NA,NA
fixed,NA,(Intercept),818.079,13.829,59.155,114.202,0
fixed,NA,X_i,47.038,21.035,2.236,52.447,0.03
ran_pars,subj_id,sd__(Intercept),92.644,NA,NA,NA,NA
ran_pars,subj_id,cor__(Intercept).X_i,0.275,NA,NA,NA,NA
ran_pars,subj_id,sd__X_i,45.574,NA,NA,NA,NA
ran_pars,item_id,sd__(Intercept),69.837,NA,NA,NA,NA
ran_pars,Residual,sd__Observation,198.504,NA,NA,NA,NA
fixed,NA,(Intercept),808.026,16.374,49.35,115.002,0
fixed,NA,X_i,32.206,24.607,1.309,49.506,0.197
ran_pars,subj_id,sd__(Intercept),109.185,NA,NA,NA,NA
ran_pars,subj_id,cor__(Intercept).X_i,0.034,NA,NA,NA,NA
ran_pars,subj_id,sd__X_i,31.62,NA,NA,NA,NA
ran_pars,item_id,sd__(Intercept),83.964,NA,NA,NA,NA
ran_pars,Residual,sd__Observation,198.517,NA,NA,NA,NA
fixed,NA,(Intercept),776.565,17.526,44.308,102.945,0
fixed,NA,X_i,17.314,27.977,0.619,50.156,0.539
ran_pars,subj_id,sd__(Intercept),107.678,NA,NA,NA,NA
ran_pars,subj_id,cor__(Intercept).X_i,0.191,NA,NA,NA,NA
ran_pars,subj_id,sd__X_i,42.158,NA,NA,NA,NA
ran_pars,item_id,sd__(Intercept),95.765,NA,NA,NA,NA
ran_pars,Residual,sd__Observation,197.644,NA,NA,NA,NA
fixed,NA,(Intercept),806.184,17.227,46.798,93.521,0
fixed,NA,X_i,44.151,28.503,1.549,49.645,0.128
ran_pars,subj_id,sd__(Intercept),98.598,NA,NA,NA,NA
ran_pars,subj_id,cor__(Intercept).X_i,0.109,NA,NA,NA,NA
ran_pars,subj_id,sd__X_i,37.709,NA,NA,NA,NA
ran_pars,item_id,sd__(Intercept),97.823,NA,NA,NA,NA
ran_pars,Residual,sd__Observation,202.046,NA,NA,NA,NA
fixed,NA,(Intercept),827.158,16.2,51.058,82.249,0
fixed,NA,X_i,49.824,27.841,1.79,48.324,0.08
ran_pars,subj_id,sd__(Intercept),83.35,NA,NA,NA,NA
ran_pars,subj_id,cor__(Intercept).X_i,0.498,NA,NA,NA,NA
ran_pars,subj_id,sd__X_i,17.884,NA,NA,NA,NA
ran_pars,item_id,sd__(Intercept),96.077,NA,NA,NA,NA
ran_pars,Residual,sd__Observation,204.496,NA,NA,NA,NA
fixed,NA,(Intercept),787.296,16.448,47.865,101.679,0
fixed,NA,X_i,40.522,26.278,1.542,49.542,0.129
ran_pars,subj_id,sd__(Intercept),100.398,NA,NA,NA,NA
ran_pars,subj_id,cor__(Intercept).X_i,0.207,NA,NA,NA,NA
ran_pars,subj_id,sd__X_i,33.955,NA,NA,NA,NA
ran_pars,item_id,sd__(Intercept),89.934,NA,NA,NA,NA
ran_pars,Residual,sd__Observation,199.783,NA,NA,NA,NA
fixed,NA,(Intercept),784.39,13.245,59.22,119.452,0
fixed,NA,X_i,58.258,19.635,2.967,53.717,0.004
ran_pars,subj_id,sd__(Intercept),92.099,NA,NA,NA,NA
ran_pars,subj_id,cor__(Intercept).X_i,0.154,NA,NA,NA,NA
ran_pars,subj_id,sd__X_i,48.003,NA,NA,NA,NA
ran_pars,item_id,sd__(Intercept),64.36,NA,NA,NA,NA
ran_pars,Residual,sd__Observation,197.162,NA,NA,NA,NA
fixed,NA,(Intercept),774.052,14.792,52.329,121.301,0
fixed,NA,X_i,29.829,21.598,1.381,51.761,0.173
ran_pars,subj_id,sd__(Intercept),103.376,NA,NA,NA,NA
ran_pars,subj_id,cor__(Intercept).X_i,-0.037,NA,NA,NA,NA
ran_pars,subj_id,sd__X_i,43.245,NA,NA,NA,NA
ran_pars,item_id,sd__(Intercept),72.036,NA,NA,NA,NA
ran_pars,Residual,sd__Observation,201.911,NA,NA,NA,NA
fixed,NA,(Intercept),801.188,17.843,44.903,95.668,0
fixed,NA,X_i,69.705,29.216,2.386,49.19,0.021
ran_pars,subj_id,sd__(Intercept),103.78,NA,NA,NA,NA
ran_pars,subj_id,cor__(Intercept).X_i,-0.136,NA,NA,NA,NA
ran_pars,subj_id,sd__X_i,33.117,NA,NA,NA,NA
ran_pars,item_id,sd__(Intercept),100.709,NA,NA,NA,NA
ran_pars,Residual,sd__Observation,197.58,NA,NA,NA,NA
fixed,NA,(Intercept),805.005,14.949,53.849,101.939,0
fixed,NA,X_i,25.608,23.965,1.069,50.772,0.29
ran_pars,subj_id,sd__(Intercept),91.711,NA,NA,NA,NA
ran_pars,subj_id,cor__(Intercept).X_i,0.437,NA,NA,NA,NA
ran_pars,subj_id,sd__X_i,41.043,NA,NA,NA,NA
ran_pars,item_id,sd__(Intercept),81.105,NA,NA,NA,NA
ran_pars,Residual,sd__Observation,197.626,NA,NA,NA,NA
fixed,NA,(Intercept),795.417,14.381,55.31,122.425,0
fixed,NA,X_i,19.515,20.886,0.934,52.354,0.354
ran_pars,subj_id,sd__(Intercept),101.383,NA,NA,NA,NA
ran_pars,subj_id,cor__(Intercept).X_i,-0.013,NA,NA,NA,NA
ran_pars,subj_id,sd__X_i,44.851,NA,NA,NA,NA
ran_pars,item_id,sd__(Intercept),69.304,NA,NA,NA,NA
ran_pars,Residual,sd__Observation,199.578,NA,NA,NA,NA
fixed,NA,(Intercept),813.235,15.278,53.23,93.046,0
fixed,NA,X_i,24.621,25.506,0.965,51.317,0.339
ran_pars,subj_id,sd__(Intercept),87.406,NA,NA,NA,NA
ran_pars,subj_id,cor__(Intercept).X_i,0.297,NA,NA,NA,NA
ran_pars,subj_id,sd__X_i,47.456,NA,NA,NA,NA
ran_pars,item_id,sd__(Intercept),86.321,NA,NA,NA,NA
ran_pars,Residual,sd__Observation,199.792,NA,NA,NA,NA
fixed,NA,(Intercept),802.49,16.237,49.423,112.775,0
fixed,NA,X_i,39.992,24.916,1.605,51.573,0.115
ran_pars,subj_id,sd__(Intercept),106.89,NA,NA,NA,NA
ran_pars,subj_id,cor__(Intercept).X_i,0.442,NA,NA,NA,NA
ran_pars,subj_id,sd__X_i,48.195,NA,NA,NA,NA
ran_pars,item_id,sd__(Intercept),84.043,NA,NA,NA,NA
ran_pars,Residual,sd__Observation,201.584,NA,NA,NA,NA
fixed,NA,(Intercept),793.681,17.428,45.54,81.431,0
fixed,NA,X_i,28.56,30.27,0.944,49.553,0.35
ran_pars,subj_id,sd__(Intercept),88.567,NA,NA,NA,NA
ran_pars,subj_id,cor__(Intercept).X_i,-0.006,NA,NA,NA,NA
ran_pars,subj_id,sd__X_i,38.82,NA,NA,NA,NA
ran_pars,item_id,sd__(Intercept),104.238,NA,NA,NA,NA
ran_pars,Residual,sd__Observation,199.885,NA,NA,NA,NA
fixed,NA,(Intercept),825.17,15.386,53.63,109.122,0
fixed,NA,X_i,33.905,23.894,1.419,50.672,0.162
ran_pars,subj_id,sd__(Intercept),99.031,NA,NA,NA,NA
ran_pars,subj_id,cor__(Intercept).X_i,0.2,NA,NA,NA,NA
ran_pars,subj_id,sd__X_i,40.317,NA,NA,NA,NA
ran_pars,item_id,sd__(Intercept),80.931,NA,NA,NA,NA
ran_pars,Residual,sd__Observation,195.886,NA,NA,NA,NA
fixed,NA,(Intercept),804.954,15.986,50.354,93.746,0
fixed,NA,X_i,41.319,26.568,1.555,50.855,0.126
ran_pars,subj_id,sd__(Intercept),91.843,NA,NA,NA,NA
ran_pars,subj_id,cor__(Intercept).X_i,0.183,NA,NA,NA,NA
ran_pars,subj_id,sd__X_i,45.935,NA,NA,NA,NA
ran_pars,item_id,sd__(Intercept),90.351,NA,NA,NA,NA
ran_pars,Residual,sd__Observation,199.092,NA,NA,NA,NA
fixed,NA,(Intercept),773.636,14.891,51.955,120.659,0
fixed,NA,X_i,30.939,21.644,1.429,50.137,0.159
ran_pars,subj_id,sd__(Intercept),103.631,NA,NA,NA,NA
ran_pars,subj_id,cor__(Intercept).X_i,0.051,NA,NA,NA,NA
ran_pars,subj_id,sd__X_i,33.386,NA,NA,NA,NA
ran_pars,item_id,sd__(Intercept),72.829,NA,NA,NA,NA
ran_pars,Residual,sd__Observation,203.145,NA,NA,NA,NA
fixed,NA,(Intercept),786.675,14.039,56.034,131.956,0
fixed,NA,X_i,0.662,18.71,0.035,52.605,0.972
ran_pars,subj_id,sd__(Intercept),106.75,NA,NA,NA,NA
ran_pars,subj_id,cor__(Intercept).X_i,0.435,NA,NA,NA,NA
ran_pars,subj_id,sd__X_i,41.807,NA,NA,NA,NA
ran_pars,item_id,sd__(Intercept),61.272,NA,NA,NA,NA
ran_pars,Residual,sd__Observation,200.725,NA,NA,NA,NA
fixed,NA,(Intercept),784.914,15.792,49.704,118.929,0
fixed,NA,X_i,71.309,23.413,3.046,51.138,0.004
ran_pars,subj_id,sd__(Intercept),108.121,NA,NA,NA,NA
ran_pars,subj_id,cor__(Intercept).X_i,0.308,NA,NA,NA,NA
ran_pars,subj_id,sd__X_i,42.691,NA,NA,NA,NA
ran_pars,item_id,sd__(Intercept),78.932,NA,NA,NA,NA
ran_pars,Residual,sd__Observation,198.445,NA,NA,NA,NA
fixed,NA,(Intercept),769.96,14.506,53.08,99.594,0
fixed,NA,X_i,10.834,23.46,0.462,50.765,0.646
ran_pars,subj_id,sd__(Intercept),87.681,NA,NA,NA,NA
ran_pars,subj_id,cor__(Intercept).X_i,0.337,NA,NA,NA,NA
ran_pars,subj_id,sd__X_i,40.276,NA,NA,NA,NA
ran_pars,item_id,sd__(Intercept),79.152,NA,NA,NA,NA
ran_pars,Residual,sd__Observation,202.871,NA,NA,NA,NA
fixed,NA,(Intercept),788.267,16.034,49.163,94.429,0
fixed,NA,X_i,36.141,26.814,1.348,52.645,0.183
ran_pars,subj_id,sd__(Intercept),92.648,NA,NA,NA,NA
ran_pars,subj_id,cor__(Intercept).X_i,0.43,NA,NA,NA,NA
ran_pars,subj_id,sd__X_i,58.307,NA,NA,NA,NA
ran_pars,item_id,sd__(Intercept),90.344,NA,NA,NA,NA
ran_pars,Residual,sd__Observation,200.02,NA,NA,NA,NA
fixed,NA,(Intercept),802.285,13.446,59.666,102.398,0
fixed,NA,X_i,-15.366,21.564,-0.713,51.939,0.479
ran_pars,subj_id,sd__(Intercept),83.314,NA,NA,NA,NA
ran_pars,subj_id,cor__(Intercept).X_i,0.016,NA,NA,NA,NA
ran_pars,subj_id,sd__X_i,44.105,NA,NA,NA,NA
ran_pars,item_id,sd__(Intercept),71.854,NA,NA,NA,NA
ran_pars,Residual,sd__Observation,201.627,NA,NA,NA,NA
fixed,NA,(Intercept),810.303,15.16,53.452,114.71,0
fixed,NA,X_i,31.29,22.936,1.364,51.01,0.178
ran_pars,subj_id,sd__(Intercept),101.25,NA,NA,NA,NA
ran_pars,subj_id,cor__(Intercept).X_i,0.266,NA,NA,NA,NA
ran_pars,subj_id,sd__X_i,41.055,NA,NA,NA,NA
ran_pars,item_id,sd__(Intercept),77.314,NA,NA,NA,NA
ran_pars,Residual,sd__Observation,196.794,NA,NA,NA,NA
fixed,NA,(Intercept),792.31,15.789,50.183,120.778,0
fixed,NA,X_i,83.047,23.067,3.6,50.334,0.001
ran_pars,subj_id,sd__(Intercept),109.372,NA,NA,NA,NA
ran_pars,subj_id,cor__(Intercept).X_i,0.023,NA,NA,NA,NA
ran_pars,subj_id,sd__X_i,36.663,NA,NA,NA,NA
ran_pars,item_id,sd__(Intercept),78.024,NA,NA,NA,NA
ran_pars,Residual,sd__Observation,198.742,NA,NA,NA,NA
fixed,NA,(Intercept),817.001,15.234,53.63,104.912,0
fixed,NA,X_i,43.137,24.118,1.789,50.87,0.08
ran_pars,subj_id,sd__(Intercept),95.439,NA,NA,NA,NA
ran_pars,subj_id,cor__(Intercept).X_i,0.307,NA,NA,NA,NA
ran_pars,subj_id,sd__X_i,42.099,NA,NA,NA,NA
ran_pars,item_id,sd__(Intercept),81.535,NA,NA,NA,NA
ran_pars,Residual,sd__Observation,200.379,NA,NA,NA,NA
fixed,NA,(Intercept),816.477,14.684,55.604,120.748,0
fixed,NA,X_i,26.898,21.445,1.254,50.956,0.215
ran_pars,subj_id,sd__(Intercept),102.132,NA,NA,NA,NA
ran_pars,subj_id,cor__(Intercept).X_i,0.495,NA,NA,NA,NA
ran_pars,subj_id,sd__X_i,38.325,NA,NA,NA,NA
ran_pars,item_id,sd__(Intercept),71.947,NA,NA,NA,NA
ran_pars,Residual,sd__Observation,197.214,NA,NA,NA,NA
fixed,NA,(Intercept),819.097,17.919,45.711,110.711,0
fixed,NA,X_i,77.809,27.49,2.83,49.045,0.007
ran_pars,subj_id,sd__(Intercept),115.9,NA,NA,NA,NA
ran_pars,subj_id,cor__(Intercept).X_i,0.326,NA,NA,NA,NA
ran_pars,subj_id,sd__X_i,29.407,NA,NA,NA,NA
ran_pars,item_id,sd__(Intercept),94.553,NA,NA,NA,NA
ran_pars,Residual,sd__Observation,199.566,NA,NA,NA,NA
fixed,NA,(Intercept),782.065,16.174,48.352,102.142,0
fixed,NA,X_i,13.891,25.937,0.536,50.746,0.595
ran_pars,subj_id,sd__(Intercept),99.144,NA,NA,NA,NA
ran_pars,subj_id,cor__(Intercept).X_i,0.05,NA,NA,NA,NA
ran_pars,subj_id,sd__X_i,44.112,NA,NA,NA,NA
ran_pars,item_id,sd__(Intercept),88.092,NA,NA,NA,NA
ran_pars,Residual,sd__Observation,201.424,NA,NA,NA,NA
fixed,NA,(Intercept),802.765,14.918,53.812,111.97,0
fixed,NA,X_i,14.154,22.826,0.62,50.737,0.538
ran_pars,subj_id,sd__(Intercept),98.042,NA,NA,NA,NA
ran_pars,subj_id,cor__(Intercept).X_i,-0.153,NA,NA,NA,NA
ran_pars,subj_id,sd__X_i,39.119,NA,NA,NA,NA
ran_pars,item_id,sd__(Intercept),76.976,NA,NA,NA,NA
ran_pars,Residual,sd__Observation,198.989,NA,NA,NA,NA
fixed,NA,(Intercept),830.74,15.031,55.268,105.21,0
fixed,NA,X_i,10.498,23.538,0.446,49.084,0.658
ran_pars,subj_id,sd__(Intercept),94.405,NA,NA,NA,NA
ran_pars,subj_id,cor__(Intercept).X_i,0.227,NA,NA,NA,NA
ran_pars,subj_id,sd__X_i,26.072,NA,NA,NA,NA
ran_pars,item_id,sd__(Intercept),80.254,NA,NA,NA,NA
ran_pars,Residual,sd__Observation,199.939,NA,NA,NA,NA
fixed,NA,(Intercept),815.686,15.469,52.732,97.138,0
fixed,NA,X_i,49.207,25.177,1.954,49.599,0.056
ran_pars,subj_id,sd__(Intercept),91.409,NA,NA,NA,NA
ran_pars,subj_id,cor__(Intercept).X_i,0.077,NA,NA,NA,NA
ran_pars,subj_id,sd__X_i,33.169,NA,NA,NA,NA
ran_pars,item_id,sd__(Intercept),86.018,NA,NA,NA,NA
ran_pars,Residual,sd__Observation,196.72,NA,NA,NA,NA
fixed,NA,(Intercept),806.866,15.118,53.372,103.914,0
fixed,NA,X_i,24.742,24.058,1.028,51.03,0.309
ran_pars,subj_id,sd__(Intercept),94.067,NA,NA,NA,NA
ran_pars,subj_id,cor__(Intercept).X_i,0.039,NA,NA,NA,NA
ran_pars,subj_id,sd__X_i,43.056,NA,NA,NA,NA
ran_pars,item_id,sd__(Intercept),81.267,NA,NA,NA,NA
ran_pars,Residual,sd__Observation,199.655,NA,NA,NA,NA
fixed,NA,(Intercept),810.366,14.305,56.648,110.306,0
fixed,NA,X_i,60.802,22.182,2.741,52.141,0.008
ran_pars,subj_id,sd__(Intercept),93.273,NA,NA,NA,NA
ran_pars,subj_id,cor__(Intercept).X_i,0.217,NA,NA,NA,NA
ran_pars,subj_id,sd__X_i,46.329,NA,NA,NA,NA
ran_pars,item_id,sd__(Intercept),74.018,NA,NA,NA,NA
ran_pars,Residual,sd__Observation,200.873,NA,NA,NA,NA
fixed,NA,(Intercept),819.143,14.925,54.884,93.703,0
fixed,NA,X_i,79.457,24.822,3.201,51.148,0.002
ran_pars,subj_id,sd__(Intercept),85.909,NA,NA,NA,NA
ran_pars,subj_id,cor__(Intercept).X_i,0.113,NA,NA,NA,NA
ran_pars,subj_id,sd__X_i,45.114,NA,NA,NA,NA
ran_pars,item_id,sd__(Intercept),83.999,NA,NA,NA,NA
ran_pars,Residual,sd__Observation,197.909,NA,NA,NA,NA
fixed,NA,(Intercept),800.032,15.843,50.498,123.748,0
fixed,NA,X_i,6.16,22.56,0.273,48.948,0.786
ran_pars,subj_id,sd__(Intercept),111.883,NA,NA,NA,NA
ran_pars,subj_id,cor__(Intercept).X_i,0.574,NA,NA,NA,NA
ran_pars,subj_id,sd__X_i,23.788,NA,NA,NA,NA
ran_pars,item_id,sd__(Intercept),76.74,NA,NA,NA,NA
ran_pars,Residual,sd__Observation,200.496,NA,NA,NA,NA
fixed,NA,(Intercept),802.426,13.901,57.726,111.376,0
fixed,NA,X_i,77.16,21.326,3.618,51.294,0.001
ran_pars,subj_id,sd__(Intercept),91.411,NA,NA,NA,NA
ran_pars,subj_id,cor__(Intercept).X_i,0.047,NA,NA,NA,NA
ran_pars,subj_id,sd__X_i,40.184,NA,NA,NA,NA
ran_pars,item_id,sd__(Intercept),71.306,NA,NA,NA,NA
ran_pars,Residual,sd__Observation,199.711,NA,NA,NA,NA
fixed,NA,(Intercept),820.575,14.213,57.735,128.742,0
fixed,NA,X_i,71.778,19.68,3.647,52.61,0.001
ran_pars,subj_id,sd__(Intercept),104.853,NA,NA,NA,NA
ran_pars,subj_id,cor__(Intercept).X_i,-0.093,NA,NA,NA,NA
ran_pars,subj_id,sd__X_i,43.671,NA,NA,NA,NA
ran_pars,item_id,sd__(Intercept),64.853,NA,NA,NA,NA
ran_pars,Residual,sd__Observation,199.27,NA,NA,NA,NA
